Date,BBCA,BYAN,TPIA,BBRI,BMRI,DSSA,TLKM,ASII,BBNI,ICBP
2018-01-01,3723.9267578125,704.8021850585938,1457.071044921875,2289.992919921875,2728.36376953125,1390.0,3052.77734375,5383.9287109375,3732.6044921875,7495.2607421875
2018-01-02,3723.9267578125,711.451171875,1438.8577880859375,2283.70166015625,2677.206787109375,1410.0,3032.150634765625,5319.06201171875,3685.47509765625,7663.6943359375
2018-01-03,3723.9267578125,711.451171875,1402.4307861328125,2271.119140625,2626.050048828125,1390.0,2908.389404296875,5221.76220703125,3553.514404296875,7663.6943359375
2018-01-04,3779.190185546875,704.8021850585938,1347.790771484375,2233.371826171875,2668.6806640625,1390.0,2901.513916015625,5335.2783203125,3544.08837890625,7684.74853515625
2018-01-05,3783.440673828125,708.1266479492188,1384.217529296875,2258.53662109375,2668.6806640625,1390.0,2942.767578125,5383.9287109375,3506.385986328125,7811.07275390625
2018-01-06,3783.440673828125,708.1266479492188,1384.217529296875,2258.53662109375,2668.6806640625,1390.0,2942.767578125,5383.9287109375,3506.385986328125,7811.07275390625
2018-01-07,3783.440673828125,708.1266479492188,1384.217529296875,2258.53662109375,2668.6806640625,1390.0,2942.767578125,5383.9287109375,3506.385986328125,7811.07275390625
2018-01-08,3800.444580078125,691.5040283203125,1396.35986328125,2258.53662109375,2702.785400390625,1390.0,2929.016357421875,5383.9287109375,3506.385986328125,7579.47802734375
2018-01-09,3830.20263671875,698.1530151367188,1396.35986328125,2245.954345703125,2694.25927734375,1390.0,2887.7626953125,5302.84521484375,3506.385986328125,7474.20751953125
2018-01-10,3817.448974609375,631.6622924804688,1359.9332275390625,2220.78955078125,2694.25927734375,1390.0,2880.88671875,5367.7119140625,3496.95947265625,7347.8828125
2018-01-11,3859.959716796875,701.4774780273438,1341.7198486328125,2227.080322265625,2753.94189453125,1390.0,2867.135986328125,5351.49560546875,3496.95947265625,7347.8828125
2018-01-12,3813.1982421875,681.5303955078125,1341.7198486328125,2227.080322265625,2762.468505859375,1390.0,2839.63330078125,5302.84521484375,3496.95947265625,7453.1533203125
2018-01-13,3813.1982421875,681.5303955078125,1341.7198486328125,2227.080322265625,2762.468505859375,1390.0,2839.63330078125,5302.84521484375,3496.95947265625,7453.1533203125
2018-01-14,3813.1982421875,681.5303955078125,1341.7198486328125,2227.080322265625,2762.468505859375,1390.0,2839.63330078125,5302.84521484375,3496.95947265625,7453.1533203125
2018-01-15,3821.70068359375,718.1004028320312,1335.6485595703125,2233.371826171875,2796.57275390625,1390.0,2832.7578125,5302.84521484375,3581.791259765625,7453.1533203125
2018-01-16,3842.95556640625,708.1266479492188,1335.6485595703125,2271.119140625,2805.098876953125,1390.0,2894.63818359375,5335.2783203125,3619.49462890625,7453.1533203125
2018-01-17,3766.437255859375,708.1266479492188,1335.6485595703125,2283.70166015625,2762.468505859375,1390.0,2887.7626953125,5319.06201171875,3619.49462890625,7474.20751953125
2018-01-18,3838.70458984375,724.7493896484375,1311.364013671875,2277.410400390625,2770.994140625,1390.0,2867.135986328125,5383.9287109375,3581.791259765625,7474.20751953125
2018-01-19,3817.448974609375,714.7757568359375,1353.8619384765625,2277.410400390625,2753.94189453125,1390.0,2860.260009765625,5416.361328125,3553.514404296875,7326.828125
2018-01-20,3817.448974609375,714.7757568359375,1353.8619384765625,2277.410400390625,2753.94189453125,1390.0,2860.260009765625,5416.361328125,3553.514404296875,7326.828125
2018-01-21,3817.448974609375,714.7757568359375,1353.8619384765625,2277.410400390625,2753.94189453125,1390.0,2860.260009765625,5416.361328125,3553.514404296875,7326.828125
2018-01-22,3821.70068359375,711.451171875,1353.8619384765625,2296.283935546875,2753.94189453125,1390.0,2839.63330078125,5351.49560546875,3544.08837890625,7326.828125
2018-01-23,3851.45849609375,716.43798828125,1359.9332275390625,2466.145751953125,2788.046630859375,1390.0,2812.130859375,5529.87841796875,3638.34619140625,7453.1533203125
2018-01-24,3838.70458984375,724.7493896484375,1335.6485595703125,2409.525146484375,2813.625,1390.0,2736.4990234375,5659.61279296875,3666.623291015625,7453.1533203125
2018-01-25,3838.70458984375,726.41162109375,1572.4228515625,2371.778076171875,2779.5205078125,1390.0,2729.623046875,5659.61279296875,3619.49462890625,7432.09814453125
2018-01-26,3859.959716796875,726.41162109375,1535.9959716796875,2422.107421875,2796.57275390625,1390.0,2853.384521484375,5594.74462890625,3619.49462890625,7432.09814453125
2018-01-27,3859.959716796875,726.41162109375,1535.9959716796875,2422.107421875,2796.57275390625,1390.0,2853.384521484375,5594.74462890625,3619.49462890625,7432.09814453125
2018-01-28,3859.959716796875,726.41162109375,1535.9959716796875,2422.107421875,2796.57275390625,1390.0,2853.384521484375,5594.74462890625,3619.49462890625,7432.09814453125
2018-01-29,3876.964111328125,721.4247436523438,1572.4228515625,2390.65185546875,2788.046630859375,1390.0,2798.379638671875,5610.96142578125,3581.791259765625,7474.20751953125
2018-01-30,3876.964111328125,718.1004028320312,1584.564697265625,2340.322265625,2745.415771484375,1390.0,2729.623046875,5465.01220703125,3478.10791015625,7326.828125
2018-01-31,3864.211669921875,711.451171875,1584.564697265625,2327.740234375,2779.5205078125,1390.0,2743.37451171875,5513.662109375,3544.08837890625,7347.8828125
2018-02-01,3974.738525390625,698.1530151367188,1572.4228515625,2327.740234375,2796.57275390625,1390.0,2736.4990234375,5562.3115234375,3515.811279296875,7326.828125
2018-02-02,4076.763427734375,698.1530151367188,1578.4937744140625,2352.904541015625,2770.994140625,1390.0,2750.250244140625,5643.39501953125,3506.385986328125,7411.0458984375
2018-02-03,4076.763427734375,698.1530151367188,1578.4937744140625,2352.904541015625,2770.994140625,1390.0,2750.250244140625,5643.39501953125,3506.385986328125,7411.0458984375
2018-02-04,4076.763427734375,698.1530151367188,1578.4937744140625,2352.904541015625,2770.994140625,1390.0,2750.250244140625,5643.39501953125,3506.385986328125,7411.0458984375
2018-02-05,4047.007568359375,711.451171875,1542.06689453125,2378.069091796875,2770.994140625,1392.5,2757.125732421875,5529.87841796875,3496.95947265625,7368.9365234375
2018-02-06,4000.245361328125,718.1004028320312,1481.3555908203125,2315.1572265625,2736.8896484375,1392.5,2708.99658203125,5465.01220703125,3421.55322265625,7368.9365234375
2018-02-07,3995.993896484375,711.451171875,1438.8577880859375,2327.740234375,2770.994140625,1392.5,2736.4990234375,5481.228515625,3600.64306640625,7432.09814453125
2018-02-08,4030.002685546875,714.7757568359375,1438.8577880859375,2340.322265625,2788.046630859375,1392.5,2764.00146484375,5432.57861328125,3581.791259765625,7537.37060546875
2018-02-09,4008.746826171875,714.7757568359375,1620.99169921875,2334.031005859375,2805.098876953125,1392.5,2715.8720703125,5319.06201171875,3553.514404296875,7516.3154296875
2018-02-10,4008.746826171875,714.7757568359375,1620.99169921875,2334.031005859375,2805.098876953125,1392.5,2715.8720703125,5319.06201171875,3553.514404296875,7516.3154296875
2018-02-11,4008.746826171875,714.7757568359375,1620.99169921875,2334.031005859375,2805.098876953125,1392.5,2715.8720703125,5319.06201171875,3553.514404296875,7516.3154296875
2018-02-12,3995.993896484375,718.1004028320312,1469.21337890625,2390.65185546875,2796.57275390625,1392.5,2722.74755859375,5319.06201171875,3591.2177734375,7495.2607421875
2018-02-13,4047.007568359375,718.1004028320312,1469.21337890625,2440.981201171875,2822.151123046875,1392.5,2777.752685546875,5367.7119140625,3657.19775390625,7495.2607421875
2018-02-14,4030.002685546875,714.7757568359375,1481.3555908203125,2428.3984375,2830.67724609375,1392.5,2777.752685546875,5432.57861328125,3657.19775390625,7537.37060546875
2018-02-15,3987.491943359375,718.1004028320312,1542.06689453125,2415.816650390625,2830.67724609375,1392.5,2757.125732421875,5367.7119140625,3628.920654296875,7558.423828125
2018-02-16,3987.491943359375,718.1004028320312,1542.06689453125,2415.816650390625,2830.67724609375,1392.5,2757.125732421875,5367.7119140625,3628.920654296875,7558.423828125
2018-02-17,3987.491943359375,718.1004028320312,1542.06689453125,2415.816650390625,2830.67724609375,1392.5,2757.125732421875,5367.7119140625,3628.920654296875,7558.423828125
2018-02-18,3987.491943359375,718.1004028320312,1542.06689453125,2415.816650390625,2830.67724609375,1392.5,2757.125732421875,5367.7119140625,3628.920654296875,7558.423828125
2018-02-19,4123.52490234375,714.7757568359375,1554.2093505859375,2428.3984375,2890.3603515625,1392.5,2784.628173828125,5465.01220703125,3723.17822265625,7663.6943359375
2018-02-20,4085.265625,714.7757568359375,1505.6402587890625,2390.65185546875,3086.46142578125,1392.5,2798.379638671875,5383.9287109375,3742.029541015625,7474.20751953125
2018-02-21,4085.265625,718.1004028320312,1493.4981689453125,2390.65185546875,3001.2001953125,1392.5,2798.379638671875,5302.84521484375,3836.287109375,7432.09814453125
2018-02-22,4064.01123046875,711.451171875,1505.6402587890625,2371.778076171875,2941.51708984375,1392.5,2757.125732421875,5189.328125,3685.47509765625,7495.2607421875
2018-02-23,4123.52490234375,711.451171875,1517.7825927734375,2384.3603515625,2915.938720703125,1392.5,2770.876953125,5319.06201171875,3713.752197265625,7516.3154296875
2018-02-24,4123.52490234375,711.451171875,1517.7825927734375,2384.3603515625,2915.938720703125,1392.5,2770.876953125,5319.06201171875,3713.752197265625,7516.3154296875
2018-02-25,4123.52490234375,711.451171875,1517.7825927734375,2384.3603515625,2915.938720703125,1392.5,2770.876953125,5319.06201171875,3713.752197265625,7516.3154296875
2018-02-26,4000.245361328125,714.7757568359375,1505.6402587890625,2352.904541015625,2830.67724609375,1392.5,2770.876953125,5254.1953125,3704.326416015625,7516.3154296875
2018-02-27,4004.49560546875,714.7757568359375,1505.6402587890625,2371.778076171875,2873.30810546875,1392.5,2764.00146484375,5319.06201171875,3704.326416015625,7579.47802734375
2018-02-28,3940.730224609375,714.7757568359375,1493.4981689453125,2378.069091796875,2830.67724609375,1392.5,2750.250244140625,5237.97900390625,3666.623291015625,7558.423828125
2018-03-01,3940.730224609375,714.7757568359375,1432.78662109375,2384.3603515625,2856.255615234375,1392.5,2791.50390625,5237.97900390625,3628.920654296875,7579.47802734375
2018-03-02,3889.71728515625,714.7757568359375,1444.928955078125,2384.3603515625,2890.3603515625,1120.0,2798.379638671875,5286.62939453125,3591.2177734375,7663.6943359375
2018-03-03,3889.71728515625,714.7757568359375,1444.928955078125,2384.3603515625,2890.3603515625,1120.0,2798.379638671875,5286.62939453125,3591.2177734375,7663.6943359375
2018-03-04,3889.71728515625,714.7757568359375,1444.928955078125,2384.3603515625,2890.3603515625,1120.0,2798.379638671875,5286.62939453125,3591.2177734375,7663.6943359375
2018-03-05,3889.71728515625,714.7757568359375,1408.502197265625,2371.778076171875,2805.098876953125,1342.5,2764.00146484375,5286.62939453125,3600.64306640625,7579.47802734375
2018-03-06,3872.71337890625,714.7757568359375,1408.502197265625,2346.613037109375,2745.415771484375,1342.5,2764.00146484375,5221.76220703125,3459.256591796875,7516.3154296875
2018-03-07,3842.95556640625,711.451171875,1384.217529296875,2302.574951171875,2702.785400390625,1300.0,2750.250244140625,5075.8125,3421.55322265625,7347.8828125
2018-03-08,3961.98583984375,714.7757568359375,1366.0042724609375,2371.778076171875,2762.468505859375,1300.0,2846.5087890625,5092.0283203125,3525.237060546875,7411.0458984375
2018-03-09,3961.98583984375,714.7757568359375,1444.928955078125,2321.448486328125,2762.468505859375,1300.0,2853.384521484375,5043.37939453125,3544.08837890625,7579.47802734375
2018-03-10,3961.98583984375,714.7757568359375,1444.928955078125,2321.448486328125,2762.468505859375,1300.0,2853.384521484375,5043.37939453125,3544.08837890625,7579.47802734375
2018-03-11,3961.98583984375,714.7757568359375,1444.928955078125,2321.448486328125,2762.468505859375,1300.0,2853.384521484375,5043.37939453125,3544.08837890625,7579.47802734375
2018-03-12,4017.25,714.7757568359375,1457.071044921875,2365.486572265625,2839.203369140625,1300.0,2887.7626953125,5059.595703125,3525.237060546875,7663.6943359375
2018-03-13,3987.491943359375,714.7757568359375,1396.35986328125,2365.486572265625,2788.046630859375,1300.0,2812.130859375,4994.72900390625,3487.53369140625,7347.8828125
2018-03-14,3978.990478515625,714.7757568359375,1390.288818359375,2359.195556640625,2796.57275390625,1300.0,2791.50390625,4913.6455078125,3562.940185546875,7326.828125
2018-03-15,3974.738525390625,708.1266479492188,1426.715576171875,2289.992919921875,2728.36376953125,1300.0,2702.120849609375,4832.5625,3544.08837890625,7263.6669921875
2018-03-16,3970.48779296875,711.451171875,1432.78662109375,2315.1572265625,2702.785400390625,1300.0,2626.48876953125,4832.5625,3591.2177734375,7368.9365234375
2018-03-17,3970.48779296875,711.451171875,1432.78662109375,2315.1572265625,2702.785400390625,1300.0,2626.48876953125,4832.5625,3591.2177734375,7368.9365234375
2018-03-18,3970.48779296875,711.451171875,1432.78662109375,2315.1572265625,2702.785400390625,1300.0,2626.48876953125,4832.5625,3591.2177734375,7368.9365234375
2018-03-19,3970.48779296875,714.7757568359375,1444.928955078125,2321.448486328125,2753.94189453125,1300.0,2626.48876953125,4719.04638671875,3619.49462890625,7432.09814453125
2018-03-20,3957.73486328125,714.7757568359375,1414.5732421875,2352.904541015625,2762.468505859375,1300.0,2516.47900390625,4735.26220703125,3487.53369140625,7221.55810546875
2018-03-21,3974.738525390625,718.1004028320312,1469.21337890625,2396.94287109375,2796.57275390625,1300.0,2550.85693359375,4735.26220703125,3496.95947265625,7242.61279296875
2018-03-22,3987.491943359375,718.1004028320312,1432.78662109375,2308.8662109375,2728.36376953125,1300.0,2543.9814453125,4767.6953125,3355.57275390625,7368.9365234375
2018-03-23,4047.007568359375,718.1004028320312,1451.0,2264.827880859375,2745.415771484375,1300.0,2516.47900390625,4719.04638671875,3289.592529296875,7326.828125
2018-03-24,4047.007568359375,718.1004028320312,1451.0,2264.827880859375,2745.415771484375,1300.0,2516.47900390625,4719.04638671875,3289.592529296875,7326.828125
2018-03-25,4047.007568359375,718.1004028320312,1451.0,2264.827880859375,2745.415771484375,1300.0,2516.47900390625,4719.04638671875,3289.592529296875,7326.828125
2018-03-26,3957.73486328125,718.1004028320312,1493.4981689453125,2264.827880859375,2753.94189453125,1300.0,2468.34912109375,4686.61279296875,3449.831298828125,7200.50341796875
2018-03-27,3987.491943359375,716.43798828125,1511.71142578125,2264.827880859375,2728.36376953125,1300.0,2447.722412109375,4735.26220703125,3468.6826171875,7053.125
2018-03-28,3966.237060546875,711.451171875,1499.5692138671875,2233.371826171875,2660.15478515625,1300.0,2454.597900390625,4605.52880859375,3354.495849609375,7137.341796875
2018-03-29,3961.98583984375,711.451171875,1511.71142578125,2264.827880859375,2686.061767578125,1300.0,2475.224853515625,4735.26220703125,3364.19140625,6968.908203125
2018-03-30,3961.98583984375,711.451171875,1511.71142578125,2264.827880859375,2686.061767578125,1300.0,2475.224853515625,4735.26220703125,3364.19140625,6968.908203125
2018-03-31,3961.98583984375,711.451171875,1511.71142578125,2264.827880859375,2686.061767578125,1300.0,2475.224853515625,4735.26220703125,3364.19140625,6968.908203125
2018-04-01,3961.98583984375,711.451171875,1511.71142578125,2264.827880859375,2686.061767578125,1300.0,2475.224853515625,4735.26220703125,3364.19140625,6968.908203125
2018-04-02,3978.990478515625,711.451171875,1469.21337890625,2334.036376953125,2738.55810546875,1300.0,2523.3544921875,4897.4296875,3383.5810546875,7032.07080078125
2018-04-03,3978.990478515625,711.451171875,1469.21337890625,2334.036376953125,2729.80859375,1300.0,2495.85205078125,4978.51220703125,3344.80078125,6905.74658203125
2018-04-04,3961.98583984375,711.451171875,1481.3555908203125,2262.718505859375,2659.8134765625,1300.0,2475.224853515625,4913.6455078125,3209.070068359375,6863.638671875
2018-04-05,3919.474853515625,711.451171875,1469.21337890625,2249.75146484375,2677.312255859375,1300.0,2530.22998046875,4929.8623046875,3179.984619140625,6905.74658203125
2018-04-06,3864.211669921875,711.451171875,1481.3555908203125,2256.235107421875,2642.314697265625,1300.0,2509.60302734375,4881.212890625,3218.764892578125,6884.69189453125
2018-04-07,3864.211669921875,711.451171875,1481.3555908203125,2256.235107421875,2642.314697265625,1300.0,2509.60302734375,4881.212890625,3218.764892578125,6884.69189453125
2018-04-08,3864.211669921875,711.451171875,1481.3555908203125,2256.235107421875,2642.314697265625,1300.0,2509.60302734375,4881.212890625,3218.764892578125,6884.69189453125
2018-04-09,3872.71337890625,711.451171875,1493.4981689453125,2288.65234375,2651.064208984375,1300.0,2592.11083984375,5027.16162109375,3296.325439453125,6968.908203125
2018-04-10,3961.98583984375,711.451171875,1505.6402587890625,2321.0693359375,2756.05712890625,1300.0,2653.991455078125,5075.8125,3383.5810546875,7095.2333984375
2018-04-11,3966.237060546875,711.451171875,1511.71142578125,2366.453857421875,2817.302734375,1300.0,2660.866943359375,5156.89501953125,3325.410400390625,7074.1787109375
2018-04-12,3936.479736328125,711.451171875,1499.5692138671875,2327.552734375,2808.552978515625,1300.0,2578.359619140625,5010.94580078125,3354.495849609375,7032.07080078125
2018-04-13,3923.629638671875,718.1004028320312,1481.3555908203125,2301.619140625,2808.552978515625,1300.0,2516.47900390625,4881.212890625,3422.361572265625,7032.07080078125
2018-04-14,3923.629638671875,718.1004028320312,1481.3555908203125,2301.619140625,2808.552978515625,1300.0,2516.47900390625,4881.212890625,3422.361572265625,7032.07080078125
2018-04-15,3923.629638671875,718.1004028320312,1481.3555908203125,2301.619140625,2808.552978515625,1300.0,2516.47900390625,4881.212890625,3422.361572265625,7032.07080078125
2018-04-16,3923.629638671875,718.1004028320312,1481.3555908203125,2301.619140625,2808.552978515625,1300.0,2516.47900390625,4881.212890625,3422.361572265625,7032.07080078125
2018-04-17,3923.629638671875,736.38525390625,1481.3555908203125,2301.619140625,2808.552978515625,1300.0,2516.47900390625,4881.212890625,3422.361572265625,7032.07080078125
2018-04-18,3936.479736328125,721.4247436523438,1548.13818359375,2372.937255859375,2817.302734375,1300.0,2592.11083984375,4881.212890625,3402.97119140625,7011.0166015625
2018-04-19,3936.479736328125,724.7493896484375,1548.13818359375,2372.937255859375,2817.302734375,1300.0,2592.11083984375,4881.212890625,3402.97119140625,7011.0166015625
2018-04-20,3936.479736328125,724.7493896484375,1548.13818359375,2372.937255859375,2817.302734375,1300.0,2592.11083984375,4881.212890625,3402.97119140625,7011.0166015625
2018-04-21,3936.479736328125,724.7493896484375,1548.13818359375,2372.937255859375,2817.302734375,1300.0,2592.11083984375,4881.212890625,3402.97119140625,7011.0166015625
2018-04-22,3936.479736328125,724.7493896484375,1548.13818359375,2372.937255859375,2817.302734375,1300.0,2592.11083984375,4881.212890625,3402.97119140625,7011.0166015625
2018-04-23,3940.7626953125,731.3983764648438,1517.7825927734375,2321.0693359375,2799.8037109375,1300.0,2578.359619140625,4848.779296875,3383.5810546875,7053.125
2018-04-24,3927.91162109375,731.3983764648438,1517.7825927734375,2262.718505859375,2703.560546875,1300.0,2633.364501953125,4751.47900390625,3247.8505859375,7032.07080078125
2018-04-25,3927.91162109375,731.3983764648438,1517.7825927734375,2262.718505859375,2703.560546875,1300.0,2633.364501953125,4751.47900390625,3247.8505859375,7032.07080078125
2018-04-26,3927.91162109375,731.3983764648438,1517.7825927734375,2262.718505859375,2703.560546875,1300.0,2633.364501953125,4751.47900390625,3247.8505859375,7032.07080078125
2018-04-27,3927.91162109375,698.1530151367188,1517.7825927734375,2262.718505859375,2703.560546875,1300.0,2633.364501953125,4751.47900390625,3247.8505859375,7032.07080078125
2018-04-28,3927.91162109375,698.1530151367188,1517.7825927734375,2262.718505859375,2703.560546875,1300.0,2633.364501953125,4751.47900390625,3247.8505859375,7032.07080078125
2018-04-29,3927.91162109375,698.1530151367188,1517.7825927734375,2262.718505859375,2703.560546875,1300.0,2633.364501953125,4751.47900390625,3247.8505859375,7032.07080078125
2018-04-30,3786.558837890625,729.736083984375,1469.21337890625,2087.666015625,2493.5751953125,1300.0,2633.364501953125,4637.962890625,3121.81396484375,7305.77490234375
2018-05-01,3786.558837890625,729.736083984375,1469.21337890625,2087.666015625,2493.5751953125,1300.0,2633.364501953125,4637.962890625,3121.81396484375,7305.77490234375
2018-05-02,3923.629638671875,729.736083984375,1552.4881591796875,2094.149658203125,2519.8232421875,1190.0,2660.866943359375,4783.9130859375,3102.424072265625,7326.828125
2018-05-03,3820.826171875,729.736083984375,1528.0391845703125,2042.28173828125,2397.331787109375,1190.0,2571.48388671875,4719.04638671875,2995.778076171875,6905.74658203125
2018-05-04,3773.7080078125,728.0739135742188,1509.702880859375,1964.48046875,2318.587646484375,1190.0,2564.608642578125,4788.39404296875,2898.82763671875,6905.74658203125
2018-05-05,3773.7080078125,728.0739135742188,1509.702880859375,1964.48046875,2318.587646484375,1190.0,2564.608642578125,4788.39404296875,2898.82763671875,6905.74658203125
2018-05-06,3773.7080078125,728.0739135742188,1509.702880859375,1964.48046875,2318.587646484375,1190.0,2564.608642578125,4788.39404296875,2898.82763671875,6905.74658203125
2018-05-07,3820.826171875,728.0739135742188,1564.71240234375,1977.447998046875,2379.833251953125,1190.0,2612.737548828125,4672.8125,2840.656982421875,7221.55810546875
2018-05-08,3773.7080078125,728.0739135742188,1503.590576171875,1990.414306640625,2379.833251953125,1190.0,2580.04345703125,4590.25439453125,2840.656982421875,7116.2880859375
2018-05-09,3923.629638671875,728.0739135742188,1491.3660888671875,2081.18212890625,2511.073974609375,1190.0,2637.0615234375,4689.3251953125,3121.81396484375,7137.341796875
2018-05-10,3923.629638671875,728.0739135742188,1491.3660888671875,2081.18212890625,2511.073974609375,1190.0,2637.0615234375,4689.3251953125,3121.81396484375,7137.341796875
2018-05-11,3897.928466796875,728.0739135742188,1515.81494140625,2048.765380859375,2519.8232421875,1190.0,2587.171142578125,4656.30126953125,3209.070068359375,7053.125
2018-05-12,3897.928466796875,728.0739135742188,1515.81494140625,2048.765380859375,2519.8232421875,1190.0,2587.171142578125,4656.30126953125,3209.070068359375,7053.125
2018-05-13,3897.928466796875,728.0739135742188,1515.81494140625,2048.765380859375,2519.8232421875,1190.0,2587.171142578125,4656.30126953125,3209.070068359375,7053.125
2018-05-14,3936.479736328125,724.7493896484375,1503.590576171875,2068.2158203125,2519.8232421875,1190.0,2523.026123046875,4639.7900390625,3179.984619140625,7032.07080078125
2018-05-15,3803.692138671875,724.7493896484375,1479.1422119140625,1990.414306640625,2397.331787109375,1190.0,2401.864013671875,4573.74267578125,3131.509521484375,6905.74658203125
2018-05-16,3833.676513671875,724.7493896484375,1436.3568115234375,1990.414306640625,2397.331787109375,1190.0,2480.26318359375,4557.2314453125,3102.424072265625,6989.9638671875
2018-05-17,3769.425048828125,724.7493896484375,1436.3568115234375,1938.5469970703125,2344.8359375,1190.0,2487.390380859375,4441.6494140625,3024.863525390625,6884.69189453125
2018-05-18,3718.023681640625,724.7493896484375,1424.1326904296875,1906.1297607421875,2379.833251953125,1427.5,2487.390380859375,4309.5546875,2937.607421875,6737.31298828125
2018-05-19,3718.023681640625,724.7493896484375,1424.1326904296875,1906.1297607421875,2379.833251953125,1427.5,2487.390380859375,4309.5546875,2937.607421875,6737.31298828125
2018-05-20,3718.023681640625,724.7493896484375,1424.1326904296875,1906.1297607421875,2379.833251953125,1427.5,2487.390380859375,4309.5546875,2937.607421875,6737.31298828125
2018-05-21,3709.456787109375,724.7493896484375,1424.1326904296875,1789.42822265625,2336.086181640625,1427.5,2437.499755859375,4309.5546875,2830.9619140625,6737.31298828125
2018-05-22,3769.425048828125,724.7493896484375,1466.917724609375,1763.4940185546875,2283.58984375,1427.5,2473.1357421875,4590.25439453125,2763.096435546875,6821.5302734375
2018-05-23,3769.425048828125,581.7942504882812,1454.693359375,1867.228759765625,2371.08349609375,1427.5,2473.1357421875,4623.27734375,2792.181640625,6758.3671875
2018-05-24,3846.526611328125,698.1530151367188,1454.693359375,1983.9306640625,2449.828369140625,1427.5,2537.28076171875,4771.8828125,2976.387939453125,6947.85546875
2018-05-25,3863.660888671875,698.1530151367188,1418.0206298828125,2022.83154296875,2449.828369140625,1427.5,2537.28076171875,4788.39404296875,3092.72900390625,6989.9638671875
2018-05-26,3863.660888671875,698.1530151367188,1418.0206298828125,2022.83154296875,2449.828369140625,1427.5,2537.28076171875,4788.39404296875,3092.72900390625,6989.9638671875
2018-05-27,3863.660888671875,698.1530151367188,1418.0206298828125,2022.83154296875,2449.828369140625,1427.5,2537.28076171875,4788.39404296875,3092.72900390625,6989.9638671875
2018-05-28,3915.0625,728.0739135742188,1418.0206298828125,2107.116455078125,2581.06884765625,1427.5,2629.933837890625,4738.8603515625,3325.410400390625,7263.6669921875
2018-05-29,3915.0625,728.0739135742188,1418.0206298828125,2107.116455078125,2581.06884765625,1427.5,2629.933837890625,4738.8603515625,3325.410400390625,7263.6669921875
2018-05-30,3889.360595703125,738.0474853515625,1405.7960205078125,2035.798583984375,2537.322021484375,1427.5,2565.7890625,4623.27734375,3354.495849609375,7158.3955078125
2018-05-31,3889.360595703125,738.0474853515625,1430.24462890625,1996.897705078125,2467.326904296875,1427.5,2508.77197265625,4557.2314453125,3286.63037109375,7326.828125
2018-06-01,3889.360595703125,738.0474853515625,1430.24462890625,1996.897705078125,2467.326904296875,1427.5,2508.77197265625,4557.2314453125,3286.63037109375,7326.828125
2018-06-02,3889.360595703125,738.0474853515625,1430.24462890625,1996.897705078125,2467.326904296875,1427.5,2508.77197265625,4557.2314453125,3286.63037109375,7326.828125
2018-06-03,3889.360595703125,738.0474853515625,1430.24462890625,1996.897705078125,2467.326904296875,1427.5,2508.77197265625,4557.2314453125,3286.63037109375,7326.828125
2018-06-04,3927.91162109375,748.0211181640625,1363.0111083984375,2029.3154296875,2581.06884765625,1427.5,2594.29833984375,4623.27734375,3286.63037109375,7305.77490234375
2018-06-05,3893.645263671875,748.0211181640625,1356.8988037109375,2016.3485107421875,2572.31982421875,1427.5,2729.71484375,4623.27734375,3209.070068359375,7389.9912109375
2018-06-06,3945.046142578125,753.0078735351562,1332.4503173828125,2042.28173828125,2563.570068359375,1495.0,2701.2060546875,4606.76611328125,3199.374755859375,7453.1533203125
2018-06-07,3936.479736328125,756.33251953125,1344.6746826171875,2120.083251953125,2581.06884765625,1495.0,2686.951416015625,4606.76611328125,3276.935302734375,7579.47802734375
2018-06-08,3812.259521484375,746.4074096679688,1418.0206298828125,2035.798583984375,2432.32958984375,1550.0,2572.916748046875,4557.2314453125,3121.81396484375,7453.1533203125
2018-06-09,3812.259521484375,746.4074096679688,1418.0206298828125,2035.798583984375,2432.32958984375,1550.0,2572.916748046875,4557.2314453125,3121.81396484375,7453.1533203125
2018-06-10,3812.259521484375,746.4074096679688,1418.0206298828125,2035.798583984375,2432.32958984375,1550.0,2572.916748046875,4557.2314453125,3121.81396484375,7453.1533203125
2018-06-11,3812.259521484375,746.4074096679688,1418.0206298828125,2035.798583984375,2432.32958984375,1550.0,2572.916748046875,4557.2314453125,3121.81396484375,7453.1533203125
2018-06-12,3812.259521484375,746.4074096679688,1418.0206298828125,2035.798583984375,2432.32958984375,1550.0,2572.916748046875,4557.2314453125,3121.81396484375,7453.1533203125
2018-06-13,3812.259521484375,746.4074096679688,1418.0206298828125,2035.798583984375,2432.32958984375,1550.0,2572.916748046875,4557.2314453125,3121.81396484375,7453.1533203125
2018-06-14,3812.259521484375,746.4074096679688,1418.0206298828125,2035.798583984375,2432.32958984375,1550.0,2572.916748046875,4557.2314453125,3121.81396484375,7453.1533203125
2018-06-15,3812.259521484375,746.4074096679688,1418.0206298828125,2035.798583984375,2432.32958984375,1550.0,2572.916748046875,4557.2314453125,3121.81396484375,7453.1533203125
2018-06-16,3812.259521484375,746.4074096679688,1418.0206298828125,2035.798583984375,2432.32958984375,1550.0,2572.916748046875,4557.2314453125,3121.81396484375,7453.1533203125
2018-06-17,3812.259521484375,746.4074096679688,1418.0206298828125,2035.798583984375,2432.32958984375,1550.0,2572.916748046875,4557.2314453125,3121.81396484375,7453.1533203125
2018-06-18,3812.259521484375,746.4074096679688,1418.0206298828125,2035.798583984375,2432.32958984375,1550.0,2572.916748046875,4557.2314453125,3121.81396484375,7453.1533203125
2018-06-19,3812.259521484375,746.4074096679688,1418.0206298828125,2035.798583984375,2432.32958984375,1550.0,2572.916748046875,4557.2314453125,3121.81396484375,7453.1533203125
2018-06-20,3683.75634765625,749.9281005859375,1338.5623779296875,1919.0968017578125,2344.8359375,1750.0,2644.1884765625,4590.25439453125,2918.217529296875,7377.6611328125
2018-06-21,3623.78857421875,799.21923828125,1271.3287353515625,1886.6795654296875,2344.8359375,2100.0,2572.916748046875,4408.6259765625,2869.742431640625,7077.4072265625
2018-06-22,3756.574462890625,844.9893798828125,1289.6651611328125,1932.063720703125,2344.8359375,2520.0,2551.53515625,4359.09033203125,2869.742431640625,7206.08642578125
2018-06-23,3756.574462890625,844.9893798828125,1289.6651611328125,1932.063720703125,2344.8359375,2520.0,2551.53515625,4359.09033203125,2869.742431640625,7206.08642578125
2018-06-24,3756.574462890625,844.9893798828125,1289.6651611328125,1932.063720703125,2344.8359375,2520.0,2551.53515625,4359.09033203125,2869.742431640625,7206.08642578125
2018-06-25,3803.692138671875,841.46875,1320.225830078125,1873.7125244140625,2344.8359375,3022.5,2608.552490234375,4359.09033203125,2830.9619140625,7506.3408203125
2018-06-26,3662.33935546875,985.8209838867188,1369.123046875,1828.3287353515625,2318.587646484375,3000.0,2629.933837890625,4425.13720703125,2772.791748046875,7549.2353515625
2018-06-27,3658.05615234375,982.30029296875,1301.8895263671875,1841.2955322265625,2309.837890625,2790.0,2644.1884765625,4243.50927734375,2734.01123046875,7356.2138671875
2018-06-28,3589.5205078125,1021.0288696289062,1295.77734375,1782.944580078125,2274.84033203125,2300.0,2608.552490234375,4193.97314453125,2637.060546875,7313.32177734375
2018-06-29,3679.472900390625,1022.7894897460938,1369.123046875,1841.2955322265625,2397.331787109375,2005.0,2672.697509765625,4359.09033203125,2734.01123046875,7592.1279296875
2018-06-30,3679.472900390625,1022.7894897460938,1369.123046875,1841.2955322265625,2397.331787109375,2005.0,2672.697509765625,4359.09033203125,2734.01123046875,7592.1279296875
2018-07-01,3679.472900390625,1022.7894897460938,1369.123046875,1841.2955322265625,2397.331787109375,2005.0,2672.697509765625,4359.09033203125,2734.01123046875,7592.1279296875
2018-07-02,3675.189453125,1017.5081176757812,1308.0015869140625,1847.779052734375,2283.58984375,1855.0,2672.697509765625,4127.9267578125,2734.01123046875,7613.57470703125
2018-07-03,3529.552734375,1019.2684326171875,1289.6651611328125,1834.8118896484375,2213.5947265625,2040.0,2637.0615234375,4028.857177734375,2695.230712890625,7570.6796875
2018-07-04,3636.63818359375,1019.2684326171875,1338.5623779296875,1899.6463623046875,2309.837890625,2297.5,2679.824462890625,4127.9267578125,2792.181640625,7785.14892578125
2018-07-05,3636.63818359375,1029.8309326171875,1283.552978515625,1886.6795654296875,2283.58984375,2440.0,2729.71484375,4160.94970703125,2753.4013671875,7635.02001953125
2018-07-06,3585.237548828125,1102.0072021484375,1283.552978515625,1841.2955322265625,2204.845458984375,2440.0,2751.096435546875,4160.94970703125,2695.230712890625,7463.44677734375
2018-07-07,3585.237548828125,1102.0072021484375,1283.552978515625,1841.2955322265625,2204.845458984375,2440.0,2751.096435546875,4160.94970703125,2695.230712890625,7463.44677734375
2018-07-08,3585.237548828125,1102.0072021484375,1283.552978515625,1841.2955322265625,2204.845458984375,2440.0,2751.096435546875,4160.94970703125,2695.230712890625,7463.44677734375
2018-07-09,3752.2919921875,1123.1318359375,1295.77734375,1951.513671875,2248.592529296875,2500.0,2836.62255859375,4177.4619140625,2792.181640625,7527.787109375
2018-07-10,3752.2919921875,1190.02685546875,1301.8895263671875,1977.447998046875,2257.341796875,2050.0,2872.25830078125,4193.97314453125,2830.9619140625,7635.02001953125
2018-07-11,3825.1103515625,1235.797119140625,1289.6651611328125,1938.5469970703125,2222.34423828125,1855.0,2893.639892578125,4375.60205078125,2782.486572265625,7549.2353515625
2018-07-12,3910.779052734375,1237.557373046875,1271.3287353515625,1925.5799560546875,2257.341796875,2002.5,2922.148681640625,4408.6259765625,2724.31591796875,7570.6796875
2018-07-13,3945.046142578125,1239.31787109375,1265.2164306640625,1925.5799560546875,2309.837890625,2050.0,2865.13134765625,4491.1845703125,2811.57177734375,7613.57470703125
2018-07-14,3945.046142578125,1239.31787109375,1265.2164306640625,1925.5799560546875,2309.837890625,2050.0,2865.13134765625,4491.1845703125,2811.57177734375,7613.57470703125
2018-07-15,3945.046142578125,1239.31787109375,1265.2164306640625,1925.5799560546875,2309.837890625,2050.0,2865.13134765625,4491.1845703125,2811.57177734375,7613.57470703125
2018-07-16,3962.179443359375,1239.31787109375,1283.552978515625,1925.5799560546875,2292.339111328125,2052.5,2808.11376953125,4425.13720703125,2850.351806640625,7570.6796875
2018-07-17,3893.645263671875,1235.797119140625,1240.7679443359375,1860.7459716796875,2213.5947265625,2052.5,2808.11376953125,4375.60205078125,2879.437255859375,7442.0009765625
2018-07-18,3975.02978515625,1235.797119140625,1234.65576171875,1847.779052734375,2239.843017578125,2052.5,2858.004150390625,4392.115234375,2860.047119140625,7420.55419921875
2018-07-19,3975.02978515625,1302.6920166015625,1207.76220703125,1873.7125244140625,2231.093505859375,2400.0,2786.732177734375,4425.13720703125,2860.047119140625,7377.6611328125
2018-07-20,3957.896728515625,1297.410888671875,1195.5377197265625,1932.063720703125,2222.34423828125,2110.0,2843.74951171875,4408.6259765625,2811.57177734375,7377.6611328125
2018-07-21,3957.896728515625,1297.410888671875,1195.5377197265625,1932.063720703125,2222.34423828125,2110.0,2843.74951171875,4408.6259765625,2811.57177734375,7377.6611328125
2018-07-22,3957.896728515625,1297.410888671875,1195.5377197265625,1932.063720703125,2222.34423828125,2110.0,2843.74951171875,4408.6259765625,2811.57177734375,7377.6611328125
2018-07-23,4000.731201171875,1285.088134765625,1212.652099609375,1970.96435546875,2239.843017578125,2290.0,2893.639892578125,4408.6259765625,2830.9619140625,7442.0009765625
2018-07-24,4030.714599609375,1274.5257568359375,1234.65576171875,1951.513671875,2283.58984375,2175.0,2872.25830078125,4392.115234375,2850.351806640625,7442.0009765625
2018-07-25,4039.28125,1283.327880859375,1246.880126953125,1938.5469970703125,2266.09130859375,2150.0,2779.60498046875,4540.71923828125,2830.9619140625,7334.76708984375
2018-07-26,3996.44677734375,1278.046630859375,1234.65576171875,1970.96435546875,2292.339111328125,2100.0,2800.986572265625,4408.6259765625,2937.607421875,7420.55419921875
2018-07-27,3979.314208984375,1274.5257568359375,1217.54150390625,2003.381103515625,2301.088623046875,1955.0,2808.11376953125,4606.76611328125,2889.13232421875,7377.6611328125
2018-07-28,3979.314208984375,1274.5257568359375,1217.54150390625,2003.381103515625,2301.088623046875,1955.0,2808.11376953125,4606.76611328125,2889.13232421875,7377.6611328125
2018-07-29,3979.314208984375,1274.5257568359375,1217.54150390625,2003.381103515625,2301.088623046875,1955.0,2808.11376953125,4606.76611328125,2889.13232421875,7377.6611328125
2018-07-30,3987.88037109375,1337.900146484375,1222.4312744140625,1996.897705078125,2353.5849609375,2097.5,2786.732177734375,4689.3251953125,2908.5224609375,7527.787109375
2018-07-31,3987.88037109375,1390.7117919921875,1222.4312744140625,1990.414306640625,2327.3369140625,2097.5,2544.40771484375,4722.34814453125,2869.742431640625,7484.89453125
2018-08-01,4022.148681640625,1383.6702880859375,1246.880126953125,2068.2158203125,2449.828369140625,1817.5,2530.1533203125,4937.00048828125,3034.55859375,7484.89453125
2018-08-02,4017.8642578125,1381.90966796875,1259.104248046875,2107.116455078125,2467.326904296875,1825.0,2494.51708984375,4821.41943359375,3024.863525390625,7527.787109375
2018-08-03,4017.8642578125,1366.06640625,1265.2164306640625,2158.983642578125,2519.8232421875,1875.0,2466.0087890625,4705.83642578125,3063.643798828125,7527.787109375
2018-08-04,4017.8642578125,1366.06640625,1265.2164306640625,2158.983642578125,2519.8232421875,1875.0,2466.0087890625,4705.83642578125,3063.643798828125,7527.787109375
2018-08-05,4017.8642578125,1366.06640625,1265.2164306640625,2158.983642578125,2519.8232421875,1875.0,2466.0087890625,4705.83642578125,3063.643798828125,7527.787109375
2018-08-06,4077.83251953125,1380.1494140625,1228.543701171875,2210.85107421875,2554.820556640625,1850.0,2601.425048828125,4903.9775390625,3179.984619140625,7720.80810546875
2018-08-07,4077.83251953125,1408.3157958984375,1246.880126953125,2171.95068359375,2519.8232421875,1850.0,2551.53515625,4870.95361328125,3141.204345703125,7720.80810546875
2018-08-08,4099.25,1404.794921875,1301.8895263671875,2158.983642578125,2563.570068359375,1850.0,2530.1533203125,4903.9775390625,3141.204345703125,7677.9150390625
2018-08-09,4129.2333984375,1397.75341796875,1271.3287353515625,2158.983642578125,2546.071533203125,1850.0,2487.390380859375,4953.51220703125,3083.033935546875,7699.361328125
2018-08-10,4090.68359375,1394.2327880859375,1271.3287353515625,2197.88427734375,2572.31982421875,1847.5,2494.51708984375,4887.46484375,3092.72900390625,7699.361328125
2018-08-11,4090.68359375,1394.2327880859375,1271.3287353515625,2197.88427734375,2572.31982421875,1847.5,2494.51708984375,4887.46484375,3092.72900390625,7699.361328125
2018-08-12,4090.68359375,1394.2327880859375,1271.3287353515625,2197.88427734375,2572.31982421875,1847.5,2494.51708984375,4887.46484375,3092.72900390625,7699.361328125
2018-08-13,3996.44677734375,1161.8604736328125,1259.104248046875,2035.798583984375,2423.580322265625,1847.5,2401.864013671875,4689.3251953125,2869.742431640625,7334.76708984375
2018-08-14,4026.43115234375,1337.900146484375,1215.096923828125,2029.3154296875,2353.5849609375,1847.5,2387.609375,4507.6962890625,2830.9619140625,7034.51318359375
2018-08-15,4017.8642578125,1408.3157958984375,1212.652099609375,2081.18212890625,2379.833251953125,1847.5,2444.627197265625,4606.76611328125,2860.047119140625,7334.76708984375
2018-08-16,4005.01416015625,1404.794921875,1259.104248046875,1977.447998046875,2344.8359375,1847.5,2387.609375,4689.3251953125,2743.7060546875,7420.55419921875
2018-08-17,4005.01416015625,1404.794921875,1259.104248046875,1977.447998046875,2344.8359375,1847.5,2387.609375,4689.3251953125,2743.7060546875,7420.55419921875
2018-08-18,4005.01416015625,1404.794921875,1259.104248046875,1977.447998046875,2344.8359375,1847.5,2387.609375,4689.3251953125,2743.7060546875,7420.55419921875
2018-08-19,4005.01416015625,1404.794921875,1259.104248046875,1977.447998046875,2344.8359375,1847.5,2387.609375,4689.3251953125,2743.7060546875,7420.55419921875
2018-08-20,4094.966552734375,1403.0345458984375,1228.543701171875,2061.732421875,2353.5849609375,1800.0,2416.118408203125,4887.46484375,2821.266357421875,7377.6611328125
2018-08-21,4090.68359375,1394.2327880859375,1252.9920654296875,2042.28173828125,2344.8359375,1800.0,2387.609375,4937.00048828125,2860.047119140625,7549.2353515625
2018-08-22,4090.68359375,1394.2327880859375,1252.9920654296875,2042.28173828125,2344.8359375,1800.0,2387.609375,4937.00048828125,2860.047119140625,7549.2353515625
2018-08-23,4210.61962890625,1369.587158203125,1240.7679443359375,2120.083251953125,2397.331787109375,1562.5,2351.9736328125,4903.9775390625,2927.91259765625,7656.46728515625
2018-08-24,4296.28857421875,1383.6702880859375,1234.65576171875,2120.083251953125,2371.08349609375,1697.5,2344.84619140625,4870.95361328125,2879.437255859375,7613.57470703125
2018-08-25,4296.28857421875,1383.6702880859375,1234.65576171875,2120.083251953125,2371.08349609375,1697.5,2344.84619140625,4870.95361328125,2879.437255859375,7613.57470703125
2018-08-26,4296.28857421875,1383.6702880859375,1234.65576171875,2120.083251953125,2371.08349609375,1697.5,2344.84619140625,4870.95361328125,2879.437255859375,7613.57470703125
2018-08-27,4244.8876953125,1408.3157958984375,1222.4312744140625,2191.401123046875,2441.078857421875,1697.5,2466.0087890625,5003.04736328125,2976.387939453125,7549.2353515625
2018-08-28,4279.15380859375,1408.3157958984375,1289.6651611328125,2158.983642578125,2449.828369140625,1697.5,2551.53515625,4854.4423828125,3053.948486328125,7399.107421875
2018-08-29,4249.1708984375,1408.3157958984375,1283.552978515625,2133.050048828125,2449.828369140625,1677.5,2551.53515625,4937.00048828125,3044.25341796875,7570.6796875
2018-08-30,4296.28857421875,1387.1910400390625,1283.552978515625,2068.2158203125,2397.331787109375,1677.5,2501.644287109375,4937.00048828125,2956.997802734375,7549.2353515625
2018-08-31,4249.1708984375,1390.7117919921875,1344.6746826171875,2061.732421875,2414.830810546875,1677.5,2487.390380859375,4788.39404296875,3024.863525390625,7442.0009765625
2018-09-01,4249.1708984375,1390.7117919921875,1344.6746826171875,2061.732421875,2414.830810546875,1677.5,2487.390380859375,4788.39404296875,3024.863525390625,7442.0009765625
2018-09-02,4249.1708984375,1390.7117919921875,1344.6746826171875,2061.732421875,2414.830810546875,1677.5,2487.390380859375,4788.39404296875,3024.863525390625,7442.0009765625
2018-09-03,4244.8876953125,1366.06640625,1308.0015869140625,2055.24853515625,2344.8359375,1680.0,2487.390380859375,4689.3251953125,3044.25341796875,7463.44677734375
2018-09-04,4240.60205078125,1366.06640625,1234.65576171875,2016.3485107421875,2301.088623046875,1680.0,2437.499755859375,4672.8125,2908.5224609375,7420.55419921875
2018-09-05,4112.1005859375,1397.75341796875,1210.2071533203125,1899.6463623046875,2213.5947265625,1680.0,2330.592041015625,4474.67236328125,2743.7060546875,7206.08642578125
2018-09-06,4232.03759765625,1380.1494140625,1246.880126953125,1919.0968017578125,2292.339111328125,1680.0,2394.73681640625,4491.1845703125,2821.266357421875,7420.55419921875
2018-09-07,4257.73681640625,1380.1494140625,1215.096923828125,1964.48046875,2318.587646484375,1680.0,2416.118408203125,4738.8603515625,2850.351806640625,7592.1279296875
2018-09-08,4257.73681640625,1380.1494140625,1215.096923828125,1964.48046875,2318.587646484375,1680.0,2416.118408203125,4738.8603515625,2850.351806640625,7592.1279296875
2018-09-09,4257.73681640625,1380.1494140625,1215.096923828125,1964.48046875,2318.587646484375,1680.0,2416.118408203125,4738.8603515625,2850.351806640625,7592.1279296875
2018-09-10,4240.60205078125,1394.2327880859375,1246.880126953125,1925.5799560546875,2301.088623046875,1680.0,2408.990966796875,4738.8603515625,2821.266357421875,7635.02001953125
2018-09-11,4240.60205078125,1394.2327880859375,1246.880126953125,1925.5799560546875,2301.088623046875,1680.0,2408.990966796875,4738.8603515625,2821.266357421875,7635.02001953125
2018-09-12,4094.966552734375,1394.2327880859375,1183.3135986328125,1886.6795654296875,2231.093505859375,1680.0,2366.2275390625,4705.83642578125,2763.096435546875,7613.57470703125
2018-09-13,4112.1005859375,1394.2327880859375,1178.4237060546875,1945.0303955078125,2301.088623046875,1630.0,2458.88134765625,4672.8125,2850.351806640625,7592.1279296875
2018-09-14,4107.81689453125,1394.2327880859375,1197.982666015625,1990.414306640625,2362.33447265625,1630.0,2558.661865234375,4771.8828125,2918.217529296875,7656.46728515625
2018-09-15,4107.81689453125,1394.2327880859375,1197.982666015625,1990.414306640625,2362.33447265625,1630.0,2558.661865234375,4771.8828125,2918.217529296875,7656.46728515625
2018-09-16,4107.81689453125,1394.2327880859375,1197.982666015625,1990.414306640625,2362.33447265625,1630.0,2558.661865234375,4771.8828125,2918.217529296875,7656.46728515625
2018-09-17,4099.25,1394.2327880859375,1183.3135986328125,1925.5799560546875,2257.341796875,1630.0,2473.1357421875,4590.25439453125,2801.876708984375,7570.6796875
2018-09-18,4112.1005859375,1394.2327880859375,1185.758544921875,1906.1297607421875,2231.093505859375,1630.0,2544.40771484375,4639.7900390625,2801.876708984375,7527.787109375
2018-09-19,4112.1005859375,1387.1910400390625,1185.758544921875,1945.0303955078125,2239.843017578125,1630.0,2530.1533203125,4887.46484375,2782.486572265625,7484.89453125
2018-09-20,4103.53271484375,1394.2327880859375,1202.87255859375,2003.381103515625,2336.086181640625,1400.0,2565.7890625,4953.51220703125,2830.9619140625,7592.1279296875
2018-09-21,4060.69921875,1394.2327880859375,1228.543701171875,2022.83154296875,2397.331787109375,1410.0,2565.7890625,4788.39404296875,2966.69287109375,7677.9150390625
2018-09-22,4060.69921875,1394.2327880859375,1228.543701171875,2022.83154296875,2397.331787109375,1410.0,2565.7890625,4788.39404296875,2966.69287109375,7677.9150390625
2018-09-23,4060.69921875,1394.2327880859375,1228.543701171875,2022.83154296875,2397.331787109375,1410.0,2565.7890625,4788.39404296875,2966.69287109375,7677.9150390625
2018-09-24,4099.25,1380.1494140625,1234.65576171875,1951.513671875,2362.33447265625,1370.0,2523.026123046875,4705.83642578125,2860.047119140625,7549.2353515625
2018-09-25,4099.25,1387.1910400390625,1222.4312744140625,1964.48046875,2318.587646484375,1447.5,2537.28076171875,4755.37158203125,2850.351806640625,7592.1279296875
2018-09-26,4146.36767578125,1387.1910400390625,1193.09326171875,1938.5469970703125,2309.837890625,1235.0,2523.026123046875,4854.4423828125,2840.656982421875,7377.6611328125
2018-09-27,4112.1005859375,1387.1910400390625,1193.09326171875,1990.414306640625,2318.587646484375,1407.5,2551.53515625,4870.95361328125,2850.351806640625,7570.6796875
2018-09-28,4137.80078125,1306.2130126953125,1202.87255859375,2042.28173828125,2353.5849609375,1407.5,2594.29833984375,4854.4423828125,2869.742431640625,7570.6796875
2018-09-29,4137.80078125,1306.2130126953125,1202.87255859375,2042.28173828125,2353.5849609375,1407.5,2594.29833984375,4854.4423828125,2869.742431640625,7570.6796875
2018-09-30,4137.80078125,1306.2130126953125,1202.87255859375,2042.28173828125,2353.5849609375,1407.5,2594.29833984375,4854.4423828125,2869.742431640625,7570.6796875
2018-10-01,4103.53271484375,1383.6702880859375,1169.4451904296875,2061.732421875,2344.8359375,1407.5,2615.679931640625,4837.93017578125,2908.5224609375,7570.6796875
2018-10-02,4103.53271484375,1385.4306640625,1147.3336181640625,2016.3485107421875,2257.341796875,1407.5,2580.04345703125,4755.37158203125,2821.266357421875,7677.9150390625
2018-10-03,4099.25,1385.4306640625,1137.5064697265625,2009.8646240234375,2274.84033203125,1407.5,2565.7890625,4755.37158203125,2811.57177734375,7570.6796875
2018-10-04,4043.564697265625,1385.4306640625,1112.938232421875,1945.0303955078125,2178.59765625,1407.5,2565.7890625,4672.8125,2675.8408203125,7570.6796875
2018-10-05,3949.329833984375,1381.90966796875,1112.938232421875,1932.063720703125,2196.095947265625,1407.5,2515.899169921875,4629.515625,2666.145751953125,7549.2353515625
2018-10-06,3949.329833984375,1381.90966796875,1112.938232421875,1932.063720703125,2196.095947265625,1407.5,2515.899169921875,4629.515625,2666.145751953125,7549.2353515625
2018-10-07,3949.329833984375,1381.90966796875,1112.938232421875,1932.063720703125,2196.095947265625,1407.5,2515.899169921875,4629.515625,2666.145751953125,7549.2353515625
2018-10-08,4017.8642578125,1385.4306640625,1120.30859375,1925.5799560546875,2169.847900390625,1407.5,2508.77197265625,4562.9033203125,2646.755859375,7570.6796875
2018-10-09,4069.26611328125,1381.90966796875,1122.765625,1957.9971923828125,2222.34423828125,1407.5,2558.661865234375,4679.474609375,2646.755859375,7613.57470703125
2018-10-10,4005.01416015625,1383.6702880859375,1120.30859375,1951.513671875,2266.09130859375,1407.5,2565.7890625,4629.515625,2695.230712890625,7399.107421875
2018-10-11,3893.645263671875,1344.94140625,1122.765625,1886.6795654296875,2196.095947265625,1407.5,2544.40771484375,4479.638671875,2607.975341796875,7356.2138671875
2018-10-12,3983.59765625,1385.4306640625,1115.3948974609375,1912.6131591796875,2239.843017578125,1407.5,2622.806640625,4562.9033203125,2685.53564453125,7484.89453125
2018-10-13,3983.59765625,1385.4306640625,1115.3948974609375,1912.6131591796875,2239.843017578125,1407.5,2622.806640625,4562.9033203125,2685.53564453125,7484.89453125
2018-10-14,3983.59765625,1385.4306640625,1115.3948974609375,1912.6131591796875,2239.843017578125,1407.5,2622.806640625,4562.9033203125,2685.53564453125,7484.89453125
2018-10-15,4086.399169921875,1373.10791015625,1117.851806640625,1945.0303955078125,2231.093505859375,1407.5,2608.552490234375,4562.9033203125,2734.01123046875,7484.89453125
2018-10-16,4129.2333984375,1383.6702880859375,1112.938232421875,1945.0303955078125,2274.84033203125,1395.0,2694.078857421875,4646.16845703125,2811.57177734375,7506.3408203125
2018-10-17,4116.38330078125,1380.1494140625,1110.4815673828125,1990.414306640625,2301.088623046875,1367.5,2779.60498046875,4679.474609375,2840.656982421875,7549.2353515625
2018-10-18,4043.564697265625,1373.10791015625,1108.024658203125,2003.381103515625,2274.84033203125,1367.5,2679.824462890625,4679.474609375,2792.181640625,7592.1279296875
2018-10-19,4005.01416015625,1369.587158203125,1098.197265625,1957.9971923828125,2257.341796875,1367.5,2658.443115234375,4862.65673828125,2782.486572265625,7527.787109375
2018-10-20,4005.01416015625,1369.587158203125,1098.197265625,1957.9971923828125,2257.341796875,1367.5,2658.443115234375,4862.65673828125,2782.486572265625,7527.787109375
2018-10-21,4005.01416015625,1369.587158203125,1098.197265625,1957.9971923828125,2257.341796875,1367.5,2658.443115234375,4862.65673828125,2782.486572265625,7527.787109375
2018-10-22,3966.463134765625,1369.587158203125,1093.28369140625,1977.447998046875,2257.341796875,1367.5,2708.333251953125,4846.0029296875,2782.486572265625,7506.3408203125
2018-10-23,3932.196044921875,1359.024658203125,1098.197265625,1957.9971923828125,2248.592529296875,1367.5,2637.0615234375,4895.96240234375,2763.096435546875,7506.3408203125
2018-10-24,3880.794677734375,1373.10791015625,1132.5926513671875,1912.6131591796875,2213.5947265625,1395.0,2508.77197265625,4862.65673828125,2734.01123046875,7506.3408203125
2018-10-25,3923.629638671875,1366.06640625,1157.160888671875,1945.0303955078125,2266.09130859375,1395.0,2530.1533203125,4912.61572265625,2743.7060546875,7527.787109375
2018-10-26,4043.564697265625,1385.4306640625,1176.8154296875,1938.5469970703125,2257.341796875,1432.5,2587.171142578125,4945.92138671875,2753.4013671875,7527.787109375
2018-10-27,4043.564697265625,1385.4306640625,1176.8154296875,1938.5469970703125,2257.341796875,1432.5,2587.171142578125,4945.92138671875,2753.4013671875,7527.787109375
2018-10-28,4043.564697265625,1385.4306640625,1176.8154296875,1938.5469970703125,2257.341796875,1432.5,2587.171142578125,4945.92138671875,2753.4013671875,7527.787109375
2018-10-29,3962.179443359375,1380.1494140625,1179.2720947265625,1912.6131591796875,2239.843017578125,1432.5,2608.552490234375,4995.88037109375,2743.7060546875,7549.2353515625
2018-10-30,4026.43115234375,1380.1494140625,1186.6427001953125,1964.48046875,2283.58984375,1410.0,2708.333251953125,5129.10302734375,2782.486572265625,7420.55419921875
2018-10-31,4052.13232421875,1380.1494140625,1181.7293701171875,2042.28173828125,2397.331787109375,1410.0,2743.96923828125,5262.3271484375,2840.656982421875,7656.46728515625
2018-11-01,4077.83251953125,1380.1494140625,1184.1859130859375,2074.69921875,2528.572998046875,1497.5,2765.350830078125,5362.24462890625,2879.437255859375,7656.46728515625
2018-11-02,4112.1005859375,1378.3892822265625,1171.9017333984375,2126.566650390625,2598.56787109375,1497.5,2808.11376953125,5445.50927734375,3015.16845703125,7656.46728515625
2018-11-03,4112.1005859375,1378.3892822265625,1171.9017333984375,2126.566650390625,2598.56787109375,1497.5,2808.11376953125,5445.50927734375,3015.16845703125,7656.46728515625
2018-11-04,4112.1005859375,1378.3892822265625,1171.9017333984375,2126.566650390625,2598.56787109375,1497.5,2808.11376953125,5445.50927734375,3015.16845703125,7656.46728515625
2018-11-05,4142.0849609375,1380.1494140625,1184.1859130859375,2120.083251953125,2581.06884765625,1497.5,2772.477783203125,5495.46826171875,2947.302978515625,7699.361328125
2018-11-06,4180.634765625,1383.6702880859375,1171.9017333984375,2158.983642578125,2572.31982421875,1497.5,2772.477783203125,5395.55029296875,3005.473388671875,7684.68212890625
2018-11-07,4129.2333984375,1383.6702880859375,1184.1859130859375,2184.91748046875,2572.31982421875,1467.5,2815.240966796875,5478.8154296875,3024.863525390625,7533.57958984375
2018-11-08,4112.1005859375,1381.90966796875,1179.2720947265625,2236.784912109375,2624.816162109375,1400.0,2850.876953125,5462.162109375,3063.643798828125,7555.1650390625
2018-11-09,4112.1005859375,1383.6702880859375,1191.556396484375,2165.46728515625,2528.572998046875,1435.0,2793.859375,5445.50927734375,3102.424072265625,7404.06201171875
2018-11-10,4112.1005859375,1383.6702880859375,1191.556396484375,2165.46728515625,2528.572998046875,1435.0,2793.859375,5445.50927734375,3102.424072265625,7404.06201171875
2018-11-11,4112.1005859375,1383.6702880859375,1191.556396484375,2165.46728515625,2528.572998046875,1435.0,2793.859375,5445.50927734375,3102.424072265625,7404.06201171875
2018-11-12,4060.69921875,1383.6702880859375,1208.754150390625,2126.566650390625,2441.078857421875,1385.0,2751.096435546875,5245.67333984375,2947.302978515625,7274.544921875
2018-11-13,4124.9501953125,1394.2327880859375,1166.9881591796875,2171.95068359375,2502.324462890625,1385.0,2729.71484375,5328.9384765625,3063.643798828125,7382.4755859375
2018-11-14,4120.66796875,1390.7117919921875,1191.556396484375,2171.95068359375,2493.5751953125,1350.0,2672.697509765625,5445.50927734375,3112.119140625,7511.99267578125
2018-11-15,4142.0849609375,1390.7117919921875,1191.556396484375,2210.85107421875,2589.81884765625,1350.0,2786.732177734375,5678.6494140625,3199.374755859375,7533.57958984375
2018-11-16,4253.453125,1387.1910400390625,1198.927001953125,2262.718505859375,2607.3173828125,1350.0,2886.512939453125,5695.3037109375,3218.764892578125,7576.751953125
2018-11-17,4253.453125,1387.1910400390625,1198.927001953125,2262.718505859375,2607.3173828125,1350.0,2886.512939453125,5695.3037109375,3218.764892578125,7576.751953125
2018-11-18,4253.453125,1387.1910400390625,1198.927001953125,2262.718505859375,2607.3173828125,1350.0,2886.512939453125,5695.3037109375,3218.764892578125,7576.751953125
2018-11-19,4300.57080078125,1408.3157958984375,1216.1246337890625,2282.1689453125,2616.066650390625,1350.0,2815.240966796875,5661.99755859375,3257.545166015625,7576.751953125
2018-11-20,4300.57080078125,1408.3157958984375,1216.1246337890625,2282.1689453125,2616.066650390625,1350.0,2815.240966796875,5661.99755859375,3257.545166015625,7576.751953125
2018-11-21,4249.1708984375,1387.1910400390625,1271.4029541015625,2223.818359375,2546.071533203125,1350.0,2822.3681640625,5628.69140625,3199.374755859375,7641.5107421875
2018-11-22,4300.57080078125,1394.2327880859375,1271.4029541015625,2301.619140625,2563.570068359375,1350.0,2836.62255859375,5628.69140625,3257.545166015625,7727.8544921875
2018-11-23,4300.57080078125,1397.75341796875,1277.5450439453125,2256.235107421875,2554.820556640625,1350.0,2843.74951171875,5595.38525390625,3267.240234375,7706.26806640625
2018-11-24,4300.57080078125,1397.75341796875,1277.5450439453125,2256.235107421875,2554.820556640625,1350.0,2843.74951171875,5595.38525390625,3267.240234375,7706.26806640625
2018-11-25,4300.57080078125,1397.75341796875,1277.5450439453125,2256.235107421875,2554.820556640625,1350.0,2843.74951171875,5595.38525390625,3267.240234375,7706.26806640625
2018-11-26,4321.98876953125,1401.2742919921875,1289.8289794921875,2295.135498046875,2581.06884765625,1350.0,2843.74951171875,5545.42724609375,3267.240234375,7684.68212890625
2018-11-27,4369.10595703125,1397.75341796875,1277.5450439453125,2334.036376953125,2607.3173828125,1350.0,2765.350830078125,5595.38525390625,3354.495849609375,7727.8544921875
2018-11-28,4360.53955078125,1401.2742919921875,1252.9766845703125,2366.453857421875,2589.81884765625,1350.0,2651.315673828125,5595.38525390625,3315.715576171875,7771.02783203125
2018-11-29,4489.04296875,1401.2742919921875,1283.68701171875,2405.354248046875,2677.312255859375,1350.0,2665.570068359375,5645.34521484375,3402.97119140625,8375.4404296875
2018-11-30,4463.341796875,1401.2742919921875,1308.255126953125,2347.003173828125,2589.81884765625,1472.5,2622.806640625,5695.3037109375,3296.325439453125,8504.9580078125
2018-12-01,4463.341796875,1401.2742919921875,1308.255126953125,2347.003173828125,2589.81884765625,1472.5,2622.806640625,5695.3037109375,3296.325439453125,8504.9580078125
2018-12-02,4463.341796875,1401.2742919921875,1308.255126953125,2347.003173828125,2589.81884765625,1472.5,2622.806640625,5695.3037109375,3296.325439453125,8504.9580078125
2018-12-03,4434.97802734375,1397.75341796875,1302.11328125,2392.38720703125,2659.8134765625,1472.5,2637.0615234375,5728.609375,3393.276123046875,8310.6806640625
2018-12-04,4503.73828125,1397.75341796875,1289.8289794921875,2405.354248046875,2677.312255859375,1472.5,2694.078857421875,5678.6494140625,3412.66650390625,8418.6123046875
2018-12-05,4495.14306640625,1390.7117919921875,1277.5450439453125,2366.453857421875,2651.064208984375,1472.5,2686.951416015625,5545.42724609375,3393.276123046875,8418.6123046875
2018-12-06,4520.92822265625,1390.7117919921875,1302.11328125,2366.453857421875,2616.066650390625,1472.5,2644.1884765625,5395.55029296875,3354.495849609375,8375.4404296875
2018-12-07,4460.763671875,1390.7117919921875,1314.3970947265625,2347.003173828125,2624.816162109375,1472.5,2615.679931640625,5478.8154296875,3325.410400390625,8375.4404296875
2018-12-08,4460.763671875,1390.7117919921875,1314.3970947265625,2347.003173828125,2624.816162109375,1472.5,2615.679931640625,5478.8154296875,3325.410400390625,8375.4404296875
2018-12-09,4460.763671875,1390.7117919921875,1314.3970947265625,2347.003173828125,2624.816162109375,1472.5,2615.679931640625,5478.8154296875,3325.410400390625,8375.4404296875
2018-12-10,4452.1689453125,1390.7117919921875,1314.3970947265625,2340.51953125,2598.56787109375,1472.5,2622.806640625,5428.8564453125,3325.410400390625,8397.025390625
2018-12-11,4434.97802734375,1394.2327880859375,1326.68115234375,2347.003173828125,2607.3173828125,1472.5,2580.04345703125,5428.8564453125,3276.935302734375,8375.4404296875
2018-12-12,4439.2763671875,1401.2742919921875,1351.2496337890625,2347.003173828125,2616.066650390625,1472.5,2601.425048828125,5495.46826171875,3276.935302734375,8353.8544921875
2018-12-13,4439.2763671875,1404.794921875,1338.965576171875,2385.90380859375,2694.811279296875,1350.0,2672.697509765625,5628.69140625,3315.715576171875,8483.3720703125
2018-12-14,4439.2763671875,1406.555419921875,1351.2496337890625,2385.90380859375,2651.064208984375,1350.0,2658.443115234375,5628.69140625,3335.105712890625,8720.8193359375
2018-12-15,4439.2763671875,1406.555419921875,1351.2496337890625,2385.90380859375,2651.064208984375,1350.0,2658.443115234375,5628.69140625,3335.105712890625,8720.8193359375
2018-12-16,4439.2763671875,1406.555419921875,1351.2496337890625,2385.90380859375,2651.064208984375,1350.0,2658.443115234375,5628.69140625,3335.105712890625,8720.8193359375
2018-12-17,4439.2763671875,1351.9830322265625,1320.5394287109375,2334.036376953125,2589.81884765625,1350.0,2644.1884765625,5528.77392578125,3325.410400390625,8742.40625
2018-12-18,4353.32666015625,1350.2227783203125,1338.965576171875,2353.48681640625,2572.31982421875,1350.0,2665.570068359375,5578.7333984375,3344.80078125,8677.6474609375
2018-12-19,4495.14306640625,1323.81689453125,1400.3857421875,2379.420654296875,2598.56787109375,1350.0,2715.46044921875,5612.03857421875,3373.886474609375,8807.1640625
2018-12-20,4396.3017578125,1323.81689453125,1363.53369140625,2366.453857421875,2554.820556640625,1350.0,2665.570068359375,5645.34521484375,3364.19140625,9044.6123046875
2018-12-21,4443.57470703125,1323.81689453125,1400.3857421875,2347.003173828125,2528.572998046875,1350.0,2679.824462890625,5612.03857421875,3364.19140625,9087.7841796875
2018-12-22,4443.57470703125,1323.81689453125,1400.3857421875,2347.003173828125,2528.572998046875,1350.0,2679.824462890625,5612.03857421875,3364.19140625,9087.7841796875
2018-12-23,4443.57470703125,1323.81689453125,1400.3857421875,2347.003173828125,2528.572998046875,1350.0,2679.824462890625,5612.03857421875,3364.19140625,9087.7841796875
2018-12-24,4443.57470703125,1323.81689453125,1400.3857421875,2347.003173828125,2528.572998046875,1350.0,2679.824462890625,5612.03857421875,3364.19140625,9087.7841796875
2018-12-25,4443.57470703125,1323.81689453125,1400.3857421875,2347.003173828125,2528.572998046875,1350.0,2679.824462890625,5612.03857421875,3364.19140625,9087.7841796875
2018-12-26,4490.84619140625,1337.900146484375,1418.81201171875,2334.036376953125,2528.572998046875,1350.0,2658.443115234375,5412.203125,3373.886474609375,8850.3359375
2018-12-27,4465.06103515625,1337.900146484375,1375.817626953125,2372.937255859375,2546.071533203125,1350.0,2672.697509765625,5478.8154296875,3412.66650390625,9238.8876953125
2018-12-28,4469.3583984375,1399.513671875,1455.664306640625,2372.937255859375,2581.06884765625,1350.0,2672.697509765625,5478.8154296875,3412.66650390625,9023.02734375
2018-12-29,4469.3583984375,1399.513671875,1455.664306640625,2372.937255859375,2581.06884765625,1350.0,2672.697509765625,5478.8154296875,3412.66650390625,9023.02734375
2018-12-30,4469.3583984375,1399.513671875,1455.664306640625,2372.937255859375,2581.06884765625,1350.0,2672.697509765625,5478.8154296875,3412.66650390625,9023.02734375
2018-12-31,4469.3583984375,1399.513671875,1455.664306640625,2372.937255859375,2581.06884765625,1350.0,2672.697509765625,5478.8154296875,3412.66650390625,9023.02734375
2019-01-01,4469.3583984375,1399.513671875,1455.664306640625,2372.937255859375,2581.06884765625,1350.0,2672.697509765625,5478.8154296875,3412.66650390625,9023.02734375
2019-01-02,4503.73828125,1399.513671875,1474.0904541015625,2340.51953125,2563.570068359375,1350.0,2658.443115234375,5462.162109375,3383.5810546875,8979.853515625
2019-01-03,4452.1689453125,1399.513671875,1474.0904541015625,2347.003173828125,2511.073974609375,1350.0,2665.570068359375,5578.7333984375,3383.5810546875,9130.95703125
2019-01-04,4473.65576171875,1399.513671875,1455.664306640625,2372.937255859375,2607.3173828125,1350.0,2644.1884765625,5562.07958984375,3383.5810546875,9152.54296875
2019-01-05,4473.65576171875,1399.513671875,1455.664306640625,2372.937255859375,2607.3173828125,1350.0,2644.1884765625,5562.07958984375,3383.5810546875,9152.54296875
2019-01-06,4473.65576171875,1399.513671875,1455.664306640625,2372.937255859375,2607.3173828125,1350.0,2644.1884765625,5562.07958984375,3383.5810546875,9152.54296875
2019-01-07,4508.03515625,1323.81689453125,1449.5224609375,2372.937255859375,2598.56787109375,1350.0,2686.951416015625,5428.8564453125,3441.751953125,8936.6806640625
2019-01-08,4503.73828125,1253.401123046875,1418.81201171875,2385.90380859375,2572.31982421875,1497.5,2708.333251953125,5445.50927734375,3451.446533203125,8785.578125
2019-01-09,4516.63037109375,1244.59912109375,1406.5279541015625,2411.837646484375,2651.064208984375,1497.5,2658.443115234375,5462.162109375,3432.056640625,8850.3359375
2019-01-10,4516.63037109375,1232.2763671875,1400.3857421875,2431.287841796875,2694.811279296875,1497.5,2708.333251953125,5462.162109375,3432.056640625,8763.9931640625
2019-01-11,4512.3330078125,1253.401123046875,1424.9541015625,2418.321044921875,2694.811279296875,1550.0,2751.096435546875,5528.77392578125,3461.1416015625,8763.9931640625
2019-01-12,4512.3330078125,1253.401123046875,1424.9541015625,2418.321044921875,2694.811279296875,1550.0,2751.096435546875,5528.77392578125,3461.1416015625,8763.9931640625
2019-01-13,4512.3330078125,1253.401123046875,1424.9541015625,2418.321044921875,2694.811279296875,1550.0,2751.096435546875,5528.77392578125,3461.1416015625,8763.9931640625
2019-01-14,4469.3583984375,1267.4842529296875,1400.3857421875,2457.221923828125,2694.811279296875,1550.0,2743.96923828125,5428.8564453125,3441.751953125,8634.474609375
2019-01-15,4520.92822265625,1267.4842529296875,1388.1016845703125,2450.73828125,2729.80859375,1550.0,2800.986572265625,5428.8564453125,3490.227294921875,8720.8193359375
2019-01-16,4542.4150390625,1285.088134765625,1375.817626953125,2450.73828125,2729.80859375,1550.0,2843.74951171875,5495.46826171875,3587.177490234375,8656.0595703125
2019-01-17,4581.091796875,1285.088134765625,1363.53369140625,2470.188720703125,2756.05712890625,1550.0,2843.74951171875,5512.12109375,3587.177490234375,8634.474609375
2019-01-18,4662.74365234375,1260.442626953125,1338.965576171875,2476.671875,2756.05712890625,1550.0,2865.13134765625,5645.34521484375,3645.347900390625,8763.9931640625
2019-01-19,4662.74365234375,1260.442626953125,1338.965576171875,2476.671875,2756.05712890625,1550.0,2865.13134765625,5645.34521484375,3645.347900390625,8763.9931640625
2019-01-20,4662.74365234375,1260.442626953125,1338.965576171875,2476.671875,2756.05712890625,1550.0,2865.13134765625,5645.34521484375,3645.347900390625,8763.9931640625
2019-01-21,4765.88232421875,1295.650390625,1326.68115234375,2463.705322265625,2729.80859375,1782.5,2872.25830078125,5545.42724609375,3577.482421875,8807.1640625
2019-01-22,4813.1552734375,1274.5257568359375,1388.1016845703125,2444.2548828125,2712.31005859375,1782.5,2850.876953125,5462.162109375,3587.177490234375,9023.02734375
2019-01-23,4727.2060546875,1274.5257568359375,1375.817626953125,2444.2548828125,2616.066650390625,1782.5,2793.859375,5445.50927734375,3509.617431640625,9044.6123046875
2019-01-24,4692.826171875,1281.5673828125,1351.2496337890625,2457.221923828125,2616.066650390625,1782.5,2751.096435546875,5612.03857421875,3490.227294921875,9368.40625
2019-01-25,4727.2060546875,1281.5673828125,1320.5394287109375,2450.73828125,2581.06884765625,1500.0,2765.350830078125,5612.03857421875,3529.0068359375,9282.060546875
2019-01-26,4727.2060546875,1281.5673828125,1320.5394287109375,2450.73828125,2581.06884765625,1500.0,2765.350830078125,5612.03857421875,3529.0068359375,9282.060546875
2019-01-27,4727.2060546875,1281.5673828125,1320.5394287109375,2450.73828125,2581.06884765625,1500.0,2765.350830078125,5612.03857421875,3529.0068359375,9282.060546875
2019-01-28,4722.908203125,1274.5257568359375,1351.2496337890625,2450.73828125,2511.073974609375,1500.0,2694.078857421875,5578.7333984375,3529.0068359375,9282.060546875
2019-01-29,4761.58642578125,1323.81689453125,1400.3857421875,2392.38720703125,2493.5751953125,1500.0,2736.842041015625,5578.7333984375,3499.922119140625,9260.474609375
2019-01-30,4744.39599609375,1288.6090087890625,1400.3857421875,2431.287841796875,2537.322021484375,1520.0,2751.096435546875,5562.07958984375,3490.227294921875,9303.6455078125
2019-01-31,4843.23681640625,1337.900146484375,1443.3800048828125,2496.122314453125,2607.3173828125,1520.0,2779.60498046875,5628.69140625,3519.311767578125,9303.6455078125
2019-02-01,4843.23681640625,1316.775390625,1412.6697998046875,2541.50634765625,2659.8134765625,1520.0,2758.223388671875,5628.69140625,3587.177490234375,9282.060546875
2019-02-02,4843.23681640625,1316.775390625,1412.6697998046875,2541.50634765625,2659.8134765625,1520.0,2758.223388671875,5628.69140625,3587.177490234375,9282.060546875
2019-02-03,4843.23681640625,1316.775390625,1412.6697998046875,2541.50634765625,2659.8134765625,1520.0,2758.223388671875,5628.69140625,3587.177490234375,9282.060546875
2019-02-04,4727.2060546875,1373.10791015625,1412.6697998046875,2528.539306640625,2572.31982421875,1520.0,2694.078857421875,5462.162109375,3538.7021484375,9195.7158203125
2019-02-05,4727.2060546875,1373.10791015625,1412.6697998046875,2528.539306640625,2572.31982421875,1520.0,2694.078857421875,5462.162109375,3538.7021484375,9195.7158203125
2019-02-06,4757.2880859375,1316.775390625,1406.5279541015625,2541.50634765625,2616.066650390625,1500.0,2751.096435546875,5478.8154296875,3529.0068359375,9152.54296875
2019-02-07,4752.99072265625,1329.0980224609375,1400.3857421875,2547.98974609375,2642.314697265625,1500.0,2751.096435546875,5462.162109375,3519.311767578125,9087.7841796875
2019-02-08,4744.39599609375,1330.8582763671875,1388.1016845703125,2522.055908203125,2651.064208984375,1500.0,2743.96923828125,5428.8564453125,3480.5322265625,9152.54296875
2019-02-09,4744.39599609375,1330.8582763671875,1388.1016845703125,2522.055908203125,2651.064208984375,1500.0,2743.96923828125,5428.8564453125,3480.5322265625,9152.54296875
2019-02-10,4744.39599609375,1330.8582763671875,1388.1016845703125,2522.055908203125,2651.064208984375,1500.0,2743.96923828125,5428.8564453125,3480.5322265625,9152.54296875
2019-02-11,4722.908203125,1330.8582763671875,1363.53369140625,2509.089111328125,2668.56298828125,1500.0,2800.986572265625,5328.9384765625,3509.617431640625,9066.19921875
2019-02-12,4692.826171875,1267.4842529296875,1326.68115234375,2496.122314453125,2598.56787109375,1500.0,2722.587646484375,5095.7978515625,3451.446533203125,9023.02734375
2019-02-13,4658.447265625,1330.8582763671875,1369.675537109375,2457.221923828125,2537.322021484375,1500.0,2701.2060546875,5112.45068359375,3354.495849609375,9001.439453125
2019-02-14,4624.06689453125,1337.900146484375,1381.9598388671875,2463.705322265625,2511.073974609375,1550.0,2665.570068359375,5062.49169921875,3402.97119140625,9066.19921875
2019-02-15,4606.876953125,1316.775390625,1363.53369140625,2444.2548828125,2511.073974609375,1550.0,2701.2060546875,5062.49169921875,3402.97119140625,9001.439453125
2019-02-16,4606.876953125,1316.775390625,1363.53369140625,2444.2548828125,2511.073974609375,1550.0,2701.2060546875,5062.49169921875,3402.97119140625,9001.439453125
2019-02-17,4606.876953125,1316.775390625,1363.53369140625,2444.2548828125,2511.073974609375,1550.0,2701.2060546875,5062.49169921875,3402.97119140625,9001.439453125
2019-02-18,4710.0166015625,1337.900146484375,1345.1075439453125,2489.63916015625,2546.071533203125,1550.0,2779.60498046875,5245.67333984375,3480.5322265625,9109.37109375
2019-02-19,4624.06689453125,1337.900146484375,1314.3970947265625,2535.02294921875,2519.8232421875,1550.0,2793.859375,5179.06298828125,3441.751953125,9044.6123046875
2019-02-20,4727.2060546875,1337.900146484375,1314.3970947265625,2522.055908203125,2484.825927734375,1550.0,2758.223388671875,5179.06298828125,3422.361572265625,9066.19921875
2019-02-21,4731.5029296875,1325.5771484375,1369.675537109375,2535.02294921875,2563.570068359375,1550.0,2758.223388671875,5129.10302734375,3461.1416015625,9044.6123046875
2019-02-22,4718.61083984375,1337.900146484375,1363.53369140625,2528.539306640625,2484.825927734375,1550.0,2736.842041015625,5079.1455078125,3383.5810546875,8979.853515625
2019-02-23,4718.61083984375,1337.900146484375,1363.53369140625,2528.539306640625,2484.825927734375,1550.0,2736.842041015625,5079.1455078125,3383.5810546875,8979.853515625
2019-02-24,4718.61083984375,1337.900146484375,1363.53369140625,2528.539306640625,2484.825927734375,1550.0,2736.842041015625,5079.1455078125,3383.5810546875,8979.853515625
2019-02-25,4718.61083984375,1337.900146484375,1394.2437744140625,2567.43994140625,2537.322021484375,1550.0,2786.732177734375,5095.7978515625,3412.66650390625,8850.3359375
2019-02-26,4774.4794921875,1323.81689453125,1418.81201171875,2554.4736328125,2546.071533203125,1550.0,2800.986572265625,5062.49169921875,3432.056640625,8979.853515625
2019-02-27,4783.07275390625,1336.139404296875,1418.81201171875,2509.089111328125,2519.8232421875,1552.5,2786.732177734375,5062.49169921875,3432.056640625,9001.439453125
2019-02-28,4740.09765625,1336.139404296875,1400.3857421875,2496.122314453125,2493.5751953125,1552.5,2751.096435546875,4762.73876953125,3412.66650390625,8828.7509765625
2019-03-01,4761.58642578125,1323.81689453125,1406.5279541015625,2509.089111328125,2511.073974609375,1552.5,2786.732177734375,4812.69775390625,3480.5322265625,8893.5087890625
2019-03-02,4761.58642578125,1323.81689453125,1406.5279541015625,2509.089111328125,2511.073974609375,1552.5,2786.732177734375,4812.69775390625,3480.5322265625,8893.5087890625
2019-03-03,4761.58642578125,1323.81689453125,1406.5279541015625,2509.089111328125,2511.073974609375,1552.5,2786.732177734375,4812.69775390625,3480.5322265625,8893.5087890625
2019-03-04,4757.2880859375,1323.81689453125,1406.5279541015625,2515.57275390625,2484.825927734375,1550.0,2743.96923828125,4762.73876953125,3470.836669921875,8936.6806640625
2019-03-05,4722.908203125,1323.81689453125,1412.6697998046875,2502.60546875,2432.32958984375,1450.0,2758.223388671875,4862.65673828125,3412.66650390625,8871.923828125
2019-03-06,4718.61083984375,1323.81689453125,1400.3857421875,2528.539306640625,2476.076171875,1450.0,2722.587646484375,4879.3095703125,3412.66650390625,8850.3359375
2019-03-07,4718.61083984375,1323.81689453125,1400.3857421875,2528.539306640625,2476.076171875,1450.0,2722.587646484375,4879.3095703125,3412.66650390625,8850.3359375
2019-03-08,4675.63671875,1323.81689453125,1388.1016845703125,2496.122314453125,2414.830810546875,1450.0,2665.570068359375,4762.73876953125,3364.19140625,8850.3359375
2019-03-09,4675.63671875,1323.81689453125,1388.1016845703125,2496.122314453125,2414.830810546875,1450.0,2665.570068359375,4762.73876953125,3364.19140625,8850.3359375
2019-03-10,4675.63671875,1323.81689453125,1388.1016845703125,2496.122314453125,2414.830810546875,1450.0,2665.570068359375,4762.73876953125,3364.19140625,8850.3359375
2019-03-11,4731.5029296875,1267.4842529296875,1351.2496337890625,2502.60546875,2397.331787109375,1450.0,2708.333251953125,4812.69775390625,3364.19140625,8893.5087890625
2019-03-12,4727.2060546875,1323.81689453125,1351.2496337890625,2489.63916015625,2353.5849609375,1452.5,2679.824462890625,4779.3916015625,3364.19140625,8828.7509765625
2019-03-13,4727.2060546875,1309.733642578125,1369.675537109375,2457.221923828125,2344.8359375,1452.5,2651.315673828125,4746.08642578125,3335.105712890625,8936.6806640625
2019-03-14,4710.0166015625,1337.900146484375,1388.1016845703125,2489.63916015625,2414.830810546875,1452.5,2665.570068359375,4796.04541015625,3422.361572265625,8958.2685546875
2019-03-15,4761.58642578125,1337.900146484375,1394.2437744140625,2560.956787109375,2484.825927734375,1452.5,2672.697509765625,4879.3095703125,3519.311767578125,9001.439453125
2019-03-16,4761.58642578125,1337.900146484375,1394.2437744140625,2560.956787109375,2484.825927734375,1452.5,2672.697509765625,4879.3095703125,3519.311767578125,9001.439453125
2019-03-17,4761.58642578125,1337.900146484375,1394.2437744140625,2560.956787109375,2484.825927734375,1452.5,2672.697509765625,4879.3095703125,3519.311767578125,9001.439453125
2019-03-18,4770.18017578125,1341.4208984375,1381.9598388671875,2593.3740234375,2484.825927734375,1452.5,2722.587646484375,4879.3095703125,3625.958251953125,8958.2685546875
2019-03-19,4718.61083984375,1341.4208984375,1375.817626953125,2580.406982421875,2581.06884765625,1452.5,2694.078857421875,4846.0029296875,3625.958251953125,8893.5087890625
2019-03-20,4701.421875,1341.4208984375,1381.9598388671875,2586.890380859375,2589.81884765625,1502.5,2679.824462890625,4846.0029296875,3606.568359375,8958.2685546875
2019-03-21,4705.7177734375,1341.4208984375,1381.9598388671875,2586.890380859375,2616.066650390625,1502.5,2701.2060546875,4829.3505859375,3693.82373046875,8958.2685546875
2019-03-22,4714.31396484375,1341.4208984375,1381.9598388671875,2625.790771484375,2607.3173828125,1502.5,2708.333251953125,4812.69775390625,3722.908935546875,8915.0947265625
2019-03-23,4714.31396484375,1341.4208984375,1381.9598388671875,2625.790771484375,2607.3173828125,1502.5,2708.333251953125,4812.69775390625,3722.908935546875,8915.0947265625
2019-03-24,4714.31396484375,1341.4208984375,1381.9598388671875,2625.790771484375,2607.3173828125,1502.5,2708.333251953125,4812.69775390625,3722.908935546875,8915.0947265625
2019-03-25,4688.52880859375,1348.46240234375,1357.3916015625,2599.857177734375,2511.073974609375,1502.5,2701.2060546875,4696.126953125,3567.78759765625,8116.4052734375
2019-03-26,4701.421875,1348.46240234375,1431.0960693359375,2632.2744140625,2554.820556640625,1502.5,2722.587646484375,4729.43310546875,3635.6533203125,8267.5087890625
2019-03-27,4714.31396484375,1348.46240234375,1437.2381591796875,2625.790771484375,2528.572998046875,1502.5,2722.587646484375,4779.3916015625,3625.958251953125,7900.5439453125
2019-03-28,4701.421875,1348.46240234375,1369.675537109375,2638.758056640625,2581.06884765625,1450.0,2765.350830078125,4729.43310546875,3655.04296875,8008.47509765625
2019-03-29,4735.80126953125,1330.8582763671875,1363.53369140625,2664.691162109375,2616.066650390625,1450.0,2822.3681640625,4862.65673828125,3645.347900390625,8051.64697265625
2019-03-30,4735.80126953125,1330.8582763671875,1363.53369140625,2664.691162109375,2616.066650390625,1450.0,2822.3681640625,4862.65673828125,3645.347900390625,8051.64697265625
2019-03-31,4735.80126953125,1330.8582763671875,1363.53369140625,2664.691162109375,2616.066650390625,1450.0,2822.3681640625,4862.65673828125,3645.347900390625,8051.64697265625
2019-04-01,4727.2060546875,1330.8582763671875,1394.2437744140625,2690.625244140625,2624.816162109375,1450.0,2800.986572265625,4895.96240234375,3664.738525390625,7986.88818359375
2019-04-02,4727.2060546875,1330.8582763671875,1369.675537109375,2690.625244140625,2598.56787109375,1450.0,2800.986572265625,4945.92138671875,3674.43359375,7771.02783203125
2019-04-03,4727.2060546875,1330.8582763671875,1369.675537109375,2690.625244140625,2598.56787109375,1450.0,2800.986572265625,4945.92138671875,3674.43359375,7771.02783203125
2019-04-04,4761.58642578125,1337.900146484375,1381.9598388671875,2736.009521484375,2686.061767578125,1452.5,2872.25830078125,5029.18603515625,3761.68896484375,7814.19921875
2019-04-05,4752.99072265625,1337.900146484375,1369.675537109375,2768.426513671875,2642.314697265625,1452.5,2893.639892578125,5095.7978515625,3771.3837890625,7835.7861328125
2019-04-06,4752.99072265625,1337.900146484375,1369.675537109375,2768.426513671875,2642.314697265625,1452.5,2893.639892578125,5095.7978515625,3771.3837890625,7835.7861328125
2019-04-07,4752.99072265625,1337.900146484375,1369.675537109375,2768.426513671875,2642.314697265625,1452.5,2893.639892578125,5095.7978515625,3771.3837890625,7835.7861328125
2019-04-08,4710.0166015625,1337.900146484375,1289.8289794921875,2755.459716796875,2624.816162109375,1450.0,2815.240966796875,5012.53271484375,3674.43359375,7792.61376953125
2019-04-09,4757.2880859375,1337.900146484375,1295.970947265625,2787.876708984375,2686.061767578125,1450.0,2815.240966796875,5112.45068359375,3751.993896484375,7986.88818359375
2019-04-10,4748.693359375,1337.900146484375,1277.5450439453125,2794.3603515625,2642.314697265625,1450.0,2800.986572265625,5095.7978515625,3761.68896484375,8030.0625
2019-04-11,4710.0166015625,1337.900146484375,1277.5450439453125,2787.876708984375,2589.81884765625,1450.0,2772.477783203125,5012.53271484375,3732.60400390625,7814.19921875
2019-04-12,4727.2060546875,1337.900146484375,1289.8289794921875,2794.3603515625,2563.570068359375,1450.0,2729.71484375,5012.53271484375,3751.993896484375,7814.19921875
2019-04-13,4727.2060546875,1337.900146484375,1289.8289794921875,2794.3603515625,2563.570068359375,1450.0,2729.71484375,5012.53271484375,3751.993896484375,7814.19921875
2019-04-14,4727.2060546875,1337.900146484375,1289.8289794921875,2794.3603515625,2563.570068359375,1450.0,2729.71484375,5012.53271484375,3751.993896484375,7814.19921875
2019-04-15,4731.5029296875,1337.900146484375,1283.68701171875,2820.294189453125,2572.31982421875,1450.0,2729.71484375,5062.49169921875,3742.299072265625,7814.19921875
2019-04-16,4722.908203125,1337.900146484375,1289.8289794921875,2813.810302734375,2668.56298828125,1450.0,2758.223388671875,5162.40966796875,3761.68896484375,7835.7861328125
2019-04-17,4722.908203125,1337.900146484375,1289.8289794921875,2813.810302734375,2668.56298828125,1450.0,2758.223388671875,5162.40966796875,3761.68896484375,7835.7861328125
2019-04-18,4834.64208984375,1359.024658203125,1289.8289794921875,2891.61181640625,2729.80859375,1450.0,2751.096435546875,5229.02099609375,3819.859375,7857.37158203125
2019-04-19,4834.64208984375,1359.024658203125,1289.8289794921875,2891.61181640625,2729.80859375,1450.0,2751.096435546875,5229.02099609375,3819.859375,7857.37158203125
2019-04-20,4834.64208984375,1359.024658203125,1289.8289794921875,2891.61181640625,2729.80859375,1450.0,2751.096435546875,5229.02099609375,3819.859375,7857.37158203125
2019-04-21,4834.64208984375,1359.024658203125,1289.8289794921875,2891.61181640625,2729.80859375,1450.0,2751.096435546875,5229.02099609375,3819.859375,7857.37158203125
2019-04-22,4834.64208984375,1359.024658203125,1252.9766845703125,2878.644775390625,2712.31005859375,1450.0,2694.078857421875,5012.53271484375,3751.993896484375,7792.61376953125
2019-04-23,4838.9404296875,1359.024658203125,1234.5509033203125,2872.161376953125,2686.061767578125,1450.0,2743.96923828125,5095.7978515625,3800.46923828125,7943.71728515625
2019-04-24,4883.17431640625,1359.024658203125,1234.5509033203125,2852.711181640625,2686.061767578125,1450.0,2736.842041015625,5095.7978515625,3800.46923828125,7943.71728515625
2019-04-25,4852.81787109375,1359.024658203125,1252.9766845703125,2807.326904296875,2677.312255859375,1450.0,2729.71484375,5029.18603515625,3722.908935546875,7835.7861328125
2019-04-26,4874.5009765625,1337.900146484375,1246.834716796875,2807.326904296875,2703.560546875,1450.0,2786.732177734375,5095.7978515625,3742.299072265625,7922.1298828125
2019-04-27,4874.5009765625,1337.900146484375,1246.834716796875,2807.326904296875,2703.560546875,1450.0,2786.732177734375,5095.7978515625,3742.299072265625,7922.1298828125
2019-04-28,4874.5009765625,1337.900146484375,1246.834716796875,2807.326904296875,2703.560546875,1450.0,2786.732177734375,5095.7978515625,3742.299072265625,7922.1298828125
2019-04-29,4930.8798828125,1337.900146484375,1234.5509033203125,2813.810302734375,2721.05908203125,1450.0,2751.096435546875,5062.49169921875,3732.60400390625,8030.0625
2019-04-30,4987.25732421875,1337.900146484375,1252.9766845703125,2833.260986328125,2703.560546875,1450.0,2701.2060546875,5079.1455078125,3722.908935546875,8397.025390625
2019-05-01,4987.25732421875,1337.900146484375,1252.9766845703125,2833.260986328125,2703.560546875,1450.0,2701.2060546875,5079.1455078125,3722.908935546875,8397.025390625
2019-05-02,4930.8798828125,1337.900146484375,1252.9766845703125,2833.260986328125,2694.811279296875,1450.0,2729.71484375,4979.2265625,3655.04296875,8375.4404296875
2019-05-03,4922.205078125,1337.900146484375,1259.118896484375,2839.74462890625,2677.312255859375,1450.0,2722.587646484375,4945.92138671875,3587.177490234375,8310.6806640625
2019-05-04,4922.205078125,1337.900146484375,1259.118896484375,2839.74462890625,2677.312255859375,1450.0,2722.587646484375,4945.92138671875,3587.177490234375,8310.6806640625
2019-05-05,4922.205078125,1337.900146484375,1259.118896484375,2839.74462890625,2677.312255859375,1450.0,2722.587646484375,4945.92138671875,3587.177490234375,8310.6806640625
2019-05-06,4874.5009765625,1337.900146484375,1246.834716796875,2742.4931640625,2633.565185546875,1450.0,2736.842041015625,4945.92138671875,3441.751953125,8289.0966796875
2019-05-07,4909.19482421875,1337.900146484375,1283.68701171875,2755.459716796875,2677.312255859375,1450.0,2779.60498046875,5118.7900390625,3470.836669921875,8375.4404296875
2019-05-08,4943.88916015625,1337.900146484375,1308.255126953125,2736.009521484375,2633.565185546875,1450.0,2779.60498046875,5033.76025390625,3393.276123046875,8375.4404296875
2019-05-09,4883.17431640625,1337.900146484375,1326.68115234375,2671.17529296875,2624.816162109375,1450.0,2708.333251953125,4863.701171875,3325.410400390625,8353.8544921875
2019-05-10,4865.8271484375,1337.900146484375,1357.3916015625,2671.17529296875,2616.066650390625,1450.0,2701.2060546875,4880.70703125,3335.105712890625,8483.3720703125
2019-05-11,4865.8271484375,1337.900146484375,1357.3916015625,2671.17529296875,2616.066650390625,1450.0,2701.2060546875,4880.70703125,3335.105712890625,8483.3720703125
2019-05-12,4865.8271484375,1337.900146484375,1357.3916015625,2671.17529296875,2616.066650390625,1450.0,2701.2060546875,4880.70703125,3335.105712890625,8483.3720703125
2019-05-13,4865.8271484375,1323.81689453125,1320.5394287109375,2658.2080078125,2633.565185546875,1450.0,2686.951416015625,4778.67138671875,3296.325439453125,8310.6806640625
2019-05-14,4766.08203125,1272.765380859375,1265.2607421875,2625.790771484375,2607.3173828125,1450.0,2679.824462890625,4761.6650390625,3276.935302734375,8332.267578125
2019-05-15,4735.72509765625,1272.765380859375,1228.4088134765625,2522.055908203125,2598.56787109375,1450.0,2608.552490234375,4727.65283203125,3189.6796875,8224.337890625
2019-05-16,4579.60302734375,1272.765380859375,1223.4949951171875,2502.60546875,2572.31982421875,1450.0,2565.7890625,4608.611328125,3170.28955078125,8202.7509765625
2019-05-17,4492.8681640625,1330.8582763671875,1223.4949951171875,2457.221923828125,2476.076171875,1450.0,2501.644287109375,4557.59423828125,3141.204345703125,8030.0625
2019-05-18,4492.8681640625,1330.8582763671875,1223.4949951171875,2457.221923828125,2476.076171875,1450.0,2501.644287109375,4557.59423828125,3141.204345703125,8030.0625
2019-05-19,4492.8681640625,1330.8582763671875,1223.4949951171875,2457.221923828125,2476.076171875,1450.0,2501.644287109375,4557.59423828125,3141.204345703125,8030.0625
2019-05-20,4666.33740234375,1330.8582763671875,1225.9517822265625,2431.287841796875,2528.572998046875,1450.0,2565.7890625,4693.6416015625,3267.240234375,8094.82080078125
2019-05-21,4735.72509765625,1330.8582763671875,1234.5509033203125,2431.287841796875,2537.322021484375,1450.0,2565.7890625,4761.6650390625,3335.105712890625,8310.6806640625
2019-05-22,4735.72509765625,1330.8582763671875,1216.2161865234375,2444.2548828125,2554.820556640625,1450.0,2523.026123046875,4761.6650390625,3295.908203125,8202.7509765625
2019-05-23,4861.4912109375,1330.8582763671875,1233.48486328125,2496.122314453125,2651.064208984375,1450.0,2608.552490234375,4829.689453125,3375.32763671875,8397.025390625
2019-05-24,4865.8271484375,1330.8582763671875,1258.154541015625,2584.863037109375,2694.811279296875,1450.0,2672.697509765625,4880.70703125,3434.892333984375,8375.4404296875
2019-05-25,4865.8271484375,1330.8582763671875,1258.154541015625,2584.863037109375,2694.811279296875,1450.0,2672.697509765625,4880.70703125,3434.892333984375,8375.4404296875
2019-05-26,4865.8271484375,1330.8582763671875,1258.154541015625,2584.863037109375,2694.811279296875,1450.0,2672.697509765625,4880.70703125,3434.892333984375,8375.4404296875
2019-05-27,4930.8798828125,1330.8582763671875,1251.9871826171875,2631.860595703125,2790.9931640625,1450.0,2722.587646484375,4846.6953125,3454.74755859375,8440.2001953125
2019-05-28,4974.2470703125,1330.8582763671875,1264.3221435546875,2558.007568359375,2664.540283203125,1450.0,2629.933837890625,4812.68310546875,3236.343505859375,8397.025390625
2019-05-29,4978.58349609375,1330.8582763671875,1258.154541015625,2645.288818359375,2727.7666015625,1450.0,2694.078857421875,4897.71337890625,3236.343505859375,8397.025390625
2019-05-30,4978.58349609375,1330.8582763671875,1258.154541015625,2645.288818359375,2727.7666015625,1450.0,2694.078857421875,4897.71337890625,3236.343505859375,8397.025390625
2019-05-31,5047.970703125,1330.8582763671875,1258.154541015625,2752.711181640625,2772.9287109375,1450.0,2779.60498046875,5067.77197265625,3335.617919921875,8461.78515625
2019-06-01,5047.970703125,1330.8582763671875,1258.154541015625,2752.711181640625,2772.9287109375,1450.0,2779.60498046875,5067.77197265625,3335.617919921875,8461.78515625
2019-06-02,5047.970703125,1330.8582763671875,1258.154541015625,2752.711181640625,2772.9287109375,1450.0,2779.60498046875,5067.77197265625,3335.617919921875,8461.78515625
2019-06-03,5047.970703125,1330.8582763671875,1258.154541015625,2752.711181640625,2772.9287109375,1450.0,2779.60498046875,5067.77197265625,3335.617919921875,8461.78515625
2019-06-04,5047.970703125,1330.8582763671875,1258.154541015625,2752.711181640625,2772.9287109375,1450.0,2779.60498046875,5067.77197265625,3335.617919921875,8461.78515625
2019-06-05,5047.970703125,1330.8582763671875,1258.154541015625,2752.711181640625,2772.9287109375,1450.0,2779.60498046875,5067.77197265625,3335.617919921875,8461.78515625
2019-06-06,5047.970703125,1330.8582763671875,1258.154541015625,2752.711181640625,2772.9287109375,1450.0,2779.60498046875,5067.77197265625,3335.617919921875,8461.78515625
2019-06-07,5047.970703125,1330.8582763671875,1258.154541015625,2752.711181640625,2772.9287109375,1450.0,2779.60498046875,5067.77197265625,3335.617919921875,8461.78515625
2019-06-08,5047.970703125,1330.8582763671875,1258.154541015625,2752.711181640625,2772.9287109375,1450.0,2779.60498046875,5067.77197265625,3335.617919921875,8461.78515625
2019-06-09,5047.970703125,1330.8582763671875,1258.154541015625,2752.711181640625,2772.9287109375,1450.0,2779.60498046875,5067.77197265625,3335.617919921875,8461.78515625
2019-06-10,5100.01171875,1330.8582763671875,1166.8768310546875,2839.99267578125,2836.155029296875,1450.0,2879.3857421875,5220.826171875,3444.820068359375,8461.78515625
2019-06-11,5126.0322265625,1330.8582763671875,1233.48486328125,2839.99267578125,2845.187255859375,1450.0,2865.13134765625,5186.814453125,3405.109619140625,8763.9931640625
2019-06-12,5069.654296875,1207.630615234375,1239.6524658203125,2826.56494140625,2845.187255859375,1450.0,2886.534912109375,5101.7841796875,3415.037353515625,8763.9931640625
2019-06-13,5034.96044921875,1207.630615234375,1203.88134765625,2819.8505859375,2827.122802734375,1450.0,2923.165771484375,5101.7841796875,3434.892333984375,8634.474609375
2019-06-14,5030.62451171875,1207.630615234375,1184.1455078125,2839.99267578125,2827.122802734375,1450.0,2923.165771484375,5050.76611328125,3375.32763671875,8612.8896484375
2019-06-15,5030.62451171875,1207.630615234375,1184.1455078125,2839.99267578125,2827.122802734375,1450.0,2923.165771484375,5050.76611328125,3375.32763671875,8612.8896484375
2019-06-16,5030.62451171875,1207.630615234375,1184.1455078125,2839.99267578125,2827.122802734375,1450.0,2923.165771484375,5050.76611328125,3375.32763671875,8612.8896484375
2019-06-17,5026.28662109375,1207.630615234375,1201.414306640625,2819.8505859375,2818.09033203125,1450.0,2857.22998046875,5016.75439453125,3355.472900390625,8710.9423828125
2019-06-18,5117.359375,1140.73583984375,1201.414306640625,2860.134765625,2836.155029296875,1450.0,2915.83984375,5101.7841796875,3464.674560546875,8864.1484375
2019-06-19,5152.052734375,1133.6942138671875,1208.8153076171875,2880.276123046875,2881.316650390625,1450.0,2915.83984375,5101.7841796875,3534.16650390625,8864.1484375
2019-06-20,5126.0322265625,1133.6942138671875,1208.8153076171875,2893.7041015625,2872.284423828125,1450.0,2959.797607421875,5169.80810546875,3494.45703125,8886.03515625
2019-06-21,5100.01171875,1299.1712646484375,1226.0841064453125,2927.273681640625,2881.316650390625,1450.0,2959.797607421875,5067.77197265625,3514.31201171875,8776.6015625
2019-06-22,5100.01171875,1299.1712646484375,1226.0841064453125,2927.273681640625,2881.316650390625,1450.0,2959.797607421875,5067.77197265625,3514.31201171875,8776.6015625
2019-06-23,5100.01171875,1299.1712646484375,1226.0841064453125,2927.273681640625,2881.316650390625,1450.0,2959.797607421875,5067.77197265625,3514.31201171875,8776.6015625
2019-06-24,5095.6748046875,1307.973388671875,1221.150146484375,2893.7041015625,2881.316650390625,1450.0,2915.83984375,4999.74853515625,3524.239501953125,8710.9423828125
2019-06-25,5126.0322265625,1399.513671875,1221.150146484375,2907.131591796875,2872.284423828125,1450.0,2937.818603515625,4999.74853515625,3544.093994140625,8754.71484375
2019-06-26,5087.0009765625,1406.555419921875,1213.7493896484375,2927.273681640625,2872.284423828125,1450.0,2915.83984375,4931.724609375,3514.31201171875,8798.48828125
2019-06-27,5147.716796875,1373.10791015625,1218.68310546875,2940.70166015625,2890.34912109375,1450.0,2996.428466796875,5016.75439453125,3534.16650390625,8886.03515625
2019-06-28,5199.75732421875,1468.808837890625,1226.0841064453125,2927.273681640625,2899.38134765625,1450.0,3033.0595703125,5067.77197265625,3653.2958984375,8886.03515625
2019-06-29,5199.75732421875,1468.808837890625,1226.0841064453125,2927.273681640625,2899.38134765625,1450.0,3033.0595703125,5067.77197265625,3653.2958984375,8886.03515625
2019-06-30,5199.75732421875,1468.808837890625,1226.0841064453125,2927.273681640625,2899.38134765625,1450.0,3033.0595703125,5067.77197265625,3653.2958984375,8886.03515625
2019-07-01,5195.42041015625,1459.3931884765625,1213.7493896484375,2967.556884765625,2890.34912109375,1450.0,3091.669677734375,5016.75439453125,3722.7880859375,8864.1484375
2019-07-02,5204.09423828125,1459.3931884765625,1218.68310546875,2960.843505859375,2899.38134765625,1450.0,3113.64794921875,4965.73681640625,3712.860595703125,8864.1484375
2019-07-03,5204.09423828125,1280.4998779296875,1208.8153076171875,2954.129150390625,2899.38134765625,1450.0,3106.32177734375,4948.73095703125,3702.933349609375,8864.1484375
2019-07-04,5195.42041015625,1280.4998779296875,1223.6170654296875,2947.415283203125,2899.38134765625,1450.0,3113.64794921875,4931.724609375,3722.7880859375,8842.2626953125
2019-07-05,5178.07373046875,1288.0323486328125,1184.1455078125,2954.129150390625,2827.122802734375,1450.0,3135.626708984375,4863.701171875,3653.2958984375,8842.2626953125
2019-07-06,5178.07373046875,1288.0323486328125,1184.1455078125,2954.129150390625,2827.122802734375,1450.0,3135.626708984375,4863.701171875,3653.2958984375,8842.2626953125
2019-07-07,5178.07373046875,1288.0323486328125,1184.1455078125,2954.129150390625,2827.122802734375,1450.0,3135.626708984375,4863.701171875,3653.2958984375,8842.2626953125
2019-07-08,5100.01171875,1288.0323486328125,1184.1455078125,2954.129150390625,2845.187255859375,1450.0,3128.300537109375,4965.73681640625,3563.94921875,8776.6015625
2019-07-09,5204.09423828125,1288.0323486328125,1159.4757080078125,2960.843505859375,2854.2197265625,1450.0,3186.91015625,4948.73095703125,3633.44140625,8842.2626953125
2019-07-10,5204.09423828125,1289.915283203125,1166.8768310546875,3001.126953125,2872.284423828125,1450.0,3142.953125,5067.77197265625,3633.44140625,8864.1484375
2019-07-11,5225.77734375,1289.915283203125,1171.8106689453125,3027.982421875,2890.34912109375,1450.0,3128.300537109375,5118.7900390625,3673.150390625,8973.58203125
2019-07-12,5212.76708984375,1291.79833984375,1184.1455078125,3027.982421875,2917.446044921875,1450.0,3062.364501953125,5067.77197265625,3653.2958984375,8995.4697265625
2019-07-13,5212.76708984375,1291.79833984375,1184.1455078125,3027.982421875,2917.446044921875,1450.0,3062.364501953125,5067.77197265625,3653.2958984375,8995.4697265625
2019-07-14,5212.76708984375,1291.79833984375,1184.1455078125,3027.982421875,2917.446044921875,1450.0,3062.364501953125,5067.77197265625,3653.2958984375,8995.4697265625
2019-07-15,5295.16552734375,1291.79833984375,1191.5465087890625,3041.41064453125,2944.54296875,1450.0,3135.626708984375,5050.76611328125,3643.368408203125,9083.0166015625
2019-07-16,5277.81787109375,1291.79833984375,1196.4805908203125,3054.838134765625,2917.446044921875,1450.0,3106.32177734375,5067.77197265625,3603.658203125,9126.7900390625
2019-07-17,5334.1953125,1291.79833984375,1233.48486328125,3034.697021484375,2881.316650390625,1450.0,3098.995849609375,4829.689453125,3593.7314453125,9301.8857421875
2019-07-18,5329.85888671875,1291.79833984375,1301.32666015625,2987.69921875,2836.155029296875,1450.0,3106.32177734375,4863.701171875,3524.239501953125,9389.431640625
2019-07-19,5377.56298828125,1291.79833984375,1393.838134765625,3007.840576171875,2845.187255859375,1450.0,3128.300537109375,4829.689453125,3534.16650390625,9498.8671875
2019-07-20,5377.56298828125,1291.79833984375,1393.838134765625,3007.840576171875,2845.187255859375,1450.0,3128.300537109375,4829.689453125,3534.16650390625,9498.8671875
2019-07-21,5377.56298828125,1291.79833984375,1393.838134765625,3007.840576171875,2845.187255859375,1450.0,3128.300537109375,4829.689453125,3534.16650390625,9498.8671875
2019-07-22,5455.62451171875,1291.79833984375,1480.181884765625,3021.268798828125,2809.057861328125,1450.0,3120.974365234375,4829.689453125,3514.31201171875,9323.7705078125
2019-07-23,5407.92041015625,1291.79833984375,1467.846923828125,3014.554443359375,2781.9609375,1425.0,3113.64794921875,4863.701171875,3424.96484375,9389.431640625
2019-07-24,5420.93115234375,1272.9676513671875,1492.516845703125,2987.69921875,2781.9609375,1425.0,3069.690673828125,4880.70703125,3345.54541015625,9258.1103515625
2019-07-25,5420.93115234375,1272.9676513671875,1486.349365234375,2994.4130859375,2818.09033203125,1425.0,3084.34326171875,4965.73681640625,3375.32763671875,9367.544921875
2019-07-26,5373.22705078125,1272.9676513671875,1504.8516845703125,2980.98486328125,2800.025634765625,1425.0,3047.711669921875,4812.68310546875,3345.54541015625,9258.1103515625
2019-07-27,5373.22705078125,1272.9676513671875,1504.8516845703125,2980.98486328125,2800.025634765625,1425.0,3047.711669921875,4812.68310546875,3345.54541015625,9258.1103515625
2019-07-28,5373.22705078125,1272.9676513671875,1504.8516845703125,2980.98486328125,2800.025634765625,1425.0,3047.711669921875,4812.68310546875,3345.54541015625,9258.1103515625
2019-07-29,5368.88916015625,1272.9676513671875,1498.6842041015625,2994.4130859375,2818.09033203125,1425.0,3077.01708984375,4880.70703125,3315.763427734375,9236.224609375
2019-07-30,5394.91064453125,1272.9676513671875,1529.5213623046875,3021.268798828125,2872.284423828125,1705.0,3128.300537109375,4948.73095703125,3315.763427734375,9301.8857421875
2019-07-31,5368.88916015625,1272.9676513671875,1548.0235595703125,3007.840576171875,2881.316650390625,1695.0,3150.279296875,4761.6650390625,3365.400146484375,9367.544921875
2019-08-01,5386.23779296875,1280.4998779296875,1615.865234375,2987.69921875,2809.057861328125,1737.5,3135.626708984375,4778.67138671875,3276.053466796875,9367.544921875
2019-08-02,5347.20654296875,1284.2662353515625,1634.367431640625,2987.69921875,2772.9287109375,2000.0,3135.626708984375,4812.68310546875,3216.48876953125,9498.8671875
2019-08-03,5347.20654296875,1284.2662353515625,1634.367431640625,2987.69921875,2772.9287109375,2000.0,3135.626708984375,4812.68310546875,3216.48876953125,9498.8671875
2019-08-04,5347.20654296875,1284.2662353515625,1634.367431640625,2987.69921875,2772.9287109375,2000.0,3135.626708984375,4812.68310546875,3216.48876953125,9498.8671875
2019-08-05,5204.09423828125,1288.0323486328125,1634.367431640625,2866.84814453125,2682.60498046875,1997.5,2989.10205078125,4710.6474609375,3146.99658203125,9520.7509765625
2019-08-06,5100.01171875,1288.0323486328125,1652.8697509765625,2752.711181640625,2619.378662109375,1997.5,3025.7333984375,4591.60546875,3107.287109375,9433.2060546875
2019-08-07,5212.76708984375,1288.0323486328125,1702.2091064453125,2853.420166015625,2655.508056640625,1997.5,3084.34326171875,4574.60009765625,3127.1416015625,9827.16796875
2019-08-08,5208.43017578125,1205.17626953125,1757.716064453125,2880.276123046875,2709.7021484375,1997.5,3120.974365234375,4693.6416015625,3226.416259765625,9783.39453125
2019-08-09,5260.47265625,1278.6168212890625,1800.887939453125,2907.131591796875,2691.637451171875,1997.5,3120.974365234375,4608.611328125,3146.99658203125,9892.8271484375
2019-08-10,5260.47265625,1278.6168212890625,1800.887939453125,2907.131591796875,2691.637451171875,1997.5,3120.974365234375,4608.611328125,3146.99658203125,9892.8271484375
2019-08-11,5260.47265625,1278.6168212890625,1800.887939453125,2907.131591796875,2691.637451171875,1997.5,3120.974365234375,4608.611328125,3146.99658203125,9892.8271484375
2019-08-12,5238.78662109375,1272.9676513671875,1825.5577392578125,2886.98974609375,2673.572998046875,1997.5,3120.974365234375,4591.60546875,3146.99658203125,9870.94140625
2019-08-13,5217.10498046875,1272.9676513671875,1837.8927001953125,2873.5625,2655.508056640625,1997.5,3113.64794921875,4540.58740234375,3137.0693359375,9849.0546875
2019-08-14,5212.76708984375,1272.9676513671875,1844.0599365234375,2907.131591796875,2709.7021484375,1997.5,3142.953125,4540.58740234375,3216.48876953125,9936.6015625
2019-08-15,5204.09423828125,1272.9676513671875,1874.89697265625,2853.420166015625,2673.572998046875,1997.5,3142.953125,4438.5517578125,3186.70654296875,10067.9228515625
2019-08-16,5169.39892578125,1272.9676513671875,1911.901611328125,2826.56494140625,2664.540283203125,1997.5,3135.626708984375,4421.5458984375,3146.99658203125,10177.3564453125
2019-08-17,5169.39892578125,1272.9676513671875,1911.901611328125,2826.56494140625,2664.540283203125,1997.5,3135.626708984375,4421.5458984375,3146.99658203125,10177.3564453125
2019-08-18,5169.39892578125,1272.9676513671875,1911.901611328125,2826.56494140625,2664.540283203125,1997.5,3135.626708984375,4421.5458984375,3146.99658203125,10177.3564453125
2019-08-19,5217.10498046875,1235.3057861328125,1955.0736083984375,2806.4228515625,2655.508056640625,1997.5,3179.583984375,4370.529296875,3127.1416015625,10089.80859375
2019-08-20,5191.08447265625,1235.3057861328125,2041.4173583984375,2752.711181640625,2664.540283203125,1997.5,3274.824951171875,4370.529296875,3077.5048828125,10418.111328125
2019-08-21,5182.41064453125,1227.773193359375,2029.0826416015625,2719.1416015625,2610.3466796875,1997.5,3230.86767578125,4319.5107421875,3008.012451171875,10330.5625
2019-08-22,5204.09423828125,1227.773193359375,2035.2501220703125,2732.56982421875,2610.3466796875,1997.5,3260.172607421875,4302.50537109375,3017.940185546875,10352.4521484375
2019-08-23,5199.75732421875,1227.773193359375,2072.2548828125,2739.28369140625,2592.28173828125,1997.5,3208.88916015625,4472.56494140625,3027.867431640625,10308.6767578125
2019-08-24,5199.75732421875,1227.773193359375,2072.2548828125,2739.28369140625,2592.28173828125,1997.5,3208.88916015625,4472.56494140625,3027.867431640625,10308.6767578125
2019-08-25,5199.75732421875,1227.773193359375,2072.2548828125,2739.28369140625,2592.28173828125,1997.5,3208.88916015625,4472.56494140625,3027.867431640625,10308.6767578125
2019-08-26,5195.42041015625,1227.773193359375,2078.422119140625,2732.56982421875,2547.1201171875,1997.5,3172.2578125,4472.56494140625,2978.230224609375,10286.791015625
2019-08-27,5208.43017578125,1227.773193359375,2109.25927734375,2819.8505859375,2538.087890625,1997.5,3208.88916015625,4438.5517578125,3008.012451171875,10286.791015625
2019-08-28,5199.75732421875,1227.773193359375,2140.096435546875,2813.13671875,2547.1201171875,1997.5,3201.56298828125,4387.5341796875,3017.940185546875,10352.4521484375
2019-08-29,5208.43017578125,1227.773193359375,2158.5986328125,2819.8505859375,2556.15234375,1997.5,3208.88916015625,4370.529296875,2988.15771484375,10505.658203125
2019-08-30,5290.82861328125,1227.773193359375,2177.1005859375,2866.84814453125,2619.378662109375,1997.5,3260.172607421875,4540.58740234375,3057.64990234375,10549.4326171875
2019-08-31,5290.82861328125,1227.773193359375,2177.1005859375,2866.84814453125,2619.378662109375,1997.5,3260.172607421875,4540.58740234375,3057.64990234375,10549.4326171875
2019-09-01,5290.82861328125,1227.773193359375,2177.1005859375,2866.84814453125,2619.378662109375,1997.5,3260.172607421875,4540.58740234375,3057.64990234375,10549.4326171875
2019-09-02,5204.09423828125,1227.773193359375,2195.603271484375,2833.278564453125,2592.28173828125,1997.5,3230.86767578125,4455.55859375,3027.867431640625,10483.771484375
2019-09-03,5251.7978515625,1227.773193359375,2189.435791015625,2786.281005859375,2492.926025390625,1997.5,3186.91015625,4404.54052734375,2958.37548828125,10505.658203125
2019-09-04,5221.44091796875,1227.773193359375,2214.105712890625,2792.994873046875,2501.95849609375,1997.5,3142.953125,4421.5458984375,2948.447998046875,10505.658203125
2019-09-05,5238.78662109375,1280.4998779296875,2201.7705078125,2833.278564453125,2520.02294921875,1997.5,3164.931884765625,4557.59423828125,2988.15771484375,10505.658203125
2019-09-06,5225.77734375,1280.4998779296875,2226.4404296875,2866.84814453125,2547.1201171875,1997.5,3084.34326171875,4591.60546875,3017.940185546875,10418.111328125
2019-09-07,5225.77734375,1280.4998779296875,2226.4404296875,2866.84814453125,2547.1201171875,1997.5,3084.34326171875,4591.60546875,3017.940185546875,10418.111328125
2019-09-08,5225.77734375,1280.4998779296875,2226.4404296875,2866.84814453125,2547.1201171875,1997.5,3084.34326171875,4591.60546875,3017.940185546875,10418.111328125
2019-09-09,5234.45068359375,1280.4998779296875,2244.942626953125,2799.709228515625,2520.02294921875,1997.5,3128.300537109375,4523.58203125,2998.085205078125,10374.3369140625
2019-09-10,5251.7978515625,1280.4998779296875,2281.947265625,2813.13671875,2547.1201171875,1997.5,3128.300537109375,4540.58740234375,3077.5048828125,10527.5439453125
2019-09-11,5290.82861328125,1280.4998779296875,2294.281982421875,2853.420166015625,2583.24951171875,1997.5,3113.64794921875,4710.6474609375,3176.779052734375,10461.8837890625
2019-09-12,5221.44091796875,1280.4998779296875,2294.281982421875,2873.5625,2583.24951171875,1970.0,3055.0380859375,4591.60546875,3127.1416015625,10439.998046875
2019-09-13,5230.11474609375,1280.4998779296875,2195.603271484375,2893.7041015625,2601.314208984375,1942.5,3047.711669921875,4591.60546875,3117.21435546875,10155.46875
2019-09-14,5230.11474609375,1280.4998779296875,2195.603271484375,2893.7041015625,2601.314208984375,1942.5,3047.711669921875,4591.60546875,3117.21435546875,10155.46875
2019-09-15,5230.11474609375,1280.4998779296875,2195.603271484375,2893.7041015625,2601.314208984375,1942.5,3047.711669921875,4591.60546875,3117.21435546875,10155.46875
2019-09-16,5208.43017578125,1280.4998779296875,2047.5848388671875,2813.13671875,2529.055419921875,1980.0,3091.669677734375,4557.59423828125,3047.722412109375,10352.4521484375
2019-09-17,5230.11474609375,1280.4998779296875,2053.75244140625,2853.420166015625,2520.02294921875,1980.0,3128.300537109375,4404.54052734375,3077.5048828125,10461.8837890625
2019-09-18,5238.78662109375,1250.3704833984375,2090.7568359375,2846.706298828125,2601.314208984375,1980.0,3113.64794921875,4557.59423828125,3137.0693359375,10396.2236328125
2019-09-19,5230.11474609375,1250.3704833984375,2078.422119140625,2833.278564453125,2565.18505859375,1980.0,3084.34326171875,4489.56982421875,3087.43212890625,10418.111328125
2019-09-20,5195.42041015625,1250.3704833984375,2059.919921875,2792.994873046875,2556.15234375,1980.0,3142.953125,4472.56494140625,3037.794921875,10461.8837890625
2019-09-21,5195.42041015625,1250.3704833984375,2059.919921875,2792.994873046875,2556.15234375,1980.0,3142.953125,4472.56494140625,3037.794921875,10461.8837890625
2019-09-22,5195.42041015625,1250.3704833984375,2059.919921875,2792.994873046875,2556.15234375,1980.0,3142.953125,4472.56494140625,3037.794921875,10461.8837890625
2019-09-23,5225.77734375,1250.3704833984375,2035.2501220703125,2806.4228515625,2529.055419921875,1980.0,3113.64794921875,4506.57568359375,3008.012451171875,10396.2236328125
2019-09-24,5156.3896484375,1250.3704833984375,2022.915283203125,2759.425048828125,2510.990966796875,1980.0,3084.34326171875,4404.54052734375,2958.37548828125,10330.5625
2019-09-25,5147.716796875,1250.3704833984375,2047.5848388671875,2739.28369140625,2492.926025390625,1980.0,3091.669677734375,4421.5458984375,2968.30322265625,10330.5625
2019-09-26,5256.13525390625,1250.3704833984375,2059.919921875,2826.56494140625,2565.18505859375,1980.0,3194.236572265625,4557.59423828125,2998.085205078125,10505.658203125
2019-09-27,5264.80810546875,1250.3704833984375,2029.0826416015625,2806.4228515625,2520.02294921875,1980.0,3157.60546875,4523.58203125,2948.447998046875,10461.8837890625
2019-09-28,5264.80810546875,1250.3704833984375,2029.0826416015625,2806.4228515625,2520.02294921875,1980.0,3157.60546875,4523.58203125,2948.447998046875,10461.8837890625
2019-09-29,5264.80810546875,1250.3704833984375,2029.0826416015625,2806.4228515625,2520.02294921875,1980.0,3157.60546875,4523.58203125,2948.447998046875,10461.8837890625
2019-09-30,5264.80810546875,1250.3704833984375,2022.915283203125,2766.1396484375,2520.02294921875,1917.5,3157.60546875,4489.56982421875,2918.66552734375,10527.5439453125
2019-10-01,5238.78662109375,1250.3704833984375,2047.5848388671875,2732.56982421875,2492.926025390625,1820.0,3113.64794921875,4455.55859375,2888.883056640625,10439.998046875
2019-10-02,5247.4609375,1250.3704833984375,2047.5848388671875,2638.574462890625,2357.440673828125,1790.0,3077.01708984375,4387.5341796875,2749.899169921875,10680.7529296875
2019-10-03,5238.78662109375,1250.3704833984375,2078.422119140625,2558.007568359375,2312.279296875,1837.5,3077.01708984375,4404.54052734375,2739.971923828125,10680.7529296875
2019-10-04,5243.12451171875,1250.3704833984375,2047.5848388671875,2652.00244140625,2312.279296875,1837.5,3069.690673828125,4370.529296875,2730.044677734375,10702.638671875
2019-10-05,5243.12451171875,1250.3704833984375,2047.5848388671875,2652.00244140625,2312.279296875,1837.5,3069.690673828125,4370.529296875,2730.044677734375,10702.638671875
2019-10-06,5243.12451171875,1250.3704833984375,2047.5848388671875,2652.00244140625,2312.279296875,1837.5,3069.690673828125,4370.529296875,2730.044677734375,10702.638671875
2019-10-07,5264.80810546875,1250.3704833984375,1973.5758056640625,2618.4326171875,2294.21435546875,1837.5,3011.080810546875,4341.01708984375,2650.625,10746.4140625
2019-10-08,5290.82861328125,1250.3704833984375,2010.5804443359375,2638.574462890625,2348.40869140625,1837.5,2996.428466796875,4358.1748046875,2710.18994140625,10855.8466796875
2019-10-09,5264.80810546875,1250.3704833984375,2059.919921875,2658.71630859375,2321.3115234375,1837.5,3018.407470703125,4306.7001953125,2680.4072265625,10505.658203125
2019-10-10,5299.501953125,1250.3704833984375,2096.924560546875,2611.71875,2357.440673828125,1837.5,3011.080810546875,4306.7001953125,2680.4072265625,10024.1484375
2019-10-11,5312.51171875,1250.3704833984375,2177.1005859375,2631.860595703125,2366.47314453125,1837.5,3055.0380859375,4443.96533203125,2769.75439453125,10177.3564453125
2019-10-12,5312.51171875,1250.3704833984375,2177.1005859375,2631.860595703125,2366.47314453125,1837.5,3055.0380859375,4443.96533203125,2769.75439453125,10177.3564453125
2019-10-13,5312.51171875,1250.3704833984375,2177.1005859375,2631.860595703125,2366.47314453125,1837.5,3055.0380859375,4443.96533203125,2769.75439453125,10177.3564453125
2019-10-14,5377.56298828125,1242.8380126953125,2220.27294921875,2631.860595703125,2384.537841796875,1837.5,3069.690673828125,4409.64990234375,2749.899169921875,10155.46875
2019-10-15,5355.87939453125,1242.8380126953125,2251.10986328125,2645.288818359375,2375.50537109375,1837.5,3055.0380859375,4392.49072265625,2839.24658203125,9958.4873046875
2019-10-16,5390.57421875,1242.8380126953125,2269.6123046875,2678.858154296875,2393.570556640625,1837.5,3055.0380859375,4375.33251953125,2878.9560546875,9914.71484375
2019-10-17,5303.83935546875,1242.8380126953125,2300.44921875,2719.1416015625,2420.667236328125,1837.5,3055.0380859375,4546.91357421875,2928.59326171875,10111.6953125
2019-10-18,5342.86962890625,1242.8380126953125,2331.286376953125,2799.709228515625,2447.76416015625,1837.5,3069.690673828125,4598.388671875,2968.30322265625,9870.94140625
2019-10-19,5342.86962890625,1242.8380126953125,2331.286376953125,2799.709228515625,2447.76416015625,1837.5,3069.690673828125,4598.388671875,2968.30322265625,9870.94140625
2019-10-20,5342.86962890625,1242.8380126953125,2331.286376953125,2799.709228515625,2447.76416015625,1837.5,3069.690673828125,4598.388671875,2968.30322265625,9870.94140625
2019-10-21,5394.91064453125,1242.8380126953125,2331.286376953125,2766.1396484375,2456.796630859375,1760.0,3077.01708984375,4615.54736328125,2928.59326171875,9980.375
2019-10-22,5464.29931640625,1242.8380126953125,2337.453857421875,2779.5673828125,2465.8291015625,1857.5,3098.995849609375,4632.70556640625,2908.73828125,10002.2626953125
2019-10-23,5442.615234375,1242.8380126953125,2355.956298828125,2806.4228515625,2556.15234375,1857.5,3120.974365234375,4632.70556640625,2998.085205078125,10067.9228515625
2019-10-24,5464.29931640625,1026.282958984375,2355.956298828125,2886.98974609375,2610.3466796875,1752.5,3186.91015625,4769.970703125,3137.0693359375,10155.46875
2019-10-25,5377.56298828125,1028.1661376953125,2295.54150390625,2839.99267578125,2529.055419921875,1752.5,3135.626708984375,4667.02197265625,3107.287109375,10002.2626953125
2019-10-26,5377.56298828125,1028.1661376953125,2295.54150390625,2839.99267578125,2529.055419921875,1752.5,3135.626708984375,4667.02197265625,3107.287109375,10002.2626953125
2019-10-27,5377.56298828125,1028.1661376953125,2295.54150390625,2839.99267578125,2529.055419921875,1752.5,3135.626708984375,4667.02197265625,3107.287109375,10002.2626953125
2019-10-28,5381.8994140625,1028.1661376953125,2289.370849609375,2839.99267578125,2529.055419921875,1752.5,3120.974365234375,4735.65380859375,3087.43212890625,10243.0166015625
2019-10-29,5394.91064453125,1030.0491943359375,2289.370849609375,2839.99267578125,2565.18505859375,1875.0,3172.2578125,4787.12890625,3067.5771484375,10155.46875
2019-10-30,5433.94140625,1231.53955078125,2295.54150390625,2853.420166015625,2538.087890625,1875.0,3128.300537109375,4769.970703125,3077.5048828125,10221.1298828125
2019-10-31,5455.62451171875,1035.6983642578125,2344.907958984375,2826.56494140625,2538.087890625,1750.0,3011.080810546875,4769.970703125,3047.722412109375,10177.3564453125
2019-11-01,5485.98193359375,1054.529541015625,2307.883056640625,2806.4228515625,2520.02294921875,1782.5,2989.10205078125,4667.02197265625,3047.722412109375,10177.3564453125
2019-11-02,5485.98193359375,1054.529541015625,2307.883056640625,2806.4228515625,2520.02294921875,1782.5,2989.10205078125,4667.02197265625,3047.722412109375,10177.3564453125
2019-11-03,5485.98193359375,1054.529541015625,2307.883056640625,2806.4228515625,2520.02294921875,1782.5,2989.10205078125,4667.02197265625,3047.722412109375,10177.3564453125
2019-11-04,5442.615234375,998.03662109375,2320.224609375,2792.994873046875,2483.893798828125,1870.0,3040.3857421875,4598.388671875,3027.867431640625,9936.6015625
2019-11-05,5516.33984375,1001.8028564453125,2344.907958984375,2886.98974609375,2601.314208984375,1870.0,3077.01708984375,4735.65380859375,3067.5771484375,9805.28125
2019-11-06,5459.96240234375,1084.6588134765625,2301.712158203125,2792.994873046875,2520.02294921875,1870.0,3018.407470703125,4701.337890625,2978.230224609375,9827.16796875
2019-11-07,5451.2880859375,1084.6588134765625,2307.883056640625,2685.572265625,2529.055419921875,1870.0,2981.77587890625,4615.54736328125,3017.940185546875,9455.091796875
2019-11-08,5446.9521484375,1084.6588134765625,2246.175048828125,2678.858154296875,2565.18505859375,1870.0,3011.080810546875,4546.91357421875,3047.722412109375,9870.94140625
2019-11-09,5446.9521484375,1084.6588134765625,2246.175048828125,2678.858154296875,2565.18505859375,1870.0,3011.080810546875,4546.91357421875,3047.722412109375,9870.94140625
2019-11-10,5446.9521484375,1084.6588134765625,2246.175048828125,2678.858154296875,2565.18505859375,1870.0,3011.080810546875,4546.91357421875,3047.722412109375,9870.94140625
2019-11-11,5459.96240234375,873.7528686523438,2295.54150390625,2685.572265625,2547.1201171875,1840.0,3003.754638671875,4564.07275390625,2998.085205078125,9980.375
2019-11-12,5433.94140625,1046.9969482421875,2332.56640625,2685.572265625,2538.087890625,1622.5,3062.364501953125,4649.86328125,3017.940185546875,9980.375
2019-11-13,5446.9521484375,979.205810546875,2381.932861328125,2658.71630859375,2483.893798828125,1625.0,3040.3857421875,4615.54736328125,2918.66552734375,10046.03515625
2019-11-14,5438.27783203125,911.4146728515625,2381.932861328125,2645.288818359375,2483.893798828125,1675.0,2967.123779296875,4512.59765625,2898.810791015625,9980.375
2019-11-15,5442.615234375,1001.8028564453125,2400.44580078125,2745.99755859375,2510.990966796875,1675.0,2989.10205078125,4478.28125,2958.37548828125,9980.375
2019-11-16,5442.615234375,1001.8028564453125,2400.44580078125,2745.99755859375,2510.990966796875,1675.0,2989.10205078125,4478.28125,2958.37548828125,9980.375
2019-11-17,5442.615234375,1001.8028564453125,2400.44580078125,2745.99755859375,2510.990966796875,1675.0,2989.10205078125,4478.28125,2958.37548828125,9980.375
2019-11-18,5446.9521484375,1190.11181640625,2406.616455078125,2766.1396484375,2520.02294921875,1675.0,2930.4921875,4529.75634765625,2948.447998046875,9980.375
2019-11-19,5477.30908203125,1137.3851318359375,2332.56640625,2813.13671875,2583.24951171875,1675.0,2945.144775390625,4564.07275390625,3017.940185546875,10002.2626953125
2019-11-20,5507.666015625,1180.6962890625,2326.395751953125,2833.278564453125,2565.18505859375,1675.0,2996.428466796875,4546.91357421875,3037.794921875,10002.2626953125
2019-11-21,5464.29931640625,1161.8653564453125,2233.833740234375,2833.278564453125,2592.28173828125,1580.0,2945.144775390625,4529.75634765625,3057.64990234375,9980.375
2019-11-22,5468.634765625,1161.8653564453125,2215.3212890625,2826.56494140625,2556.15234375,1580.0,2967.123779296875,4546.91357421875,3037.794921875,10002.2626953125
2019-11-23,5468.634765625,1161.8653564453125,2215.3212890625,2826.56494140625,2556.15234375,1580.0,2967.123779296875,4546.91357421875,3037.794921875,10002.2626953125
2019-11-24,5468.634765625,1161.8653564453125,2215.3212890625,2826.56494140625,2556.15234375,1580.0,2967.123779296875,4546.91357421875,3037.794921875,10002.2626953125
2019-11-25,5442.615234375,1161.8653564453125,2227.662841796875,2772.85302734375,2520.02294921875,1302.5,2893.861572265625,4461.1240234375,2978.230224609375,9980.375
2019-11-26,5451.2880859375,1129.8529052734375,2246.175048828125,2786.281005859375,2501.95849609375,1305.0,2827.925048828125,4358.1748046875,2978.230224609375,9958.4873046875
2019-11-27,5464.29931640625,1129.8529052734375,2264.6875,2799.709228515625,2492.926025390625,1442.5,2842.57763671875,4409.64990234375,2968.30322265625,9958.4873046875
2019-11-28,5420.93115234375,1129.8529052734375,2283.2001953125,2719.1416015625,2447.76416015625,1435.0,2798.619873046875,4392.49072265625,2938.520751953125,9914.71484375
2019-11-29,5446.9521484375,1039.464599609375,2307.883056640625,2745.99755859375,2520.02294921875,1522.5,2879.208740234375,4461.1240234375,2978.230224609375,9914.71484375
2019-11-30,5446.9521484375,1039.464599609375,2307.883056640625,2745.99755859375,2520.02294921875,1522.5,2879.208740234375,4461.1240234375,2978.230224609375,9914.71484375
2019-12-01,5446.9521484375,1039.464599609375,2307.883056640625,2745.99755859375,2520.02294921875,1522.5,2879.208740234375,4461.1240234375,2978.230224609375,9914.71484375
2019-12-02,5572.71728515625,1039.464599609375,2320.224609375,2826.56494140625,2565.18505859375,1522.5,2893.861572265625,4564.07275390625,2998.085205078125,9980.375
2019-12-03,5529.34912109375,1114.7882080078125,2344.907958984375,2799.709228515625,2592.28173828125,1522.5,2871.882568359375,4478.28125,2998.085205078125,9980.375
2019-12-04,5520.67578125,1114.7882080078125,2357.249755859375,2772.85302734375,2556.15234375,1522.5,2923.165771484375,4495.43994140625,2948.447998046875,9717.7333984375
2019-12-05,5498.99267578125,1114.7882080078125,2394.27490234375,2833.278564453125,2592.28173828125,1522.5,2974.44970703125,4598.388671875,2958.37548828125,9849.0546875
2019-12-06,5564.24951171875,1114.7882080078125,2418.9580078125,2799.709228515625,2592.28173828125,1522.5,3003.754638671875,4649.86328125,3008.012451171875,10002.2626953125
2019-12-07,5564.24951171875,1114.7882080078125,2418.9580078125,2799.709228515625,2592.28173828125,1522.5,3003.754638671875,4649.86328125,3008.012451171875,10002.2626953125
2019-12-08,5564.24951171875,1114.7882080078125,2418.9580078125,2799.709228515625,2592.28173828125,1522.5,3003.754638671875,4649.86328125,3008.012451171875,10002.2626953125
2019-12-09,5564.24951171875,1114.7882080078125,2406.616455078125,2806.4228515625,2619.378662109375,1522.5,2981.77587890625,4581.23095703125,3008.012451171875,9958.4873046875
2019-12-10,5538.146484375,1114.7882080078125,2406.616455078125,2799.709228515625,2664.540283203125,1522.5,2959.797607421875,4564.07275390625,3017.940185546875,9958.4873046875
2019-12-11,5551.19873046875,1114.7882080078125,2425.128662109375,2826.56494140625,2655.508056640625,1560.0,2967.123779296875,4495.43994140625,2988.15771484375,10024.1484375
2019-12-12,5516.39404296875,1114.7882080078125,2431.29931640625,2853.420166015625,2637.443359375,1512.5,2893.861572265625,4495.43994140625,2988.15771484375,9958.4873046875
2019-12-13,5533.79638671875,1092.1910400390625,2443.64111328125,2873.5625,2664.540283203125,1495.0,2923.165771484375,4701.337890625,3037.794921875,10024.1484375
2019-12-14,5533.79638671875,1092.1910400390625,2443.64111328125,2873.5625,2664.540283203125,1495.0,2923.165771484375,4701.337890625,3037.794921875,10024.1484375
2019-12-15,5533.79638671875,1092.1910400390625,2443.64111328125,2873.5625,2664.540283203125,1495.0,2923.165771484375,4701.337890625,3037.794921875,10024.1484375
2019-12-16,5533.79638671875,913.297607421875,2449.811767578125,2907.131591796875,2655.508056640625,1495.0,2908.513427734375,4787.12890625,3057.64990234375,9936.6015625
2019-12-17,5655.60986328125,1039.464599609375,2455.982421875,2920.5595703125,2655.508056640625,1515.0,2915.83984375,4769.970703125,3057.64990234375,10067.9228515625
2019-12-18,5877.4833984375,1039.464599609375,2462.153564453125,2954.129150390625,2718.734375,1512.5,2923.165771484375,4735.65380859375,3107.287109375,10067.9228515625
2019-12-19,5742.61865234375,1039.464599609375,2468.32421875,2920.5595703125,2745.83154296875,1505.0,2857.22998046875,4701.337890625,3107.287109375,10002.2626953125
2019-12-20,5794.82470703125,1039.464599609375,2597.91162109375,2927.273681640625,2781.9609375,1450.0,2945.144775390625,4752.81201171875,3097.359619140625,10089.80859375
2019-12-21,5794.82470703125,1039.464599609375,2597.91162109375,2927.273681640625,2781.9609375,1450.0,2945.144775390625,4752.81201171875,3097.359619140625,10089.80859375
2019-12-22,5794.82470703125,1039.464599609375,2597.91162109375,2927.273681640625,2781.9609375,1450.0,2945.144775390625,4752.81201171875,3097.359619140625,10089.80859375
2019-12-23,5794.82470703125,1235.3057861328125,2585.56982421875,2987.69921875,2790.9931640625,1450.0,2945.144775390625,4735.65380859375,3146.99658203125,9980.375
2019-12-24,5794.82470703125,1235.3057861328125,2585.56982421875,2987.69921875,2790.9931640625,1450.0,2945.144775390625,4735.65380859375,3146.99658203125,9980.375
2019-12-25,5794.82470703125,1235.3057861328125,2585.56982421875,2987.69921875,2790.9931640625,1450.0,2945.144775390625,4735.65380859375,3146.99658203125,9980.375
2019-12-26,5812.22705078125,1235.3057861328125,2597.91162109375,2960.843505859375,2818.09033203125,1450.0,2930.4921875,4718.49609375,3156.92431640625,9870.94140625
2019-12-27,5825.27685546875,1231.53955078125,2573.22802734375,2974.27099609375,2800.025634765625,1450.0,2923.165771484375,4752.81201171875,3146.99658203125,9783.39453125
2019-12-28,5825.27685546875,1231.53955078125,2573.22802734375,2974.27099609375,2800.025634765625,1450.0,2923.165771484375,4752.81201171875,3146.99658203125,9783.39453125
2019-12-29,5825.27685546875,1231.53955078125,2573.22802734375,2974.27099609375,2800.025634765625,1450.0,2923.165771484375,4752.81201171875,3146.99658203125,9783.39453125
2019-12-30,5816.57666015625,1197.643798828125,2560.88623046875,2954.129150390625,2772.9287109375,1387.5,2908.513427734375,4752.81201171875,3117.21435546875,9761.5068359375
2019-12-31,5816.57666015625,1197.643798828125,2560.88623046875,2954.129150390625,2772.9287109375,1387.5,2908.513427734375,4752.81201171875,3117.21435546875,9761.5068359375
2020-01-01,5816.57666015625,1197.643798828125,2560.88623046875,2954.129150390625,2772.9287109375,1387.5,2908.513427734375,4752.81201171875,3117.21435546875,9761.5068359375
2020-01-02,5820.927734375,1197.643798828125,2536.203369140625,2960.843505859375,2800.025634765625,1435.0,2864.55615234375,4718.49609375,3087.43212890625,9761.5068359375
2020-01-03,5916.638671875,1171.28076171875,2536.203369140625,2967.556884765625,2790.9931640625,1435.0,2915.83984375,4769.970703125,3097.359619140625,9849.0546875
2020-01-04,5916.638671875,1171.28076171875,2536.203369140625,2967.556884765625,2790.9931640625,1435.0,2915.83984375,4769.970703125,3097.359619140625,9849.0546875
2020-01-05,5916.638671875,1171.28076171875,2536.203369140625,2967.556884765625,2790.9931640625,1435.0,2915.83984375,4769.970703125,3097.359619140625,9849.0546875
2020-01-06,5860.08154296875,1171.28076171875,2406.616455078125,2933.987548828125,2745.83154296875,1435.0,2901.1875,4632.70556640625,3027.867431640625,10067.9228515625
2020-01-07,5864.43212890625,1171.28076171875,2375.761962890625,2954.129150390625,2745.83154296875,1435.0,2886.534912109375,4649.86328125,2998.085205078125,10067.9228515625
2020-01-08,5812.22705078125,1171.28076171875,2295.54150390625,2940.70166015625,2709.7021484375,1435.0,2857.22998046875,4649.86328125,2948.447998046875,10111.6953125
2020-01-09,5864.43212890625,1171.28076171875,2338.737060546875,2954.129150390625,2781.9609375,1435.0,2901.1875,4718.49609375,3057.64990234375,10089.80859375
2020-01-10,5851.38037109375,1186.3453369140625,2326.395751953125,2960.843505859375,2790.9931640625,1435.0,2915.83984375,4684.1796875,3067.5771484375,10089.80859375
2020-01-11,5851.38037109375,1186.3453369140625,2326.395751953125,2960.843505859375,2790.9931640625,1435.0,2915.83984375,4684.1796875,3067.5771484375,10089.80859375
2020-01-12,5851.38037109375,1186.3453369140625,2326.395751953125,2960.843505859375,2790.9931640625,1435.0,2915.83984375,4684.1796875,3067.5771484375,10089.80859375
2020-01-13,5868.78271484375,1159.9822998046875,2326.395751953125,3027.982421875,2790.9931640625,1435.0,2952.47119140625,4752.81201171875,3087.43212890625,10111.6953125
2020-01-14,5977.5439453125,1159.9822998046875,2332.56640625,3068.26611328125,2800.025634765625,1435.0,2893.861572265625,4924.39404296875,3117.21435546875,10155.46875
2020-01-15,5947.09033203125,1159.9822998046875,2332.56640625,3074.97998046875,2763.896240234375,1437.5,2842.57763671875,4941.552734375,3047.722412109375,10046.03515625
2020-01-16,5960.1416015625,1159.9822998046875,2344.907958984375,3068.26611328125,2727.7666015625,1437.5,2820.598876953125,4890.0771484375,3057.64990234375,10155.46875
2020-01-17,5981.89404296875,1144.9173583984375,2357.249755859375,3108.54931640625,2790.9931640625,1437.5,2791.2939453125,4855.76123046875,3087.43212890625,10133.5830078125
2020-01-18,5981.89404296875,1144.9173583984375,2357.249755859375,3108.54931640625,2790.9931640625,1437.5,2791.2939453125,4855.76123046875,3087.43212890625,10133.5830078125
2020-01-19,5981.89404296875,1144.9173583984375,2357.249755859375,3108.54931640625,2790.9931640625,1437.5,2791.2939453125,4855.76123046875,3087.43212890625,10133.5830078125
2020-01-20,5947.09033203125,1144.9173583984375,2375.761962890625,3128.691650390625,2754.864013671875,1437.5,2791.2939453125,4804.287109375,2998.085205078125,10155.46875
2020-01-21,5942.740234375,1144.9173583984375,2369.59130859375,3135.405517578125,2781.9609375,1580.0,2849.90380859375,4821.44482421875,3008.012451171875,10243.0166015625
2020-01-22,5951.43994140625,1144.9173583984375,2388.103759765625,3162.26123046875,2818.09033203125,1547.5,2827.925048828125,4804.287109375,3027.867431640625,10286.791015625
2020-01-23,5951.43994140625,1144.9173583984375,2418.9580078125,3182.403076171875,2809.057861328125,1547.5,2842.57763671875,4838.60400390625,3037.794921875,10243.0166015625
2020-01-24,5925.33935546875,1144.9173583984375,2462.153564453125,3182.403076171875,2863.252197265625,1547.5,2871.882568359375,4787.12890625,3057.64990234375,10243.0166015625
2020-01-25,5925.33935546875,1144.9173583984375,2462.153564453125,3182.403076171875,2863.252197265625,1547.5,2871.882568359375,4787.12890625,3057.64990234375,10243.0166015625
2020-01-26,5925.33935546875,1144.9173583984375,2462.153564453125,3182.403076171875,2863.252197265625,1547.5,2871.882568359375,4787.12890625,3057.64990234375,10243.0166015625
2020-01-27,5951.43994140625,1144.9173583984375,2221.491943359375,3121.9775390625,2790.9931640625,1537.5,2813.272705078125,4615.54736328125,2958.37548828125,10199.2431640625
2020-01-28,5907.9365234375,1144.9173583984375,2215.3212890625,3101.835693359375,2800.025634765625,1537.5,2805.9462890625,4684.1796875,2968.30322265625,10177.3564453125
2020-01-29,5903.58642578125,1144.9173583984375,2240.004150390625,3101.835693359375,2818.09033203125,1537.5,2857.22998046875,4684.1796875,2918.66552734375,10243.0166015625
2020-01-30,5864.43212890625,1144.9173583984375,2202.979248046875,3074.97998046875,2763.896240234375,1537.5,2827.925048828125,4546.91357421875,2878.9560546875,10177.3564453125
2020-01-31,5638.20751953125,1144.9173583984375,2165.95458984375,2994.4130859375,2727.7666015625,1537.5,2783.967529296875,4358.1748046875,2859.10107421875,9958.4873046875
2020-02-01,5638.20751953125,1144.9173583984375,2165.95458984375,2994.4130859375,2727.7666015625,1537.5,2783.967529296875,4358.1748046875,2859.10107421875,9958.4873046875
2020-02-02,5638.20751953125,1144.9173583984375,2165.95458984375,2994.4130859375,2727.7666015625,1537.5,2783.967529296875,4358.1748046875,2859.10107421875,9958.4873046875
2020-02-03,5603.4033203125,1144.9173583984375,2159.78369140625,2994.4130859375,2709.7021484375,1277.5,2740.01025390625,4306.7001953125,2829.31884765625,9980.375
2020-02-04,5742.61865234375,1144.9173583984375,2159.78369140625,3061.552001953125,2718.734375,1277.5,2754.662841796875,4392.49072265625,2918.66552734375,10155.46875
2020-02-05,5855.73095703125,1144.9173583984375,2153.613037109375,3061.552001953125,2781.9609375,1387.5,2761.989013671875,4392.49072265625,2948.447998046875,10067.9228515625
2020-02-06,5864.43212890625,1144.9173583984375,2153.613037109375,3054.838134765625,2781.9609375,1372.5,2754.662841796875,4461.1240234375,2918.66552734375,10067.9228515625
2020-02-07,5881.83349609375,1144.9173583984375,2172.125244140625,3054.838134765625,2790.9931640625,1360.0,2776.641357421875,4392.49072265625,2918.66552734375,10067.9228515625
2020-02-08,5881.83349609375,1144.9173583984375,2172.125244140625,3054.838134765625,2790.9931640625,1360.0,2776.641357421875,4392.49072265625,2918.66552734375,10067.9228515625
2020-02-09,5881.83349609375,1144.9173583984375,2172.125244140625,3054.838134765625,2790.9931640625,1360.0,2776.641357421875,4392.49072265625,2918.66552734375,10067.9228515625
2020-02-10,5903.58642578125,1144.9173583984375,2178.2958984375,3021.268798828125,2790.9931640625,1550.0,2791.2939453125,4255.22509765625,2908.73828125,10133.5830078125
2020-02-11,5899.2353515625,1144.9173583984375,2202.979248046875,3027.982421875,2809.057861328125,1550.0,2776.641357421875,4186.59326171875,2898.810791015625,10046.03515625
2020-02-12,5916.638671875,1144.9173583984375,2227.662841796875,3041.41064453125,2818.09033203125,1550.0,2798.619873046875,4100.8017578125,2888.883056640625,9411.318359375
2020-02-13,5907.9365234375,1144.9173583984375,2227.662841796875,3068.26611328125,2836.155029296875,1550.0,2732.684326171875,4083.643798828125,2938.520751953125,9455.091796875
2020-02-14,5812.22705078125,1144.9173583984375,2215.3212890625,3054.838134765625,2827.122802734375,1550.0,2666.748046875,4186.59326171875,2988.15771484375,9433.2060546875
2020-02-15,5812.22705078125,1144.9173583984375,2215.3212890625,3054.838134765625,2827.122802734375,1550.0,2666.748046875,4186.59326171875,2988.15771484375,9433.2060546875
2020-02-16,5812.22705078125,1144.9173583984375,2215.3212890625,3054.838134765625,2827.122802734375,1550.0,2666.748046875,4186.59326171875,2988.15771484375,9433.2060546875
2020-02-17,5847.029296875,1144.9173583984375,2184.466796875,3001.126953125,2836.155029296875,1550.0,2644.76953125,4186.59326171875,3027.867431640625,9498.8671875
2020-02-18,5825.27685546875,1144.9173583984375,2215.3212890625,2954.129150390625,2827.122802734375,1550.0,2652.095458984375,4186.59326171875,3057.64990234375,9498.8671875
2020-02-19,5825.27685546875,1144.9173583984375,2240.004150390625,3007.840576171875,2872.284423828125,1787.5,2652.095458984375,4289.5419921875,3087.43212890625,9630.1875
2020-02-20,5738.267578125,1144.9173583984375,2233.833740234375,3061.552001953125,2890.34912109375,1787.5,2659.421630859375,4306.7001953125,3146.99658203125,9827.16796875
2020-02-21,5755.6708984375,1144.9173583984375,2233.833740234375,3027.982421875,2854.2197265625,1787.5,2703.379150390625,4255.22509765625,3087.43212890625,9586.412109375
2020-02-22,5755.6708984375,1144.9173583984375,2233.833740234375,3027.982421875,2854.2197265625,1787.5,2703.379150390625,4255.22509765625,3087.43212890625,9586.412109375
2020-02-23,5755.6708984375,1144.9173583984375,2233.833740234375,3027.982421875,2854.2197265625,1787.5,2703.379150390625,4255.22509765625,3087.43212890625,9586.412109375
2020-02-24,5677.3623046875,1144.9173583984375,2344.907958984375,3014.554443359375,2809.057861328125,1787.5,2666.748046875,4186.59326171875,3008.012451171875,9652.0732421875
2020-02-25,5681.7119140625,1144.9173583984375,2122.7587890625,3021.268798828125,2818.09033203125,1787.5,2630.11669921875,4272.3837890625,2978.230224609375,9608.298828125
2020-02-26,5586.001953125,1144.9173583984375,1999.3426513671875,3007.840576171875,2763.896240234375,1787.5,2571.5068359375,4152.2763671875,2898.810791015625,9476.978515625
2020-02-27,5472.8896484375,1144.9173583984375,1931.4638671875,2881.021484375,2655.508056640625,1787.5,2542.2021484375,4083.643798828125,2809.4638671875,9236.224609375
2020-02-28,5472.8896484375,1144.9173583984375,1974.6593017578125,2922.876708984375,2761.14990234375,1787.5,2556.8544921875,3791.955078125,2789.60888671875,8995.4697265625
2020-02-29,5472.8896484375,1144.9173583984375,1974.6593017578125,2922.876708984375,2761.14990234375,1787.5,2556.8544921875,3791.955078125,2789.60888671875,8995.4697265625
2020-03-01,5472.8896484375,1144.9173583984375,1974.6593017578125,2922.876708984375,2761.14990234375,1787.5,2556.8544921875,3791.955078125,2789.60888671875,8995.4697265625
2020-03-02,5290.17041015625,1144.9173583984375,1949.9761962890625,2776.384033203125,2637.799560546875,1787.5,2520.2236328125,3912.0625,2761.47900390625,8886.03515625
2020-03-03,5498.99267578125,1144.9173583984375,1919.122314453125,2860.093994140625,2732.684326171875,1787.5,2652.095458984375,4049.327392578125,2781.934814453125,9586.412109375
2020-03-04,5603.4033203125,1144.9173583984375,1925.29296875,2943.803955078125,2837.057861328125,1787.5,2805.9462890625,4100.8017578125,2843.300537109375,9586.412109375
2020-03-05,5599.052734375,1144.9173583984375,1900.6097412109375,2894.973388671875,2884.500244140625,1787.5,2805.9462890625,4152.2763671875,2792.162109375,9586.412109375
2020-03-06,5394.5810546875,1144.9173583984375,1900.6097412109375,2797.311767578125,2751.661376953125,1787.5,2747.3369140625,3894.904052734375,2618.29150390625,9586.412109375
2020-03-07,5394.5810546875,1144.9173583984375,1900.6097412109375,2797.311767578125,2751.661376953125,1787.5,2747.3369140625,3894.904052734375,2618.29150390625,9586.412109375
2020-03-08,5394.5810546875,1144.9173583984375,1900.6097412109375,2797.311767578125,2751.661376953125,1787.5,2747.3369140625,3894.904052734375,2618.29150390625,9586.412109375
2020-03-09,5033.49267578125,1144.9173583984375,1851.2432861328125,2615.939453125,2495.47216796875,1787.5,2564.1806640625,3448.7919921875,2311.46044921875,9083.0166015625
2020-03-10,5155.3056640625,1144.9173583984375,1900.6097412109375,2727.55322265625,2609.334228515625,1787.5,2556.8544921875,3534.58251953125,2321.688232421875,9433.2060546875
2020-03-11,5090.04833984375,1144.9173583984375,1894.4388427734375,2727.55322265625,2590.357177734375,1787.5,2490.91845703125,3517.424560546875,2260.322021484375,9586.412109375
2020-03-12,4837.72119140625,1144.9173583984375,1721.6561279296875,2518.278076171875,2438.54150390625,1787.5,2424.982177734375,3369.864013671875,2055.767822265625,9214.3369140625
2020-03-13,4837.72119140625,1144.9173583984375,1721.6561279296875,2595.01220703125,2410.075927734375,1787.5,2424.982177734375,3369.864013671875,2055.767822265625,9608.298828125
2020-03-14,4837.72119140625,1144.9173583984375,1721.6561279296875,2595.01220703125,2410.075927734375,1787.5,2424.982177734375,3369.864013671875,2055.767822265625,9608.298828125
2020-03-15,4837.72119140625,1144.9173583984375,1721.6561279296875,2595.01220703125,2410.075927734375,1787.5,2424.982177734375,3369.864013671875,2055.767822265625,9608.298828125
2020-03-16,4837.72119140625,1144.9173583984375,1721.6561279296875,2441.5439453125,2410.075927734375,1787.5,2315.089111328125,3150.239990234375,1980.0828857421875,9104.904296875
2020-03-17,4454.8798828125,1144.9173583984375,1493.3363037109375,2274.12353515625,2096.95556640625,1787.5,2153.911865234375,2930.614990234375,1845.077392578125,8535.845703125
2020-03-18,4350.46875,1144.9173583984375,1542.70263671875,2190.41357421875,1954.6285400390625,1787.5,2058.6708984375,2848.255859375,1718.2535400390625,8163.7705078125
2020-03-19,4045.936279296875,1144.9173583984375,1437.798828125,2043.9207763671875,1817.994140625,1975.0,1919.47265625,2649.22119140625,1599.612548828125,7747.9228515625
2020-03-20,4119.89404296875,1144.9173583984375,1567.3858642578125,1960.2105712890625,1692.7462158203125,1975.0,2109.95458984375,2594.314697265625,1489.1533203125,7857.35693359375
2020-03-21,4119.89404296875,1144.9173583984375,1567.3858642578125,1960.2105712890625,1692.7462158203125,1975.0,2109.95458984375,2594.314697265625,1489.1533203125,7857.35693359375
2020-03-22,4119.89404296875,1144.9173583984375,1567.3858642578125,1960.2105712890625,1692.7462158203125,1975.0,2109.95458984375,2594.314697265625,1489.1533203125,7857.35693359375
2020-03-23,3854.514892578125,1144.9173583984375,1462.4822998046875,1827.669921875,1575.0889892578125,1975.0,1963.4298095703125,2415.8701171875,1386.8763427734375,7310.18701171875
2020-03-24,3915.422119140625,1144.9173583984375,1468.65283203125,1702.104736328125,1465.0224609375,1975.0,1919.47265625,2251.151611328125,1292.7813720703125,7266.4140625
2020-03-25,3915.422119140625,1144.9173583984375,1468.65283203125,1702.104736328125,1465.0224609375,1975.0,1919.47265625,2251.151611328125,1292.7813720703125,7266.4140625
2020-03-26,4594.09521484375,1144.9173583984375,1480.9945068359375,2050.896728515625,1696.5416259765625,1975.0,2183.216796875,2484.502685546875,1468.6978759765625,8316.978515625
2020-03-27,4794.21630859375,1144.9173583984375,1382.2615966796875,2253.196044921875,1874.9251708984375,1975.0,2263.805419921875,2800.213134765625,1632.3409423828125,8732.8271484375
2020-03-28,4794.21630859375,1144.9173583984375,1382.2615966796875,2253.196044921875,1874.9251708984375,1975.0,2263.805419921875,2800.213134765625,1632.3409423828125,8732.8271484375
2020-03-29,4794.21630859375,1144.9173583984375,1382.2615966796875,2253.196044921875,1874.9251708984375,1975.0,2263.805419921875,2800.213134765625,1632.3409423828125,8732.8271484375
2020-03-30,4781.16455078125,1144.9173583984375,1332.8951416015625,2099.7275390625,1745.881591796875,1975.0,2300.436279296875,2608.041748046875,1521.8818359375,8448.2998046875
2020-03-31,4807.26806640625,1092.1910400390625,1295.8702392578125,2106.70361328125,1776.244873046875,1975.0,2315.089111328125,2676.673583984375,1562.792724609375,8951.6962890625
2020-04-01,4768.11376953125,1092.1910400390625,1295.8702392578125,2043.9207763671875,1749.6768798828125,1975.0,2271.131591796875,2587.45166015625,1505.517578125,8886.03515625
2020-04-02,4707.20751953125,1092.1910400390625,1413.11572265625,2002.066162109375,1802.812744140625,1975.0,2293.110107421875,2697.26416015625,1575.06591796875,8929.80859375
2020-04-03,4781.16455078125,1092.1910400390625,1690.8021240234375,2016.0177001953125,1907.18603515625,1975.0,2344.3935546875,2676.673583984375,1640.5233154296875,8754.71484375
2020-04-04,4781.16455078125,1092.1910400390625,1690.8021240234375,2016.0177001953125,1907.18603515625,1975.0,2344.3935546875,2676.673583984375,1640.5233154296875,8754.71484375
2020-04-05,4781.16455078125,1092.1910400390625,1690.8021240234375,2016.0177001953125,1907.18603515625,1975.0,2344.3935546875,2676.673583984375,1640.5233154296875,8754.71484375
2020-04-06,4989.9873046875,1092.1910400390625,1801.876708984375,2106.70361328125,1973.6053466796875,1975.0,2439.634765625,2765.896728515625,1755.0733642578125,8973.58203125
2020-04-07,4920.3798828125,1092.1910400390625,1783.3642578125,2113.678955078125,1945.1397705078125,1975.0,2359.04638671875,2786.486572265625,1763.2554931640625,8820.375
2020-04-08,4902.9775390625,1092.1910400390625,1795.7059326171875,1967.186767578125,1810.4033203125,1975.0,2278.457763671875,2642.357666015625,1640.5233154296875,8404.5263671875
2020-04-09,4868.1748046875,1092.1910400390625,1820.38916015625,1946.2591552734375,1772.449462890625,1975.0,2285.783935546875,2807.076416015625,1632.3409423828125,8842.2626953125
2020-04-10,4868.1748046875,1092.1910400390625,1820.38916015625,1946.2591552734375,1772.449462890625,1975.0,2285.783935546875,2807.076416015625,1632.3409423828125,8842.2626953125
2020-04-11,4868.1748046875,1092.1910400390625,1820.38916015625,1946.2591552734375,1772.449462890625,1975.0,2285.783935546875,2807.076416015625,1632.3409423828125,8842.2626953125
2020-04-12,4868.1748046875,1092.1910400390625,1820.38916015625,1946.2591552734375,1772.449462890625,1975.0,2285.783935546875,2807.076416015625,1632.3409423828125,8842.2626953125
2020-04-13,4785.51513671875,1092.1910400390625,1838.9017333984375,1932.3074951171875,1696.5416259765625,1975.0,2329.741455078125,2717.853759765625,1632.3409423828125,8929.80859375
2020-04-14,4798.56689453125,1092.1910400390625,1863.5848388671875,2022.9932861328125,1734.4954833984375,1975.0,2373.698974609375,2717.853759765625,1697.79833984375,9061.1298828125
2020-04-15,4772.46484375,1092.1910400390625,1875.9263916015625,1925.3316650390625,1669.973876953125,1975.0,2278.457763671875,2621.768310546875,1718.2535400390625,8907.923828125
2020-04-16,4559.2919921875,1092.1910400390625,1900.6097412109375,1820.694091796875,1597.861328125,2125.0,2197.869140625,2484.502685546875,1628.25,8667.1669921875
2020-04-17,4720.25927734375,1092.1910400390625,1949.9761962890625,1974.162353515625,1662.3829345703125,2125.0,2366.372314453125,2608.041748046875,1701.8895263671875,8929.80859375
2020-04-18,4720.25927734375,1092.1910400390625,1949.9761962890625,1974.162353515625,1662.3829345703125,2125.0,2366.372314453125,2608.041748046875,1701.8895263671875,8929.80859375
2020-04-19,4720.25927734375,1092.1910400390625,1949.9761962890625,1974.162353515625,1662.3829345703125,2125.0,2366.372314453125,2608.041748046875,1701.8895263671875,8929.80859375
2020-04-20,4659.35205078125,1092.1910400390625,1931.4638671875,1939.2833251953125,1658.5875244140625,2125.0,2285.783935546875,2553.135009765625,1677.3428955078125,8820.375
2020-04-21,4567.29736328125,1092.1910400390625,1943.805419921875,1897.42822265625,1650.996826171875,2125.0,2249.153076171875,2498.229248046875,1648.7054443359375,8732.8271484375
2020-04-22,4554.0205078125,1092.1910400390625,2098.075927734375,1946.2591552734375,1704.1322021484375,2125.0,2315.089111328125,2498.229248046875,1644.6143798828125,8776.6015625
2020-04-23,4531.892578125,1092.1910400390625,2122.7587890625,1953.23486328125,1707.9276123046875,2125.0,2249.153076171875,2580.58837890625,1644.6143798828125,8886.03515625
2020-04-24,4354.86572265625,1092.1910400390625,2135.100341796875,1834.6455078125,1624.4290771484375,2125.0,2263.805419921875,2491.36572265625,1554.610595703125,8667.1669921875
2020-04-25,4354.86572265625,1092.1910400390625,2135.100341796875,1834.6455078125,1624.4290771484375,2125.0,2263.805419921875,2491.36572265625,1554.610595703125,8667.1669921875
2020-04-26,4354.86572265625,1092.1910400390625,2135.100341796875,1834.6455078125,1624.4290771484375,2125.0,2263.805419921875,2491.36572265625,1554.610595703125,8667.1669921875
2020-04-27,4390.27099609375,1092.1910400390625,2128.9296875,1855.5732421875,1575.0889892578125,2125.0,2307.7626953125,2546.27197265625,1554.610595703125,8689.0546875
2020-04-28,4275.20361328125,1092.1910400390625,2178.2958984375,1806.7421875,1575.0889892578125,2125.0,2315.089111328125,2566.862060546875,1562.792724609375,8776.6015625
2020-04-29,4292.90625,1092.1910400390625,2190.637939453125,1799.7666015625,1518.157958984375,2125.0,2454.287353515625,2532.545654296875,1538.24609375,8754.71484375
2020-04-30,4576.14990234375,1092.1910400390625,2215.3212890625,1904.404052734375,1692.7462158203125,2125.0,2564.1806640625,2642.357666015625,1677.3428955078125,8645.2822265625
2020-05-01,4576.14990234375,1092.1910400390625,2215.3212890625,1904.404052734375,1692.7462158203125,2125.0,2564.1806640625,2642.357666015625,1677.3428955078125,8645.2822265625
2020-05-02,4576.14990234375,1092.1910400390625,2215.3212890625,1904.404052734375,1692.7462158203125,2125.0,2564.1806640625,2642.357666015625,1677.3428955078125,8645.2822265625
2020-05-03,4576.14990234375,1092.1910400390625,2215.3212890625,1904.404052734375,1692.7462158203125,2125.0,2564.1806640625,2642.357666015625,1677.3428955078125,8645.2822265625
2020-05-04,4620.40576171875,1092.1910400390625,2128.9296875,1834.6455078125,1628.2244873046875,2125.0,2432.30859375,2477.639404296875,1603.7034912109375,8492.0732421875
2020-05-05,4677.93994140625,1092.1910400390625,2098.075927734375,1834.6455078125,1601.6566162109375,2125.0,2432.30859375,2477.639404296875,1570.9747314453125,8535.845703125
2020-05-06,4739.8994140625,1092.1910400390625,2011.684326171875,1827.669921875,1578.88427734375,2125.0,2373.698974609375,2498.229248046875,1566.8837890625,8470.185546875
2020-05-07,4739.8994140625,1092.1910400390625,2011.684326171875,1827.669921875,1578.88427734375,2125.0,2373.698974609375,2498.229248046875,1566.8837890625,8470.185546875
2020-05-08,4642.53466796875,1092.1910400390625,1974.6593017578125,1806.7421875,1594.06591796875,2125.0,2337.067626953125,2566.862060546875,1554.610595703125,8426.4130859375
2020-05-09,4642.53466796875,1092.1910400390625,1974.6593017578125,1806.7421875,1594.06591796875,2125.0,2337.067626953125,2566.862060546875,1554.610595703125,8426.4130859375
2020-05-10,4642.53466796875,1092.1910400390625,1974.6593017578125,1806.7421875,1594.06591796875,2125.0,2337.067626953125,2566.862060546875,1554.610595703125,8426.4130859375
2020-05-11,4686.79150390625,1092.1910400390625,1838.9017333984375,1827.669921875,1605.4521484375,2125.0,2359.04638671875,2690.40087890625,1554.610595703125,8535.845703125
2020-05-12,4620.40576171875,1092.1910400390625,1795.7059326171875,1736.98388671875,1521.9534912109375,2125.0,2307.7626953125,2621.768310546875,1497.33544921875,8535.845703125
2020-05-13,4523.04150390625,1092.1910400390625,1727.8271484375,1723.0323486328125,1521.9534912109375,2125.0,2315.089111328125,2559.99853515625,1521.8818359375,8448.2998046875
2020-05-14,4354.86572265625,1092.1910400390625,1653.7772216796875,1639.3221435546875,1499.1810302734375,2125.0,2249.153076171875,2450.18603515625,1448.242431640625,8513.9609375
2020-05-15,4235.3720703125,1092.1910400390625,1616.7523193359375,1562.5880126953125,1427.068603515625,2125.0,2271.131591796875,2546.27197265625,1366.4207763671875,8492.0732421875
2020-05-16,4235.3720703125,1092.1910400390625,1616.7523193359375,1562.5880126953125,1427.068603515625,2125.0,2271.131591796875,2546.27197265625,1366.4207763671875,8492.0732421875
2020-05-17,4235.3720703125,1092.1910400390625,1616.7523193359375,1562.5880126953125,1427.068603515625,2125.0,2271.131591796875,2546.27197265625,1366.4207763671875,8492.0732421875
2020-05-18,4217.66943359375,1092.1910400390625,1567.3858642578125,1513.757080078125,1411.886962890625,2125.0,2359.04638671875,2683.53759765625,1362.3297119140625,8513.9609375
2020-05-19,4142.43359375,1092.1910400390625,1616.7523193359375,1653.27392578125,1465.0224609375,2125.0,2395.677734375,2710.990478515625,1440.0604248046875,8667.1669921875
2020-05-20,4217.66943359375,1092.1910400390625,1709.3145751953125,1730.0081787109375,1544.725830078125,2097.5,2329.741455078125,2724.717041015625,1472.7890625,8404.5263671875
2020-05-21,4217.66943359375,1092.1910400390625,1709.3145751953125,1730.0081787109375,1544.725830078125,2097.5,2329.741455078125,2724.717041015625,1472.7890625,8404.5263671875
2020-05-22,4217.66943359375,1092.1910400390625,1709.3145751953125,1730.0081787109375,1544.725830078125,2097.5,2329.741455078125,2724.717041015625,1472.7890625,8404.5263671875
2020-05-23,4217.66943359375,1092.1910400390625,1709.3145751953125,1730.0081787109375,1544.725830078125,2097.5,2329.741455078125,2724.717041015625,1472.7890625,8404.5263671875
2020-05-24,4217.66943359375,1092.1910400390625,1709.3145751953125,1730.0081787109375,1544.725830078125,2097.5,2329.741455078125,2724.717041015625,1472.7890625,8404.5263671875
2020-05-25,4217.66943359375,1092.1910400390625,1709.3145751953125,1730.0081787109375,1544.725830078125,2097.5,2329.741455078125,2724.717041015625,1472.7890625,8404.5263671875
2020-05-26,4399.1220703125,1092.1910400390625,1764.851806640625,1757.911376953125,1556.1119384765625,2097.5,2381.025146484375,2971.794677734375,1485.0621337890625,7835.47021484375
2020-05-27,4394.69677734375,1092.1910400390625,1758.6810302734375,1834.6455078125,1559.907470703125,2097.5,2322.4150390625,2985.52099609375,1485.0621337890625,7288.30029296875
2020-05-28,4686.79150390625,1092.1910400390625,1801.876708984375,1904.404052734375,1628.2244873046875,2097.5,2293.110107421875,3115.92333984375,1497.33544921875,7288.30029296875
2020-05-29,4593.85205078125,1088.4249267578125,1808.0474853515625,2057.87255859375,1696.5416259765625,1952.5,2307.7626953125,3273.777587890625,1566.8837890625,7135.0927734375
2020-05-30,4593.85205078125,1088.4249267578125,1808.0474853515625,2057.87255859375,1696.5416259765625,1952.5,2307.7626953125,3273.777587890625,1566.8837890625,7135.0927734375
2020-05-31,4593.85205078125,1088.4249267578125,1808.0474853515625,2057.87255859375,1696.5416259765625,1952.5,2307.7626953125,3273.777587890625,1566.8837890625,7135.0927734375
2020-06-01,4593.85205078125,1088.4249267578125,1808.0474853515625,2057.87255859375,1696.5416259765625,1952.5,2307.7626953125,3273.777587890625,1566.8837890625,7135.0927734375
2020-06-02,4744.32470703125,1088.4249267578125,1826.56005859375,2218.31689453125,1753.472412109375,1952.5,2381.025146484375,3246.3251953125,1624.1588134765625,7419.62060546875
2020-06-03,5116.08203125,1088.4249267578125,1801.876708984375,2162.509765625,1844.5618896484375,1952.5,2410.329833984375,3356.1376953125,1689.6162109375,7441.50732421875
2020-06-04,5124.93408203125,1013.1015014648438,1808.0474853515625,2134.606689453125,1795.2216796875,1952.5,2417.65625,3266.914306640625,1693.7073974609375,7441.50732421875
2020-06-05,5067.3994140625,1013.1015014648438,1771.022705078125,2169.486083984375,1840.7664794921875,1952.5,2366.372314453125,3431.633056640625,1738.709228515625,7550.94189453125
2020-06-06,5067.3994140625,1013.1015014648438,1771.022705078125,2169.486083984375,1840.7664794921875,1952.5,2366.372314453125,3431.633056640625,1738.709228515625,7550.94189453125
2020-06-07,5067.3994140625,1013.1015014648438,1771.022705078125,2169.486083984375,1840.7664794921875,1952.5,2366.372314453125,3431.633056640625,1738.709228515625,7550.94189453125
2020-06-08,5222.2978515625,1013.1015014648438,1715.4853515625,2302.027099609375,1992.5823974609375,1952.5,2366.372314453125,3448.7919921875,1975.9918212890625,7682.26220703125
2020-06-09,5138.2099609375,1013.1015014648438,1746.339599609375,2239.244140625,2002.0709228515625,1952.5,2300.436279296875,3431.633056640625,1988.26513671875,7791.6962890625
2020-06-10,5133.78466796875,1013.1015014648438,1715.4853515625,2113.678955078125,1863.5389404296875,1915.0,2278.457763671875,3328.68408203125,1849.16845703125,7572.828125
2020-06-11,5027.568359375,1013.1015014648438,1727.8271484375,2071.82421875,1780.0401611328125,1895.0,2256.479248046875,3225.735595703125,1722.3448486328125,7529.0556640625
2020-06-12,5018.7177734375,1013.1015014648438,1659.947998046875,2113.678955078125,1855.9481201171875,2197.5,2219.84765625,3287.5048828125,1828.7130126953125,7529.0556640625
2020-06-13,5018.7177734375,1013.1015014648438,1659.947998046875,2113.678955078125,1855.9481201171875,2197.5,2219.84765625,3287.5048828125,1828.7130126953125,7529.0556640625
2020-06-14,5018.7177734375,1013.1015014648438,1659.947998046875,2113.678955078125,1855.9481201171875,2197.5,2219.84765625,3287.5048828125,1828.7130126953125,7529.0556640625
2020-06-15,4868.24365234375,1013.1015014648438,1629.093994140625,2022.9932861328125,1791.42626953125,2197.5,2263.805419921875,3253.18896484375,1718.2535400390625,7616.6015625
2020-06-16,5098.37841796875,1013.1015014648438,1703.1436767578125,2183.437744140625,1907.18603515625,2197.5,2344.3935546875,3411.0439453125,1885.988037109375,7769.81005859375
2020-06-17,5062.97412109375,1013.1015014648438,1690.8021240234375,2162.509765625,1859.7435302734375,2187.5,2351.72021484375,3411.0439453125,1861.4415283203125,7835.47021484375
2020-06-18,4943.47998046875,1013.1015014648438,1672.2896728515625,2127.631103515625,1829.38037109375,2187.5,2403.003662109375,3294.3681640625,1840.986328125,7660.37548828125
2020-06-19,4934.62890625,1013.1015014648438,1678.4605712890625,2162.509765625,1852.1527099609375,2187.5,2403.003662109375,3356.1376953125,1832.8040771484375,7813.58251953125
2020-06-20,4934.62890625,1013.1015014648438,1678.4605712890625,2162.509765625,1852.1527099609375,2187.5,2403.003662109375,3356.1376953125,1832.8040771484375,7813.58251953125
2020-06-21,4934.62890625,1013.1015014648438,1678.4605712890625,2162.509765625,1852.1527099609375,2187.5,2403.003662109375,3356.1376953125,1832.8040771484375,7813.58251953125
2020-06-22,4903.64892578125,943.4268798828125,1690.8021240234375,2134.606689453125,1825.5849609375,2067.5,2344.3935546875,3356.1376953125,1828.7130126953125,7966.79052734375
2020-06-23,4974.4599609375,949.0764770507812,1666.1190185546875,2099.7275390625,1817.994140625,1925.0,2293.110107421875,3363.000732421875,1791.89306640625,7813.58251953125
2020-06-24,5049.6962890625,949.0764770507812,1641.4356689453125,2176.461669921875,1954.6285400390625,1895.0,2329.741455078125,3431.633056640625,1939.1719970703125,7944.90380859375
2020-06-25,5067.3994140625,945.310302734375,1616.7523193359375,2134.606689453125,1907.18603515625,2017.5,2315.089111328125,3472.022705078125,1861.4415283203125,7857.35693359375
2020-06-26,4996.58837890625,945.310302734375,1598.239990234375,2113.678955078125,1897.697509765625,2017.5,2337.067626953125,3472.022705078125,1873.71484375,8076.224609375
2020-06-27,4996.58837890625,945.310302734375,1598.239990234375,2113.678955078125,1897.697509765625,2017.5,2337.067626953125,3472.022705078125,1873.71484375,8076.224609375
2020-06-28,4996.58837890625,945.310302734375,1598.239990234375,2113.678955078125,1897.697509765625,2017.5,2337.067626953125,3472.022705078125,1873.71484375,8076.224609375
2020-06-29,5023.14306640625,943.4268798828125,1592.069091796875,2120.65478515625,1874.9251708984375,2017.5,2329.741455078125,3401.16455078125,1877.805908203125,8229.431640625
2020-06-30,5040.84521484375,943.4268798828125,1622.9232177734375,2113.678955078125,1878.7205810546875,1942.5,2348.27197265625,3401.16455078125,1873.71484375,8185.65869140625
2020-07-01,5133.78466796875,939.6610717773438,1622.9232177734375,2134.606689453125,1893.90234375,1940.0,2340.57275390625,3408.250732421875,1857.350341796875,8054.33837890625
2020-07-02,5195.74365234375,939.6610717773438,1684.6312255859375,2134.606689453125,1897.697509765625,1950.0,2417.565185546875,3450.764892578125,1877.805908203125,8360.751953125
2020-07-03,5195.74365234375,1054.529541015625,1696.972900390625,2127.631103515625,1897.697509765625,2240.0,2402.166748046875,3436.593994140625,1865.5325927734375,8251.318359375
2020-07-04,5195.74365234375,1054.529541015625,1696.972900390625,2127.631103515625,1897.697509765625,2240.0,2402.166748046875,3436.593994140625,1865.5325927734375,8251.318359375
2020-07-05,5195.74365234375,1054.529541015625,1696.972900390625,2127.631103515625,1897.697509765625,2240.0,2402.166748046875,3436.593994140625,1865.5325927734375,8251.318359375
2020-07-06,5253.27783203125,1046.9969482421875,1659.947998046875,2120.65478515625,1926.1629638671875,2240.0,2348.27197265625,3429.508056640625,1885.988037109375,8251.318359375
2020-07-07,5301.96044921875,1046.9969482421875,1672.2896728515625,2113.678955078125,1916.6744384765625,2227.5,2402.166748046875,3422.42236328125,1881.8970947265625,8316.978515625
2020-07-08,5487.83837890625,975.4395141601562,1666.1190185546875,2225.292724609375,2002.0709228515625,2227.5,2425.2646484375,3479.10791015625,1963.718505859375,8273.2060546875
2020-07-09,5399.32568359375,934.0116577148438,1635.2647705078125,2190.41357421875,1992.5823974609375,2187.5,2394.467529296875,3472.022705078125,1935.0810546875,8185.65869140625
2020-07-10,5487.83837890625,969.7904663085938,1641.4356689453125,2169.486083984375,1964.1170654296875,2125.0,2394.467529296875,3422.42236328125,1910.534423828125,8076.224609375
2020-07-11,5487.83837890625,969.7904663085938,1641.4356689453125,2169.486083984375,1964.1170654296875,2125.0,2394.467529296875,3422.42236328125,1910.534423828125,8076.224609375
2020-07-12,5487.83837890625,969.7904663085938,1641.4356689453125,2169.486083984375,1964.1170654296875,2125.0,2394.467529296875,3422.42236328125,1910.534423828125,8076.224609375
2020-07-13,5465.7099609375,964.14111328125,1659.947998046875,2204.365234375,1992.5823974609375,2125.0,2379.069091796875,3472.022705078125,1943.2633056640625,8098.11083984375
2020-07-14,5487.83837890625,956.6087036132812,1696.972900390625,2211.340576171875,2011.5594482421875,2125.0,2371.369873046875,3507.451904296875,1930.989990234375,8273.2060546875
2020-07-15,5443.5810546875,890.70068359375,1733.9979248046875,2183.437744140625,2002.0709228515625,2125.0,2379.069091796875,3649.166259765625,1926.89892578125,8273.2060546875
2020-07-16,5470.13623046875,888.8175048828125,1740.168701171875,2190.41357421875,2002.0709228515625,2125.0,2386.7685546875,3720.023681640625,1922.8077392578125,8382.6396484375
2020-07-17,5417.02783203125,949.0764770507812,1752.5101318359375,2162.509765625,1964.1170654296875,2087.5,2355.970947265625,3684.59521484375,1910.534423828125,8119.998046875
2020-07-18,5417.02783203125,949.0764770507812,1752.5101318359375,2162.509765625,1964.1170654296875,2087.5,2355.970947265625,3684.59521484375,1910.534423828125,8119.998046875
2020-07-19,5417.02783203125,949.0764770507812,1752.5101318359375,2162.509765625,1964.1170654296875,2087.5,2355.970947265625,3684.59521484375,1910.534423828125,8119.998046875
2020-07-20,5434.73046875,949.0764770507812,1752.5101318359375,2127.631103515625,1935.6514892578125,2087.5,2355.970947265625,3613.738037109375,1857.350341796875,8163.7705078125
2020-07-21,5487.83837890625,1016.867431640625,1771.022705078125,2197.38916015625,2011.5594482421875,2087.5,2355.970947265625,3808.596435546875,1914.625732421875,8163.7705078125
2020-07-22,5470.13623046875,1016.867431640625,1777.1934814453125,2162.509765625,2059.001708984375,2087.5,2363.670654296875,3755.453125,1910.534423828125,8207.5458984375
2020-07-23,5487.83837890625,1014.9844360351562,1789.534912109375,2190.41357421875,2163.375244140625,2087.5,2363.670654296875,3666.881103515625,1926.89892578125,8229.431640625
2020-07-24,5399.32568359375,1024.39990234375,1838.9017333984375,2155.5341796875,2125.4208984375,2087.5,2325.174560546875,3578.309326171875,1885.988037109375,8220.47265625
2020-07-25,5399.32568359375,1024.39990234375,1838.9017333984375,2155.5341796875,2125.4208984375,2087.5,2325.174560546875,3578.309326171875,1885.988037109375,8220.47265625
2020-07-26,5399.32568359375,1024.39990234375,1838.9017333984375,2155.5341796875,2125.4208984375,2087.5,2325.174560546875,3578.309326171875,1885.988037109375,8220.47265625
2020-07-27,5399.32568359375,962.258056640625,1715.4853515625,2197.38916015625,2229.79443359375,2087.5,2340.57275390625,3631.452392578125,1902.352294921875,8063.6787109375
2020-07-28,5474.5615234375,964.14111328125,1678.4605712890625,2190.41357421875,2220.305908203125,2087.5,2325.174560546875,3666.881103515625,1914.625732421875,8108.47607421875
2020-07-29,5430.3046875,984.85498046875,1752.5101318359375,2176.461669921875,2163.375244140625,2087.5,2309.775634765625,3596.022705078125,1877.805908203125,8175.673828125
2020-07-30,5523.244140625,996.1536865234375,1808.0474853515625,2204.365234375,2201.3291015625,2087.5,2348.27197265625,3649.166259765625,1881.8970947265625,8242.8720703125
2020-07-31,5523.244140625,996.1536865234375,1808.0474853515625,2204.365234375,2201.3291015625,2087.5,2348.27197265625,3649.166259765625,1881.8970947265625,8242.8720703125
2020-08-01,5523.244140625,996.1536865234375,1808.0474853515625,2204.365234375,2201.3291015625,2087.5,2348.27197265625,3649.166259765625,1881.8970947265625,8242.8720703125
2020-08-02,5523.244140625,996.1536865234375,1808.0474853515625,2204.365234375,2201.3291015625,2087.5,2348.27197265625,3649.166259765625,1881.8970947265625,8242.8720703125
2020-08-03,5425.87890625,994.2704467773438,1820.38916015625,2085.775634765625,2087.46728515625,2087.5,2248.181640625,3457.850830078125,1816.439697265625,8332.46875
2020-08-04,5496.69091796875,1016.867431640625,1820.38916015625,2148.558349609375,2115.9326171875,2087.5,2271.279541015625,3514.53759765625,1865.5325927734375,8982.0419921875
2020-08-05,5492.263671875,1054.529541015625,1808.0474853515625,2148.558349609375,2163.375244140625,2087.5,2325.174560546875,3578.309326171875,1894.170166015625,9452.4228515625
2020-08-06,5540.947265625,1054.529541015625,1820.38916015625,2169.486083984375,2191.840576171875,2087.5,2325.174560546875,3702.31005859375,1898.26123046875,9250.83203125
2020-08-07,5470.13623046875,994.2704467773438,1814.218505859375,2169.486083984375,2201.3291015625,2050.0,2294.377197265625,3737.73828125,1890.0789794921875,9116.4365234375
2020-08-08,5470.13623046875,994.2704467773438,1814.218505859375,2169.486083984375,2201.3291015625,2050.0,2294.377197265625,3737.73828125,1890.0789794921875,9116.4365234375
2020-08-09,5470.13623046875,994.2704467773438,1814.218505859375,2169.486083984375,2201.3291015625,2050.0,2294.377197265625,3737.73828125,1890.0789794921875,9116.4365234375
2020-08-10,5417.02783203125,990.5045776367188,1826.56005859375,2183.437744140625,2201.3291015625,2050.0,2286.67822265625,3631.452392578125,1890.0789794921875,9116.4365234375
2020-08-11,5465.7099609375,999.9197998046875,1814.218505859375,2225.292724609375,2267.74853515625,2050.0,2255.881103515625,3702.31005859375,1955.5364990234375,9138.8349609375
2020-08-12,5540.947265625,999.9197998046875,1826.56005859375,2336.906005859375,2334.16796875,2040.0,2271.279541015625,3826.31005859375,2096.678466796875,9094.0380859375
2020-08-13,5576.3515625,1016.867431640625,1820.38916015625,2322.95458984375,2296.214111328125,2040.0,2317.47509765625,3826.31005859375,2076.22314453125,9183.6328125
2020-08-14,5669.29150390625,1014.9844360351562,1832.7308349609375,2329.9306640625,2286.7255859375,2040.0,2332.873291015625,3808.596435546875,2045.5400390625,9116.4365234375
2020-08-15,5669.29150390625,1014.9844360351562,1832.7308349609375,2329.9306640625,2286.7255859375,2040.0,2332.873291015625,3808.596435546875,2045.5400390625,9116.4365234375
2020-08-16,5669.29150390625,1014.9844360351562,1832.7308349609375,2329.9306640625,2286.7255859375,2040.0,2332.873291015625,3808.596435546875,2045.5400390625,9116.4365234375
2020-08-17,5669.29150390625,1014.9844360351562,1832.7308349609375,2329.9306640625,2286.7255859375,2040.0,2332.873291015625,3808.596435546875,2045.5400390625,9116.4365234375
2020-08-18,5629.46044921875,1009.3351440429688,1826.56005859375,2455.495361328125,2334.16796875,2040.0,2348.27197265625,3808.596435546875,2065.995361328125,9138.8349609375
2020-08-19,5602.90673828125,1024.39990234375,1814.218505859375,2483.398681640625,2315.19091796875,2040.0,2309.775634765625,3755.453125,2065.995361328125,9049.23828125
2020-08-20,5602.90673828125,1024.39990234375,1814.218505859375,2483.398681640625,2315.19091796875,2040.0,2309.775634765625,3755.453125,2065.995361328125,9049.23828125
2020-08-21,5602.90673828125,1024.39990234375,1814.218505859375,2483.398681640625,2315.19091796875,2040.0,2309.775634765625,3755.453125,2065.995361328125,9049.23828125
2020-08-22,5602.90673828125,1024.39990234375,1814.218505859375,2483.398681640625,2315.19091796875,2040.0,2309.775634765625,3755.453125,2065.995361328125,9049.23828125
2020-08-23,5602.90673828125,1024.39990234375,1814.218505859375,2483.398681640625,2315.19091796875,2040.0,2309.775634765625,3755.453125,2065.995361328125,9049.23828125
2020-08-24,5589.62890625,1024.39990234375,1789.534912109375,2539.205322265625,2277.237060546875,2040.0,2309.775634765625,3755.453125,2086.451171875,9161.2353515625
2020-08-25,5633.8857421875,986.738037109375,1758.6810302734375,2650.81884765625,2372.121826171875,2040.0,2294.377197265625,3755.453125,2158.044921875,9340.427734375
2020-08-26,5611.75732421875,1016.867431640625,1740.168701171875,2608.963623046875,2410.075927734375,2007.5,2325.174560546875,3790.88134765625,2178.500244140625,9273.23046875
2020-08-27,5841.892578125,979.205810546875,1746.339599609375,2581.060791015625,2391.098876953125,2007.5,2302.07666015625,3755.453125,2168.2724609375,9273.23046875
2020-08-28,5748.95361328125,941.5440673828125,1752.5101318359375,2574.08447265625,2362.633544921875,1997.5,2278.978759765625,3773.1669921875,2147.81689453125,9250.83203125
2020-08-29,5748.95361328125,941.5440673828125,1752.5101318359375,2574.08447265625,2362.633544921875,1997.5,2278.978759765625,3773.1669921875,2147.81689453125,9250.83203125
2020-08-30,5748.95361328125,941.5440673828125,1752.5101318359375,2574.08447265625,2362.633544921875,1997.5,2278.978759765625,3773.1669921875,2147.81689453125,9250.83203125
2020-08-31,5554.2236328125,967.9072265625,1758.6810302734375,2448.51953125,2258.260009765625,1997.5,2201.98583984375,3613.738037109375,2086.451171875,9161.2353515625
2020-09-01,5771.08203125,975.4395141601562,1771.022705078125,2518.278076171875,2324.6796875,1997.5,2232.783447265625,3720.023681640625,2117.134033203125,9161.2353515625
2020-09-02,5695.8447265625,949.0764770507812,1721.6561279296875,2553.1572265625,2305.702392578125,1997.5,2271.279541015625,3755.453125,2137.58935546875,9138.8349609375
2020-09-03,5753.37939453125,952.8424072265625,1715.4853515625,2497.350341796875,2267.74853515625,1997.5,2232.783447265625,3666.881103515625,2188.72802734375,9161.2353515625
2020-09-04,5647.16357421875,971.7438354492188,1684.6312255859375,2476.423095703125,2248.771484375,1997.5,2201.98583984375,3578.309326171875,2137.58935546875,9228.431640625
2020-09-05,5647.16357421875,971.7438354492188,1684.6312255859375,2476.423095703125,2248.771484375,1997.5,2201.98583984375,3578.309326171875,2137.58935546875,9228.431640625
2020-09-06,5647.16357421875,971.7438354492188,1684.6312255859375,2476.423095703125,2248.771484375,1997.5,2201.98583984375,3578.309326171875,2137.58935546875,9228.431640625
2020-09-07,5563.07421875,925.4702758789062,1703.1436767578125,2448.51953125,2220.305908203125,1997.5,2232.783447265625,3560.594482421875,2147.81689453125,9250.83203125
2020-09-08,5607.33203125,925.4702758789062,1709.3145751953125,2455.495361328125,2267.74853515625,1997.5,2201.98583984375,3631.452392578125,2147.81689453125,9250.83203125
2020-09-09,5527.66943359375,925.4702758789062,1684.6312255859375,2378.76123046875,2191.840576171875,1997.5,2155.790771484375,3472.022705078125,2055.767822265625,9206.033203125
2020-09-10,5142.634765625,861.8441772460938,1622.9232177734375,2218.31689453125,2040.0245361328125,1997.5,2078.79833984375,3231.106689453125,1914.625732421875,8937.244140625
2020-09-11,5226.72412109375,948.6071166992188,1678.4605712890625,2267.147705078125,2077.978759765625,1997.5,2163.489990234375,3280.70654296875,1992.3558349609375,9183.6328125
2020-09-12,5226.72412109375,948.6071166992188,1678.4605712890625,2267.147705078125,2077.978759765625,1997.5,2163.489990234375,3280.70654296875,1992.3558349609375,9183.6328125
2020-09-13,5226.72412109375,948.6071166992188,1678.4605712890625,2267.147705078125,2077.978759765625,1997.5,2163.489990234375,3280.70654296875,1992.3558349609375,9183.6328125
2020-09-14,5355.06884765625,964.031494140625,1696.972900390625,2399.688720703125,2182.35205078125,1860.0,2225.083984375,3394.078857421875,2065.995361328125,9452.4228515625
2020-09-15,5186.892578125,964.031494140625,1709.3145751953125,2322.95458984375,2153.886474609375,1820.0,2178.888427734375,3415.33642578125,2020.9940185546875,9318.0283203125
2020-09-16,5089.5263671875,964.031494140625,1727.8271484375,2274.12353515625,2144.398193359375,1695.0,2148.09130859375,3386.9931640625,1992.3558349609375,9362.8271484375
2020-09-17,5093.95263671875,964.031494140625,1727.8271484375,2232.268798828125,2115.9326171875,1615.0,2171.189453125,3443.679443359375,1930.989990234375,9138.8349609375
2020-09-18,4983.31103515625,960.1752319335938,1727.8271484375,2246.219970703125,2115.9326171875,1650.0,2225.083984375,3386.9931640625,1939.1719970703125,9116.4365234375
2020-09-19,4983.31103515625,960.1752319335938,1727.8271484375,2246.219970703125,2115.9326171875,1650.0,2225.083984375,3386.9931640625,1939.1719970703125,9116.4365234375
2020-09-20,4983.31103515625,960.1752319335938,1727.8271484375,2246.219970703125,2115.9326171875,1650.0,2225.083984375,3386.9931640625,1939.1719970703125,9116.4365234375
2020-09-21,4961.18310546875,975.5997924804688,1715.4853515625,2225.292724609375,2077.978759765625,1582.5,2163.489990234375,3309.05029296875,1877.805908203125,9094.0380859375
2020-09-22,4823.98681640625,975.5997924804688,1709.3145751953125,2183.437744140625,2011.5594482421875,1527.5,2140.392333984375,3309.05029296875,1857.350341796875,9183.6328125
2020-09-23,4872.669921875,975.5997924804688,1727.8271484375,2148.558349609375,1973.6053466796875,1500.0,2155.790771484375,3280.70654296875,1808.2574462890625,9273.23046875
2020-09-24,4819.56103515625,975.5997924804688,1758.6810302734375,2113.678955078125,1926.1629638671875,1495.0,2101.89599609375,3259.449951171875,1771.4378662109375,9049.23828125
2020-09-25,4965.6083984375,975.5997924804688,1777.1934814453125,2204.365234375,2030.5362548828125,1647.5,2071.0986328125,3443.679443359375,1881.8970947265625,9004.44140625
2020-09-26,4965.6083984375,975.5997924804688,1777.1934814453125,2204.365234375,2030.5362548828125,1647.5,2071.0986328125,3443.679443359375,1881.8970947265625,9004.44140625
2020-09-27,4965.6083984375,975.5997924804688,1777.1934814453125,2204.365234375,2030.5362548828125,1647.5,2071.0986328125,3443.679443359375,1881.8970947265625,9004.44140625
2020-09-28,4881.52099609375,975.5997924804688,1777.1934814453125,2155.5341796875,1954.6285400390625,1572.5,2048.0009765625,3358.650390625,1857.350341796875,9026.83984375
2020-09-29,4872.669921875,975.5997924804688,1777.1934814453125,2120.65478515625,1926.1629638671875,1587.5,2024.903564453125,3238.192138671875,1845.077392578125,9094.0380859375
2020-09-30,4797.43359375,975.5997924804688,1777.1934814453125,2120.65478515625,1882.5159912109375,1645.0,1971.0087890625,3160.248779296875,1816.439697265625,9026.83984375
2020-10-01,4930.203125,975.5997924804688,1795.7059326171875,2204.365234375,1973.6053466796875,1647.5,2117.29443359375,3266.53515625,1869.6236572265625,9094.0380859375
2020-10-02,4872.669921875,973.6716918945312,1863.5848388671875,2162.509765625,1973.6053466796875,1647.5,2063.399658203125,3252.3642578125,1845.077392578125,9026.83984375
2020-10-03,4872.669921875,973.6716918945312,1863.5848388671875,2162.509765625,1973.6053466796875,1647.5,2063.399658203125,3252.3642578125,1845.077392578125,9026.83984375
2020-10-04,4872.669921875,973.6716918945312,1863.5848388671875,2162.509765625,1973.6053466796875,1647.5,2063.399658203125,3252.3642578125,1845.077392578125,9026.83984375
2020-10-05,4885.94677734375,973.6716918945312,1906.780517578125,2204.365234375,2030.5362548828125,1645.0,2040.3021240234375,3231.106689453125,1890.0789794921875,9049.23828125
2020-10-06,5045.27099609375,973.6716918945312,1925.29296875,2225.292724609375,2087.46728515625,1645.0,2040.3021240234375,3273.62109375,1910.534423828125,9049.23828125
2020-10-07,5093.95263671875,973.6716918945312,1925.29296875,2176.461669921875,2106.444091796875,1645.0,2048.0009765625,3299.992431640625,1910.534423828125,8959.6435546875
2020-10-08,5116.08203125,973.6716918945312,1937.6343994140625,2197.38916015625,2068.490234375,1620.0,2078.79833984375,3385.52197265625,1910.534423828125,9026.83984375
2020-10-09,5111.65625,973.6716918945312,1919.122314453125,2197.38916015625,2106.444091796875,1620.0,2101.89599609375,3378.394287109375,1898.26123046875,9004.44140625
2020-10-10,5111.65625,973.6716918945312,1919.122314453125,2197.38916015625,2106.444091796875,1620.0,2101.89599609375,3378.394287109375,1898.26123046875,9004.44140625
2020-10-11,5111.65625,973.6716918945312,1919.122314453125,2197.38916015625,2106.444091796875,1620.0,2101.89599609375,3378.394287109375,1898.26123046875,9004.44140625
2020-10-12,5182.46630859375,973.6716918945312,1937.6343994140625,2225.292724609375,2134.90966796875,1620.0,2101.89599609375,3349.885009765625,1910.534423828125,8914.845703125
2020-10-13,5182.46630859375,973.6716918945312,1937.6343994140625,2288.0751953125,2153.886474609375,1620.0,2101.89599609375,3378.394287109375,1947.3543701171875,8892.4462890625
2020-10-14,5222.2978515625,973.6716918945312,1931.4638671875,2343.882080078125,2191.840576171875,1620.0,2163.489990234375,3435.41357421875,2025.084716796875,8914.845703125
2020-10-15,5120.5078125,973.6716918945312,1925.29296875,2309.002685546875,2125.4208984375,1605.0,2140.392333984375,3378.394287109375,1955.5364990234375,8735.6513671875
2020-10-16,5098.37841796875,973.6716918945312,1900.6097412109375,2267.147705078125,2115.9326171875,1605.0,2117.29443359375,3513.815185546875,1967.8095703125,8735.6513671875
2020-10-17,5098.37841796875,973.6716918945312,1900.6097412109375,2267.147705078125,2115.9326171875,1605.0,2117.29443359375,3513.815185546875,1967.8095703125,8735.6513671875
2020-10-18,5098.37841796875,973.6716918945312,1900.6097412109375,2267.147705078125,2115.9326171875,1605.0,2117.29443359375,3513.815185546875,1967.8095703125,8735.6513671875
2020-10-19,5222.2978515625,973.6716918945312,1900.6097412109375,2288.0751953125,2163.375244140625,1605.0,2086.49755859375,3563.70703125,2000.538330078125,8802.8486328125
2020-10-20,5138.2099609375,964.031494140625,1906.780517578125,2267.147705078125,2144.398193359375,1547.5,2055.700439453125,3688.436767578125,1967.8095703125,8713.251953125
2020-10-21,5116.08203125,964.031494140625,1900.6097412109375,2260.171875,2096.95556640625,1500.0,2063.399658203125,3741.892333984375,1996.4473876953125,8690.853515625
2020-10-22,5133.78466796875,964.031494140625,1925.29296875,2302.027099609375,2068.490234375,1502.5,2078.79833984375,3741.892333984375,1988.26513671875,8646.056640625
2020-10-23,5107.23046875,964.031494140625,1949.9761962890625,2295.05126953125,2106.444091796875,1502.5,2024.903564453125,3848.803466796875,1984.174072265625,8713.251953125
2020-10-24,5107.23046875,964.031494140625,1949.9761962890625,2295.05126953125,2106.444091796875,1502.5,2024.903564453125,3848.803466796875,1984.174072265625,8713.251953125
2020-10-25,5107.23046875,964.031494140625,1949.9761962890625,2295.05126953125,2106.444091796875,1502.5,2024.903564453125,3848.803466796875,1984.174072265625,8713.251953125
2020-10-26,5147.0615234375,964.031494140625,1974.6593017578125,2329.9306640625,2191.840576171875,1502.5,2040.3021240234375,3848.803466796875,1984.174072265625,8758.05078125
2020-10-27,5124.93408203125,960.1752319335938,1974.6593017578125,2343.882080078125,2191.840576171875,1500.0,2017.204345703125,3866.621826171875,1939.1719970703125,8646.056640625
2020-10-28,5124.93408203125,960.1752319335938,1974.6593017578125,2343.882080078125,2191.840576171875,1500.0,2017.204345703125,3866.621826171875,1939.1719970703125,8646.056640625
2020-10-29,5124.93408203125,960.1752319335938,1974.6593017578125,2343.882080078125,2191.840576171875,1500.0,2017.204345703125,3866.621826171875,1939.1719970703125,8646.056640625
2020-10-30,5124.93408203125,960.1752319335938,1974.6593017578125,2343.882080078125,2191.840576171875,1500.0,2017.204345703125,3866.621826171875,1939.1719970703125,8646.056640625
2020-10-31,5124.93408203125,960.1752319335938,1974.6593017578125,2343.882080078125,2191.840576171875,1500.0,2017.204345703125,3866.621826171875,1939.1719970703125,8646.056640625
2020-11-01,5124.93408203125,960.1752319335938,1974.6593017578125,2343.882080078125,2191.840576171875,1500.0,2017.204345703125,3866.621826171875,1939.1719970703125,8646.056640625
2020-11-02,5151.48681640625,940.8946533203125,1962.31787109375,2357.833984375,2267.74853515625,1525.0,1971.0087890625,3848.803466796875,1906.443359375,8735.6513671875
2020-11-03,5213.4462890625,940.8946533203125,1962.31787109375,2357.833984375,2277.237060546875,1565.0,1986.4071044921875,3920.077392578125,1910.534423828125,8713.251953125
2020-11-04,5151.48681640625,998.736572265625,1962.31787109375,2295.05126953125,2163.375244140625,1565.0,1986.4071044921875,3848.803466796875,1890.0789794921875,8758.05078125
2020-11-05,5443.5810546875,1041.1539306640625,1987.0010986328125,2434.56787109375,2267.74853515625,1550.0,2132.693115234375,3920.077392578125,1975.9918212890625,8870.0458984375
2020-11-06,5576.3515625,1041.1539306640625,2011.684326171875,2483.398681640625,2296.214111328125,1550.0,2178.888427734375,4151.71826171875,2029.17578125,8847.6474609375
2020-11-07,5576.3515625,1041.1539306640625,2011.684326171875,2483.398681640625,2296.214111328125,1550.0,2178.888427734375,4151.71826171875,2029.17578125,8847.6474609375
2020-11-08,5576.3515625,1041.1539306640625,2011.684326171875,2483.398681640625,2296.214111328125,1550.0,2178.888427734375,4151.71826171875,2029.17578125,8847.6474609375
2020-11-09,5563.07421875,1048.8663330078125,2048.708984375,2574.08447265625,2334.16796875,1550.0,2217.384765625,3991.352294921875,2086.451171875,8735.6513671875
2020-11-10,5735.67626953125,1060.4344482421875,2054.8798828125,2790.335693359375,2419.564453125,1550.0,2201.98583984375,4098.26318359375,2178.500244140625,8668.4541015625
2020-11-11,5788.78466796875,1064.2906494140625,2054.8798828125,2874.045654296875,2419.564453125,1550.0,2371.369873046875,4276.44873046875,2239.8662109375,8601.2568359375
2020-11-12,5682.568359375,1060.4344482421875,2079.563232421875,2755.45654296875,2343.656494140625,1735.0,2340.57275390625,4276.44873046875,2198.95556640625,8758.05078125
2020-11-13,5656.01416015625,1118.276611328125,2073.392578125,2790.335693359375,2372.121826171875,1730.0,2302.07666015625,4205.1748046875,2311.46044921875,8690.853515625
2020-11-14,5656.01416015625,1118.276611328125,2073.392578125,2790.335693359375,2372.121826171875,1730.0,2302.07666015625,4205.1748046875,2311.46044921875,8690.853515625
2020-11-15,5656.01416015625,1118.276611328125,2073.392578125,2790.335693359375,2372.121826171875,1730.0,2302.07666015625,4205.1748046875,2311.46044921875,8690.853515625
2020-11-16,5735.67626953125,1118.276611328125,2085.73388671875,2762.432373046875,2353.14501953125,1730.0,2363.670654296875,4222.9921875,2321.688232421875,8735.6513671875
2020-11-17,5797.63623046875,1102.8519287109375,2116.588134765625,2762.432373046875,2372.121826171875,1730.0,2479.159423828125,4133.900390625,2352.371337890625,9183.6328125
2020-11-18,5815.33837890625,1133.700927734375,2147.4423828125,2818.23876953125,2410.075927734375,1730.0,2448.3623046875,4116.0810546875,2342.143310546875,9206.033203125
2020-11-19,5855.17041015625,1133.700927734375,2141.271484375,2818.23876953125,2400.587158203125,1730.0,2440.6630859375,4080.444580078125,2352.371337890625,9273.23046875
2020-11-20,5841.892578125,1133.700927734375,2159.78369140625,2804.28759765625,2391.098876953125,1730.0,2479.159423828125,4080.444580078125,2321.688232421875,9049.23828125
2020-11-21,5841.892578125,1133.700927734375,2159.78369140625,2804.28759765625,2391.098876953125,1730.0,2479.159423828125,4080.444580078125,2321.688232421875,9049.23828125
2020-11-22,5841.892578125,1133.700927734375,2159.78369140625,2804.28759765625,2391.098876953125,1730.0,2479.159423828125,4080.444580078125,2321.688232421875,9049.23828125
2020-11-23,5841.892578125,1133.700927734375,2165.95458984375,2846.142578125,2429.052978515625,1730.0,2556.15185546875,4133.900390625,2413.7373046875,9138.8349609375
2020-11-24,5810.91259765625,1118.276611328125,2190.637939453125,2929.8525390625,2438.54150390625,1730.0,2579.249755859375,4133.900390625,2434.19287109375,9071.638671875
2020-11-25,5673.7177734375,1118.276611328125,2215.3212890625,3013.5625,2476.495361328125,1730.0,2525.35498046875,3955.71484375,2475.103759765625,8959.6435546875
2020-11-26,5735.67626953125,1110.564208984375,2289.370849609375,2992.635009765625,2552.403076171875,1730.0,2671.640869140625,4026.9892578125,2577.380615234375,9071.638671875
2020-11-27,5651.58935546875,1195.39892578125,2283.2001953125,2978.68310546875,2523.937744140625,1727.5,2663.94140625,3955.71484375,2597.836181640625,9497.2216796875
2020-11-28,5651.58935546875,1195.39892578125,2283.2001953125,2978.68310546875,2523.937744140625,1727.5,2663.94140625,3955.71484375,2597.836181640625,9497.2216796875
2020-11-29,5651.58935546875,1195.39892578125,2283.2001953125,2978.68310546875,2523.937744140625,1727.5,2663.94140625,3955.71484375,2597.836181640625,9497.2216796875
2020-11-30,5492.263671875,1195.39892578125,2295.54150390625,2853.118408203125,2400.587158203125,1727.5,2486.8583984375,3777.52978515625,2454.648193359375,8870.0458984375
2020-12-01,5660.43994140625,1195.39892578125,2344.907958984375,2957.755615234375,2476.495361328125,1630.0,2494.557861328125,3955.71484375,2556.925048828125,9049.23828125
2020-12-02,5709.1220703125,1195.39892578125,2388.103759765625,2999.61083984375,2523.937744140625,1620.0,2563.85107421875,4080.444580078125,2597.836181640625,9116.4365234375
2020-12-03,5717.97314453125,1222.391845703125,2406.616455078125,3069.368896484375,2495.47216796875,1620.0,2540.75341796875,4009.170166015625,2597.836181640625,8982.0419921875
2020-12-04,5656.01416015625,1214.6796875,2406.616455078125,2999.61083984375,2504.960693359375,1600.0,2502.257080078125,4062.6259765625,2597.836181640625,8914.845703125
2020-12-05,5656.01416015625,1214.6796875,2406.616455078125,2999.61083984375,2504.960693359375,1600.0,2502.257080078125,4062.6259765625,2597.836181640625,8914.845703125
2020-12-06,5656.01416015625,1214.6796875,2406.616455078125,2999.61083984375,2504.960693359375,1600.0,2502.257080078125,4062.6259765625,2597.836181640625,8914.845703125
2020-12-07,5771.08203125,1214.6796875,2412.787109375,3069.368896484375,2542.914794921875,1600.0,2563.85107421875,4169.537109375,2720.568115234375,8914.845703125
2020-12-08,5744.5283203125,1218.535888671875,2431.29931640625,3069.368896484375,2533.42626953125,1597.5,2540.75341796875,4062.6259765625,2720.568115234375,8780.4501953125
2020-12-09,5744.5283203125,1218.535888671875,2431.29931640625,3069.368896484375,2533.42626953125,1597.5,2540.75341796875,4062.6259765625,2720.568115234375,8780.4501953125
2020-12-10,5837.39404296875,1218.535888671875,2455.982421875,3020.5380859375,2580.86865234375,1597.5,2509.956298828125,4151.71826171875,2700.113037109375,8914.845703125
2020-12-11,5979.44384765625,1222.391845703125,2462.153564453125,2985.6591796875,2571.380126953125,1597.5,2525.35498046875,4044.80712890625,2689.88525390625,8802.8486328125
2020-12-12,5979.44384765625,1222.391845703125,2462.153564453125,2985.6591796875,2571.380126953125,1597.5,2525.35498046875,4044.80712890625,2689.88525390625,8802.8486328125
2020-12-13,5979.44384765625,1222.391845703125,2462.153564453125,2985.6591796875,2571.380126953125,1597.5,2525.35498046875,4044.80712890625,2689.88525390625,8802.8486328125
2020-12-14,6054.908203125,1222.391845703125,2406.616455078125,2985.6591796875,2552.403076171875,1547.5,2556.15185546875,4044.80712890625,2689.88525390625,8802.8486328125
2020-12-15,6028.27392578125,1141.413330078125,2344.907958984375,2985.6591796875,2542.914794921875,1445.0,2656.241943359375,4240.81103515625,2659.2021484375,8690.853515625
2020-12-16,6170.32470703125,1133.700927734375,2332.56640625,3013.5625,2571.380126953125,1445.0,2779.430419921875,4365.541015625,2730.796142578125,8758.05078125
2020-12-17,6157.0068359375,1149.12548828125,2246.175048828125,3020.5380859375,2609.334228515625,1445.0,2725.535400390625,4418.99658203125,2730.796142578125,8713.251953125
2020-12-18,6037.15283203125,1120.20458984375,2240.004150390625,2985.6591796875,2542.914794921875,1445.0,2702.4375,4418.99658203125,2720.568115234375,8690.853515625
2020-12-19,6037.15283203125,1120.20458984375,2240.004150390625,2985.6591796875,2542.914794921875,1445.0,2702.4375,4418.99658203125,2720.568115234375,8690.853515625
2020-12-20,6037.15283203125,1120.20458984375,2240.004150390625,2985.6591796875,2542.914794921875,1445.0,2702.4375,4418.99658203125,2720.568115234375,8690.853515625
2020-12-21,6063.787109375,1120.20458984375,2240.004150390625,2936.828125,2542.914794921875,1450.0,2710.136962890625,4383.35986328125,2700.113037109375,8758.05078125
2020-12-22,5961.6884765625,1195.39892578125,2264.6875,2881.021484375,2429.052978515625,1525.0,2586.948974609375,4329.90380859375,2577.380615234375,8601.2568359375
2020-12-23,5970.56640625,1195.39892578125,2258.5166015625,2901.94921875,2410.075927734375,1497.5,2556.15185546875,4276.44873046875,2556.925048828125,8534.060546875
2020-12-24,5970.56640625,1195.39892578125,2258.5166015625,2901.94921875,2410.075927734375,1497.5,2556.15185546875,4276.44873046875,2556.925048828125,8534.060546875
2020-12-25,5970.56640625,1195.39892578125,2258.5166015625,2901.94921875,2410.075927734375,1497.5,2556.15185546875,4276.44873046875,2556.925048828125,8534.060546875
2020-12-26,5970.56640625,1195.39892578125,2258.5166015625,2901.94921875,2410.075927734375,1497.5,2556.15185546875,4276.44873046875,2556.925048828125,8534.060546875
2020-12-27,5970.56640625,1195.39892578125,2258.5166015625,2901.94921875,2410.075927734375,1497.5,2556.15185546875,4276.44873046875,2556.925048828125,8534.060546875
2020-12-28,6019.39599609375,1114.4205322265625,2314.053955078125,2964.731689453125,2476.495361328125,1490.0,2640.843505859375,4329.90380859375,2638.746826171875,8489.26171875
2020-12-29,6006.07861328125,1112.4925537109375,2307.883056640625,2915.900634765625,2438.54150390625,1590.0,2633.14453125,4312.0859375,2577.380615234375,8332.46875
2020-12-30,6010.51806640625,1193.4710693359375,2240.004150390625,2908.9248046875,2400.587158203125,1600.0,2548.452392578125,4294.2666015625,2526.241943359375,8578.8583984375
2020-12-31,6010.51806640625,1193.4710693359375,2240.004150390625,2908.9248046875,2400.587158203125,1600.0,2548.452392578125,4294.2666015625,2526.241943359375,8578.8583984375
2021-01-01,6010.51806640625,1193.4710693359375,2240.004150390625,2908.9248046875,2400.587158203125,1600.0,2548.452392578125,4294.2666015625,2526.241943359375,8578.8583984375
2021-01-02,6010.51806640625,1193.4710693359375,2240.004150390625,2908.9248046875,2400.587158203125,1600.0,2548.452392578125,4294.2666015625,2526.241943359375,8578.8583984375
2021-01-03,6010.51806640625,1193.4710693359375,2240.004150390625,2908.9248046875,2400.587158203125,1600.0,2548.452392578125,4294.2666015625,2526.241943359375,8578.8583984375
2021-01-04,6068.2255859375,1193.4710693359375,2301.712158203125,3006.586669921875,2467.0068359375,1617.5,2687.0390625,4436.81591796875,2608.063720703125,8578.8583984375
2021-01-05,6294.61865234375,1193.4710693359375,2320.224609375,2978.68310546875,2438.54150390625,1615.0,2671.640869140625,4401.177734375,2659.2021484375,8466.8623046875
2021-01-06,6165.8857421875,1193.4710693359375,2363.42041015625,2929.8525390625,2438.54150390625,1540.0,2594.64794921875,4383.35986328125,2618.29150390625,8444.462890625
2021-01-07,6183.6416015625,1193.4710693359375,2443.64111328125,2985.6591796875,2457.518310546875,1450.0,2610.046875,4329.90380859375,2628.518798828125,8511.6611328125
2021-01-08,6259.10595703125,1233.9603271484375,2480.666015625,3062.393310546875,2485.983642578125,1445.0,2748.633056640625,4579.3642578125,2648.974365234375,8534.060546875
2021-01-09,6259.10595703125,1233.9603271484375,2480.666015625,3062.393310546875,2485.983642578125,1445.0,2748.633056640625,4579.3642578125,2648.974365234375,8534.060546875
2021-01-10,6259.10595703125,1233.9603271484375,2480.666015625,3062.393310546875,2485.983642578125,1445.0,2748.633056640625,4579.3642578125,2648.974365234375,8534.060546875
2021-01-11,6521.01220703125,1233.9603271484375,2486.836669921875,3243.765380859375,2599.845703125,1437.5,2771.730712890625,4650.6376953125,2669.429931640625,8534.060546875
2021-01-12,6356.7666015625,1233.9603271484375,2455.982421875,3292.595947265625,2637.799560546875,1450.0,2702.4375,4650.6376953125,2659.2021484375,8444.462890625
2021-01-13,6321.25390625,1226.247802734375,2493.00732421875,3341.427001953125,2628.311279296875,1450.0,2679.340087890625,4828.8232421875,2669.429931640625,8354.8662109375
2021-01-14,6232.4716796875,1224.31982421875,2505.34912109375,3327.47509765625,2599.845703125,1450.0,2694.73828125,4828.8232421875,2638.746826171875,8377.2666015625
2021-01-15,6174.76416015625,1233.9603271484375,2499.17822265625,3194.934326171875,2552.403076171875,1425.0,2679.340087890625,4686.27490234375,2587.6083984375,8399.666015625
2021-01-16,6174.76416015625,1233.9603271484375,2499.17822265625,3194.934326171875,2552.403076171875,1425.0,2679.340087890625,4686.27490234375,2587.6083984375,8399.666015625
2021-01-17,6174.76416015625,1233.9603271484375,2499.17822265625,3194.934326171875,2552.403076171875,1425.0,2679.340087890625,4686.27490234375,2587.6083984375,8399.666015625
2021-01-18,6321.25390625,1218.535888671875,2542.3740234375,3222.837646484375,2628.311279296875,1425.0,2656.241943359375,4757.548828125,2577.380615234375,8623.65625
2021-01-19,6299.05810546875,1195.39892578125,2542.3740234375,3222.837646484375,2647.2880859375,1425.0,2625.4453125,4757.548828125,2546.697265625,8735.6513671875
2021-01-20,6299.05810546875,1203.1112060546875,2554.71533203125,3411.185302734375,2799.103759765625,1425.0,2671.640869140625,4757.548828125,2628.518798828125,8668.4541015625
2021-01-21,6281.3017578125,1203.1112060546875,2573.22802734375,3341.427001953125,2751.661376953125,1425.0,2679.340087890625,4846.6416015625,2628.518798828125,8578.8583984375
2021-01-22,6285.740234375,1203.1112060546875,2560.88623046875,3292.595947265625,2732.684326171875,1375.0,2610.046875,4775.36767578125,2567.153076171875,8489.26171875
2021-01-23,6285.740234375,1203.1112060546875,2560.88623046875,3292.595947265625,2732.684326171875,1375.0,2610.046875,4775.36767578125,2567.153076171875,8489.26171875
2021-01-24,6285.740234375,1203.1112060546875,2560.88623046875,3292.595947265625,2732.684326171875,1375.0,2610.046875,4775.36767578125,2567.153076171875,8489.26171875
2021-01-25,6245.78955078125,1203.1112060546875,2517.690673828125,3334.451171875,2770.638427734375,1375.0,2594.64794921875,4615.0,2546.697265625,8511.6611328125
2021-01-26,6054.908203125,1172.26220703125,2554.71533203125,3243.765380859375,2799.103759765625,1375.0,2509.956298828125,4525.90869140625,2485.331298828125,8511.6611328125
2021-01-27,6028.27392578125,1203.1112060546875,2554.71533203125,3222.837646484375,2770.638427734375,1375.0,2602.347412109375,4472.45166015625,2444.42041015625,8511.6611328125
2021-01-28,6125.93359375,1133.700927734375,2554.71533203125,3118.2001953125,2675.75341796875,1280.0,2494.557861328125,4472.45166015625,2362.598876953125,8377.2666015625
2021-01-29,6001.64013671875,1118.276611328125,2511.519775390625,2915.900634765625,2495.47216796875,1195.0,2394.467529296875,4347.72216796875,2270.549560546875,8153.275390625
2021-01-30,6001.64013671875,1118.276611328125,2511.519775390625,2915.900634765625,2495.47216796875,1195.0,2394.467529296875,4347.72216796875,2270.549560546875,8153.275390625
2021-01-31,6001.64013671875,1118.276611328125,2511.519775390625,2915.900634765625,2495.47216796875,1195.0,2394.467529296875,4347.72216796875,2270.549560546875,8153.275390625
2021-02-01,6054.908203125,1118.276611328125,2622.5947265625,3069.368896484375,2542.914794921875,1195.0,2486.8583984375,4294.2666015625,2393.2822265625,8265.2705078125
2021-02-02,6037.15283203125,1118.276611328125,2610.253173828125,3041.465576171875,2457.518310546875,1195.0,2517.65576171875,4258.6298828125,2413.7373046875,8511.6611328125
2021-02-03,6059.3466796875,1118.276611328125,2641.10693359375,3055.41748046875,2467.0068359375,1195.0,2494.557861328125,4383.35986328125,2577.380615234375,8444.462890625
2021-02-04,6085.982421875,1118.276611328125,2653.44873046875,3132.151611328125,2495.47216796875,1195.0,2533.05419921875,4418.99658203125,2567.153076171875,8354.8662109375
2021-02-05,6139.25048828125,1133.700927734375,2696.644287109375,3118.2001953125,2485.983642578125,1195.0,2533.05419921875,4347.72216796875,2577.380615234375,8265.2705078125
2021-02-06,6139.25048828125,1133.700927734375,2696.644287109375,3118.2001953125,2485.983642578125,1195.0,2533.05419921875,4347.72216796875,2577.380615234375,8265.2705078125
2021-02-07,6139.25048828125,1133.700927734375,2696.644287109375,3118.2001953125,2485.983642578125,1195.0,2533.05419921875,4347.72216796875,2577.380615234375,8265.2705078125
2021-02-08,6143.68994140625,1091.28369140625,2733.669189453125,3111.224365234375,2495.47216796875,1195.0,2525.35498046875,4347.72216796875,2577.380615234375,8153.275390625
2021-02-09,6196.958984375,1077.7872314453125,2783.035888671875,3222.837646484375,2467.0068359375,1190.0,2463.7607421875,4151.71826171875,2546.697265625,7884.486328125
2021-02-10,6143.68994140625,1079.71533203125,2653.44873046875,3243.765380859375,2467.0068359375,1190.0,2456.061767578125,4205.1748046875,2536.4697265625,8063.6787109375
2021-02-11,6108.177734375,1079.71533203125,2671.961181640625,3264.693115234375,2467.0068359375,1190.0,2456.061767578125,4169.537109375,2536.4697265625,8041.27978515625
2021-02-12,6108.177734375,1079.71533203125,2671.961181640625,3264.693115234375,2467.0068359375,1190.0,2456.061767578125,4169.537109375,2536.4697265625,8041.27978515625
2021-02-13,6108.177734375,1079.71533203125,2671.961181640625,3264.693115234375,2467.0068359375,1190.0,2456.061767578125,4169.537109375,2536.4697265625,8041.27978515625
2021-02-14,6108.177734375,1079.71533203125,2671.961181640625,3264.693115234375,2467.0068359375,1190.0,2456.061767578125,4169.537109375,2536.4697265625,8041.27978515625
2021-02-15,6037.15283203125,1072.0030517578125,2764.523193359375,3285.620361328125,2467.0068359375,1190.0,2479.159423828125,4240.81103515625,2546.697265625,8041.27978515625
2021-02-16,6161.4462890625,1072.0030517578125,2770.694091796875,3257.716796875,2457.518310546875,1190.0,2471.46044921875,4222.9921875,2597.836181640625,7906.884765625
2021-02-17,6125.93359375,1079.71533203125,2708.985595703125,3229.813232421875,2410.075927734375,1192.5,2425.2646484375,4133.900390625,2516.0146484375,7906.884765625
2021-02-18,5979.44384765625,1079.71533203125,2573.22802734375,3257.716796875,2372.121826171875,1252.5,2448.3623046875,4080.444580078125,2464.8759765625,7839.6875
2021-02-19,6059.3466796875,1079.71533203125,2536.203369140625,3341.427001953125,2419.564453125,1252.5,2471.46044921875,4116.0810546875,2454.648193359375,7705.29296875
2021-02-20,6059.3466796875,1079.71533203125,2536.203369140625,3341.427001953125,2419.564453125,1252.5,2471.46044921875,4116.0810546875,2454.648193359375,7705.29296875
2021-02-21,6059.3466796875,1079.71533203125,2536.203369140625,3341.427001953125,2419.564453125,1252.5,2471.46044921875,4116.0810546875,2454.648193359375,7705.29296875
2021-02-22,6028.27392578125,1079.71533203125,2530.032470703125,3341.427001953125,2419.564453125,1247.5,2440.6630859375,4062.6259765625,2423.965087890625,7727.6923828125
2021-02-23,6059.3466796875,1004.520751953125,2523.861572265625,3341.427001953125,2400.587158203125,1250.0,2671.640869140625,4080.444580078125,2434.19287109375,7660.494140625
2021-02-24,5970.56640625,1023.801513671875,2431.29931640625,3299.572021484375,2419.564453125,1250.0,2679.340087890625,4009.170166015625,2485.331298828125,7750.0908203125
2021-02-25,5952.80908203125,1021.8734130859375,2449.811767578125,3299.572021484375,2381.610595703125,1250.0,2687.0390625,3973.532958984375,2485.331298828125,7682.8935546875
2021-02-26,5957.24853515625,1041.1539306640625,2406.616455078125,3285.620361328125,2334.16796875,1250.0,2687.0390625,3848.803466796875,2434.19287109375,7682.8935546875
2021-02-27,5957.24853515625,1041.1539306640625,2406.616455078125,3285.620361328125,2334.16796875,1250.0,2687.0390625,3848.803466796875,2434.19287109375,7682.8935546875
2021-02-28,5957.24853515625,1041.1539306640625,2406.616455078125,3285.620361328125,2334.16796875,1250.0,2687.0390625,3848.803466796875,2434.19287109375,7682.8935546875
2021-03-01,6254.66748046875,1041.1539306640625,2369.59130859375,3369.330322265625,2495.47216796875,1375.0,2687.0390625,3991.352294921875,2546.697265625,7705.29296875
2021-03-02,6228.03271484375,1041.1539306640625,2412.787109375,3348.403076171875,2504.960693359375,1375.0,2663.94140625,3973.532958984375,2516.0146484375,7794.888671875
2021-03-03,6214.71630859375,1077.7872314453125,2412.787109375,3383.281982421875,2504.960693359375,1372.5,2648.54296875,4044.80712890625,2464.8759765625,7817.28857421875
2021-03-04,5966.1259765625,1077.7872314453125,2400.44580078125,3320.499267578125,2485.983642578125,1280.0,2586.948974609375,3973.532958984375,2454.648193359375,7705.29296875
2021-03-05,6037.15283203125,1002.5927734375,2326.395751953125,3327.47509765625,2457.518310546875,1275.0,2556.15185546875,3920.077392578125,2454.648193359375,7615.6962890625
2021-03-06,6037.15283203125,1002.5927734375,2326.395751953125,3327.47509765625,2457.518310546875,1275.0,2556.15185546875,3920.077392578125,2454.648193359375,7615.6962890625
2021-03-07,6037.15283203125,1002.5927734375,2326.395751953125,3327.47509765625,2457.518310546875,1275.0,2556.15185546875,3920.077392578125,2454.648193359375,7615.6962890625
2021-03-08,5966.1259765625,944.750732421875,2357.249755859375,3299.572021484375,2438.54150390625,1250.0,2571.55029296875,3955.71484375,2454.648193359375,7503.701171875
2021-03-09,5864.0283203125,1002.5927734375,2351.078857421875,3194.934326171875,2438.54150390625,1245.0,2533.05419921875,3937.896240234375,2444.42041015625,7458.90283203125
2021-03-10,5952.80908203125,1002.5927734375,2437.470458984375,3229.813232421875,2467.0068359375,1245.0,2617.745849609375,3866.621826171875,2475.103759765625,7503.701171875
2021-03-11,5952.80908203125,1002.5927734375,2437.470458984375,3229.813232421875,2467.0068359375,1245.0,2617.745849609375,3866.621826171875,2475.103759765625,7503.701171875
2021-03-12,6006.07861328125,1048.8663330078125,2610.253173828125,3194.934326171875,2552.403076171875,1247.5,2656.241943359375,3902.259033203125,2516.0146484375,7503.701171875
2021-03-13,6006.07861328125,1048.8663330078125,2610.253173828125,3194.934326171875,2552.403076171875,1247.5,2656.241943359375,3902.259033203125,2516.0146484375,7503.701171875
2021-03-14,6006.07861328125,1048.8663330078125,2610.253173828125,3194.934326171875,2552.403076171875,1247.5,2656.241943359375,3902.259033203125,2516.0146484375,7503.701171875
2021-03-15,5917.29736328125,1002.5927734375,2597.91162109375,3187.958740234375,2523.937744140625,1247.5,2602.347412109375,3937.896240234375,2587.6083984375,7615.6962890625
2021-03-16,5881.7841796875,1002.5927734375,2628.765380859375,3292.595947265625,2485.983642578125,1247.5,2586.948974609375,3955.71484375,2546.697265625,7705.29296875
2021-03-17,5868.4677734375,1000.6646118164062,2671.961181640625,3257.716796875,2476.495361328125,1247.5,2610.046875,3973.532958984375,2495.55908203125,7727.6923828125
2021-03-18,5952.80908203125,987.168212890625,2696.644287109375,3320.499267578125,2580.86865234375,1247.5,2656.241943359375,4080.444580078125,2567.153076171875,7794.888671875
2021-03-19,6001.64013671875,964.031494140625,2715.15673828125,3257.716796875,2571.380126953125,1250.0,2648.54296875,4116.0810546875,2516.0146484375,7906.884765625
2021-03-20,6001.64013671875,964.031494140625,2715.15673828125,3257.716796875,2571.380126953125,1250.0,2648.54296875,4116.0810546875,2516.0146484375,7906.884765625
2021-03-21,6001.64013671875,964.031494140625,2715.15673828125,3257.716796875,2571.380126953125,1250.0,2648.54296875,4116.0810546875,2516.0146484375,7906.884765625
2021-03-22,5877.345703125,964.031494140625,2715.15673828125,3229.813232421875,2514.449462890625,1250.0,2602.347412109375,3973.532958984375,2495.55908203125,7906.884765625
2021-03-23,5828.515625,964.031494140625,2690.47314453125,3257.716796875,2533.42626953125,1250.0,2586.948974609375,3973.532958984375,2495.55908203125,8242.8720703125
2021-03-24,5717.53857421875,962.103515625,2597.91162109375,3257.716796875,2521.758056640625,1250.0,2594.64794921875,3884.441162109375,2434.19287109375,8287.6689453125
2021-03-25,5655.39111328125,962.103515625,2647.27783203125,3222.837646484375,2511.945556640625,1250.0,2625.4453125,3884.441162109375,2413.7373046875,8018.88037109375
2021-03-26,5695.34228515625,962.103515625,2690.47314453125,3292.595947265625,2521.758056640625,1250.0,2687.0390625,3991.352294921875,2475.103759765625,8153.275390625
2021-03-27,5695.34228515625,962.103515625,2690.47314453125,3292.595947265625,2521.758056640625,1250.0,2687.0390625,3991.352294921875,2475.103759765625,8153.275390625
2021-03-28,5695.34228515625,962.103515625,2690.47314453125,3292.595947265625,2521.758056640625,1250.0,2687.0390625,3991.352294921875,2475.103759765625,8153.275390625
2021-03-29,5646.5126953125,962.103515625,2708.985595703125,3292.595947265625,2502.13330078125,1250.0,2625.4453125,3937.896240234375,2475.103759765625,8265.2705078125
2021-03-30,5677.58642578125,962.103515625,2783.035888671875,3139.1279296875,2482.509033203125,1250.0,2602.347412109375,3848.803466796875,2372.82666015625,8130.87548828125
2021-03-31,5517.7802734375,962.103515625,2746.0107421875,3069.368896484375,2413.822998046875,1250.0,2633.14453125,3759.71044921875,2342.143310546875,8242.8720703125
2021-04-01,5526.65771484375,964.031494140625,2746.0107421875,2992.635009765625,2433.447509765625,1250.0,2610.046875,3813.166259765625,2321.688232421875,8018.88037109375
2021-04-02,5526.65771484375,964.031494140625,2746.0107421875,2992.635009765625,2433.447509765625,1250.0,2610.046875,3813.166259765625,2321.688232421875,8018.88037109375
2021-04-03,5526.65771484375,964.031494140625,2746.0107421875,2992.635009765625,2433.447509765625,1250.0,2610.046875,3813.166259765625,2321.688232421875,8018.88037109375
2021-04-04,5526.65771484375,964.031494140625,2746.0107421875,2992.635009765625,2433.447509765625,1250.0,2610.046875,3813.166259765625,2321.688232421875,8018.88037109375
2021-04-05,5464.51123046875,962.103515625,2715.15673828125,2929.8525390625,2443.259765625,1250.0,2602.347412109375,3813.166259765625,2352.371337890625,7996.48046875
2021-04-06,5473.388671875,962.103515625,2727.498046875,3000.51123046875,2462.88427734375,1250.0,2594.64794921875,3813.166259765625,2383.054443359375,7906.884765625
2021-04-07,5548.853515625,964.031494140625,2702.81494140625,3000.51123046875,2482.509033203125,1250.0,2617.745849609375,3795.347412109375,2362.598876953125,7974.08203125
2021-04-08,5523.10595703125,964.031494140625,2739.83984375,3107.672607421875,2462.88427734375,1250.0,2610.046875,3777.52978515625,2391.053466796875,7884.486328125
2021-04-09,5581.62255859375,956.3192138671875,2727.498046875,3107.672607421875,2541.3828125,1250.0,2586.948974609375,3759.71044921875,2473.50390625,7951.68310546875
2021-04-10,5581.62255859375,956.3192138671875,2727.498046875,3107.672607421875,2541.3828125,1250.0,2586.948974609375,3759.71044921875,2473.50390625,7951.68310546875
2021-04-11,5581.62255859375,956.3192138671875,2727.498046875,3107.672607421875,2541.3828125,1250.0,2586.948974609375,3759.71044921875,2473.50390625,7951.68310546875
2021-04-12,5460.08740234375,946.6788330078125,2702.81494140625,3007.655517578125,2472.69677734375,1250.0,2548.452392578125,3617.162109375,2411.666015625,7750.0908203125
2021-04-13,5401.56982421875,946.6788330078125,2671.961181640625,2971.93505859375,2472.69677734375,1250.0,2563.85107421875,3617.162109375,2391.053466796875,7727.6923828125
2021-04-14,5676.150390625,927.3984375,2696.644287109375,3107.672607421875,2482.509033203125,1250.0,2571.55029296875,3741.892333984375,2432.2783203125,7839.6875
2021-04-15,5653.6435546875,964.031494140625,2659.619384765625,3150.536865234375,2472.69677734375,1250.0,2586.948974609375,3741.892333984375,2463.197509765625,7839.6875
2021-04-16,5649.14208984375,948.6071166992188,2634.936279296875,3100.5283203125,2472.69677734375,1250.0,2586.948974609375,3741.892333984375,2452.89111328125,8018.88037109375
2021-04-17,5649.14208984375,948.6071166992188,2634.936279296875,3100.5283203125,2472.69677734375,1250.0,2586.948974609375,3741.892333984375,2452.89111328125,8018.88037109375
2021-04-18,5649.14208984375,948.6071166992188,2634.936279296875,3100.5283203125,2472.69677734375,1250.0,2586.948974609375,3741.892333984375,2452.89111328125,8018.88037109375
2021-04-19,5644.640625,948.6071166992188,2573.22802734375,3129.104736328125,2443.259765625,1250.0,2571.55029296875,3706.25537109375,2421.972412109375,8018.88037109375
2021-04-20,5613.1318359375,937.0386352539062,2554.71533203125,3079.095947265625,2433.447509765625,1250.0,2556.15185546875,3777.52978515625,2442.5849609375,7974.08203125
2021-04-21,5550.11328125,967.8875732421875,2530.032470703125,3021.94384765625,2404.010498046875,1250.0,2525.35498046875,3724.073974609375,2380.7470703125,7884.486328125
2021-04-22,5595.12744140625,971.7438354492188,2536.203369140625,3000.51123046875,2404.010498046875,1250.0,2563.85107421875,3884.441162109375,2339.522216796875,7839.6875
2021-04-23,5752.671875,979.4559326171875,2536.203369140625,3036.23193359375,2413.822998046875,1250.0,2548.452392578125,4009.170166015625,2380.7470703125,7951.68310546875
2021-04-24,5752.671875,979.4559326171875,2536.203369140625,3036.23193359375,2413.822998046875,1250.0,2548.452392578125,4009.170166015625,2380.7470703125,7951.68310546875
2021-04-25,5752.671875,979.4559326171875,2536.203369140625,3036.23193359375,2413.822998046875,1250.0,2548.452392578125,4009.170166015625,2380.7470703125,7951.68310546875
2021-04-26,5658.14453125,1033.4415283203125,2500.6982421875,2957.64697265625,2345.136962890625,1250.0,2502.257080078125,4009.170166015625,2360.134765625,7794.888671875
2021-04-27,5766.17626953125,1156.8377685546875,2469.749267578125,2979.0791015625,2374.57373046875,1250.0,2432.964111328125,3937.896240234375,2432.2783203125,7705.29296875
2021-04-28,5689.654296875,1118.276611328125,2500.6982421875,2950.50244140625,2433.447509765625,1250.0,2417.565185546875,3813.166259765625,2401.359619140625,7682.8935546875
2021-04-29,5770.6787109375,1087.4276123046875,2463.559326171875,2971.93505859375,2443.259765625,1250.0,2463.7607421875,3866.621826171875,2421.972412109375,7727.6923828125
2021-04-30,5766.17626953125,1122.1326904296875,2494.50830078125,2893.350341796875,2423.63525390625,1250.0,2463.7607421875,3920.077392578125,2349.82861328125,7794.888671875
2021-05-01,5766.17626953125,1122.1326904296875,2494.50830078125,2893.350341796875,2423.63525390625,1250.0,2463.7607421875,3920.077392578125,2349.82861328125,7794.888671875
2021-05-02,5766.17626953125,1122.1326904296875,2494.50830078125,2893.350341796875,2423.63525390625,1250.0,2463.7607421875,3920.077392578125,2349.82861328125,7794.888671875
2021-05-03,5752.671875,1133.700927734375,2451.1796875,2864.774169921875,2374.57373046875,1250.0,2440.6630859375,3928.76806640625,2298.297119140625,7660.494140625
2021-05-04,5761.67431640625,1102.8519287109375,2401.66064453125,2900.49462890625,2394.1982421875,1250.0,2471.46044921875,3983.08251953125,2318.90966796875,7638.095703125
2021-05-05,5784.181640625,1102.8519287109375,2389.28125,2921.9267578125,2374.57373046875,1250.0,2463.7607421875,4001.18798828125,2339.522216796875,7638.095703125
2021-05-06,5784.181640625,1091.28369140625,2345.9521484375,2936.214599609375,2384.38623046875,1250.0,2456.061767578125,3928.76806640625,2349.82861328125,7615.6962890625
2021-05-07,5761.67431640625,1102.8519287109375,2315.002685546875,2893.350341796875,2335.32470703125,1250.0,2456.061767578125,3856.3486328125,2308.603515625,7570.8984375
2021-05-08,5761.67431640625,1102.8519287109375,2315.002685546875,2893.350341796875,2335.32470703125,1250.0,2456.061767578125,3856.3486328125,2308.603515625,7570.8984375
2021-05-09,5761.67431640625,1102.8519287109375,2315.002685546875,2893.350341796875,2335.32470703125,1250.0,2456.061767578125,3856.3486328125,2308.603515625,7570.8984375
2021-05-10,5779.68017578125,1104.7799072265625,2253.104248046875,2893.350341796875,2345.136962890625,1250.0,2440.6630859375,3892.558349609375,2298.297119140625,7705.29296875
2021-05-11,5833.69580078125,1095.1396484375,2160.25634765625,2850.485595703125,2315.7001953125,1250.0,2448.3623046875,3783.928466796875,2277.684326171875,7638.095703125
2021-05-12,5833.69580078125,1095.1396484375,2160.25634765625,2850.485595703125,2315.7001953125,1250.0,2448.3623046875,3783.928466796875,2277.684326171875,7638.095703125
2021-05-13,5833.69580078125,1095.1396484375,2160.25634765625,2850.485595703125,2315.7001953125,1250.0,2448.3623046875,3783.928466796875,2277.684326171875,7638.095703125
2021-05-14,5833.69580078125,1095.1396484375,2160.25634765625,2850.485595703125,2315.7001953125,1250.0,2448.3623046875,3783.928466796875,2277.684326171875,7638.095703125
2021-05-15,5833.69580078125,1095.1396484375,2160.25634765625,2850.485595703125,2315.7001953125,1250.0,2448.3623046875,3783.928466796875,2277.684326171875,7638.095703125
2021-05-16,5833.69580078125,1095.1396484375,2160.25634765625,2850.485595703125,2315.7001953125,1250.0,2448.3623046875,3783.928466796875,2277.684326171875,7638.095703125
2021-05-17,5851.70166015625,1097.06787109375,2036.4598388671875,2786.189208984375,2325.51220703125,1240.0,2456.061767578125,3747.71923828125,2267.37841796875,7391.70556640625
2021-05-18,5752.671875,1095.1396484375,1974.561279296875,2786.189208984375,2315.7001953125,1240.0,2448.3623046875,3729.61376953125,2246.765869140625,7436.50390625
2021-05-19,5712.16015625,1095.1396484375,1844.5743408203125,2764.757080078125,2227.389404296875,1155.0,2432.964111328125,3657.194580078125,2164.315673828125,7414.1044921875
2021-05-20,5743.67041015625,1083.5712890625,1887.9034423828125,2771.901123046875,2217.577392578125,1155.0,2548.452392578125,3747.71923828125,2164.315673828125,7503.701171875
2021-05-21,5725.66455078125,1110.564208984375,1974.561279296875,2779.044921875,2286.26318359375,1155.0,2517.65576171875,3657.194580078125,2195.234619140625,7458.90283203125
2021-05-22,5725.66455078125,1110.564208984375,1974.561279296875,2779.044921875,2286.26318359375,1155.0,2517.65576171875,3657.194580078125,2195.234619140625,7458.90283203125
2021-05-23,5725.66455078125,1110.564208984375,1974.561279296875,2779.044921875,2286.26318359375,1155.0,2517.65576171875,3657.194580078125,2195.234619140625,7458.90283203125
2021-05-24,5694.15576171875,1187.6868896484375,1900.2830810546875,2886.2060546875,2256.826171875,1155.0,2509.956298828125,3693.404052734375,2184.92822265625,7346.90673828125
2021-05-25,5721.1630859375,1168.40625,1863.1439208984375,2900.49462890625,2315.7001953125,1155.0,2540.75341796875,3675.299072265625,2195.234619140625,7324.5078125
2021-05-26,5721.1630859375,1168.40625,1863.1439208984375,2900.49462890625,2315.7001953125,1155.0,2540.75341796875,3675.299072265625,2195.234619140625,7324.5078125
2021-05-27,5644.640625,1170.333984375,1894.0931396484375,2821.9091796875,2256.826171875,1155.0,2602.347412109375,3729.61376953125,2123.090576171875,7414.1044921875
2021-05-28,5707.6591796875,1172.26220703125,1875.5235595703125,2907.638427734375,2276.45068359375,1100.0,2517.65576171875,3729.61376953125,2143.702880859375,7279.7099609375
2021-05-29,5707.6591796875,1172.26220703125,1875.5235595703125,2907.638427734375,2276.45068359375,1100.0,2517.65576171875,3729.61376953125,2143.702880859375,7279.7099609375
2021-05-30,5707.6591796875,1172.26220703125,1875.5235595703125,2907.638427734375,2276.45068359375,1100.0,2517.65576171875,3729.61376953125,2143.702880859375,7279.7099609375
2021-05-31,5739.16845703125,1192.16943359375,1962.181396484375,3043.376220703125,2354.94921875,1080.0,2648.54296875,3802.033447265625,2226.1533203125,7346.90673828125
2021-06-01,5739.16845703125,1192.16943359375,1962.181396484375,3043.376220703125,2354.94921875,1080.0,2648.54296875,3802.033447265625,2226.1533203125,7346.90673828125
2021-06-02,5820.19189453125,1192.16943359375,1962.181396484375,3043.376220703125,2394.1982421875,1080.0,2656.241943359375,3856.3486328125,2287.99072265625,7369.306640625
2021-06-03,5941.72705078125,1164.787353515625,1925.04248046875,3114.81640625,2453.072265625,1080.0,2687.0390625,3874.453125,2370.44091796875,7794.888671875
2021-06-04,5923.72216796875,1166.893798828125,1937.422119140625,3100.5283203125,2404.010498046875,1080.0,2694.73828125,3783.928466796875,2318.90966796875,7570.8984375
2021-06-05,5923.72216796875,1166.893798828125,1937.422119140625,3100.5283203125,2404.010498046875,1080.0,2694.73828125,3783.928466796875,2318.90966796875,7570.8984375
2021-06-06,5923.72216796875,1166.893798828125,1937.422119140625,3100.5283203125,2404.010498046875,1080.0,2694.73828125,3783.928466796875,2318.90966796875,7570.8984375
2021-06-07,5878.708984375,1152.149658203125,1918.8526611328125,3036.23193359375,2404.010498046875,1080.0,2733.23486328125,3802.033447265625,2277.684326171875,7481.30126953125
2021-06-08,5788.6826171875,1145.830810546875,1906.4727783203125,3000.51123046875,2354.94921875,1080.0,2694.73828125,3820.138427734375,2277.684326171875,7324.5078125
2021-06-09,5878.708984375,1145.830810546875,1999.320556640625,3014.79931640625,2413.822998046875,1080.0,2741.654052734375,3856.3486328125,2318.90966796875,7302.10888671875
2021-06-10,5959.732421875,1147.9368896484375,1999.320556640625,3071.9521484375,2433.447509765625,1080.0,2814.441162109375,3910.663330078125,2339.522216796875,7302.10888671875
2021-06-11,5824.693359375,1166.893798828125,1980.751220703125,3057.664306640625,2462.88427734375,1080.0,2806.353759765625,3820.138427734375,2339.522216796875,7324.5078125
2021-06-12,5824.693359375,1166.893798828125,1980.751220703125,3057.664306640625,2462.88427734375,1080.0,2806.353759765625,3820.138427734375,2339.522216796875,7324.5078125
2021-06-13,5824.693359375,1166.893798828125,1980.751220703125,3057.664306640625,2462.88427734375,1080.0,2806.353759765625,3820.138427734375,2339.522216796875,7324.5078125
2021-06-14,5770.6787109375,1194.2757568359375,2055.029296875,3107.672607421875,2462.88427734375,1080.0,2757.828857421875,3747.71923828125,2287.99072265625,7302.10888671875
2021-06-15,5824.693359375,1173.2125244140625,2308.813232421875,3021.94384765625,2482.509033203125,1080.0,2782.09130859375,3729.61376953125,2277.684326171875,7302.10888671875
2021-06-16,5748.1708984375,1179.5316162109375,2333.572509765625,2864.774169921875,2462.88427734375,1080.0,2757.828857421875,3729.61376953125,2215.84716796875,7324.5078125
2021-06-17,5698.65673828125,1187.956787109375,2370.711181640625,2879.062255859375,2433.447509765625,1080.0,2709.303955078125,3693.404052734375,2164.315673828125,7279.7099609375
2021-06-18,5694.15576171875,1179.5316162109375,2339.762451171875,2793.333251953125,2433.447509765625,1080.0,2709.303955078125,3620.984130859375,2036.51806640625,6943.72314453125
2021-06-19,5694.15576171875,1179.5316162109375,2339.762451171875,2793.333251953125,2433.447509765625,1080.0,2709.303955078125,3620.984130859375,2036.51806640625,6943.72314453125
2021-06-20,5694.15576171875,1179.5316162109375,2339.762451171875,2793.333251953125,2433.447509765625,1080.0,2709.303955078125,3620.984130859375,2036.51806640625,6943.72314453125
2021-06-21,5626.63623046875,1158.468505859375,2333.572509765625,2814.765625,2364.761474609375,1080.0,2668.86669921875,3563.048828125,2048.88525390625,7100.5166015625
2021-06-22,5707.6591796875,1162.6810302734375,2420.230224609375,2886.2060546875,2423.63525390625,1005.0,2668.86669921875,3563.048828125,2040.6405029296875,7212.51318359375
2021-06-23,5608.63037109375,1187.956787109375,2476.678466796875,2814.765625,2364.761474609375,1005.0,2725.478759765625,3570.29052734375,1999.41552734375,7145.31494140625
2021-06-24,5590.625,1162.6810302734375,2476.678466796875,2850.485595703125,2345.136962890625,1005.0,2628.42919921875,3577.531982421875,1987.0478515625,7190.11279296875
2021-06-25,5572.6201171875,1164.787353515625,2501.569580078125,2850.485595703125,2315.7001953125,1005.0,2628.42919921875,3563.048828125,1962.3131103515625,7190.11279296875
2021-06-26,5572.6201171875,1164.787353515625,2501.569580078125,2850.485595703125,2315.7001953125,1005.0,2628.42919921875,3563.048828125,1962.3131103515625,7190.11279296875
2021-06-27,5572.6201171875,1164.787353515625,2501.569580078125,2850.485595703125,2315.7001953125,1005.0,2628.42919921875,3563.048828125,1962.3131103515625,7190.11279296875
2021-06-28,5451.0849609375,1162.6810302734375,2426.89599609375,2807.62109375,2237.20166015625,935.0,2563.729248046875,3410.96728515625,1888.1077880859375,7145.31494140625
2021-06-29,5442.08251953125,1150.043212890625,2420.67333984375,2786.189208984375,2266.638671875,925.0,2555.64208984375,3505.112548828125,1888.1077880859375,7391.70556640625
2021-06-30,5424.0771484375,1145.830810546875,2445.564697265625,2814.765625,2315.7001953125,925.0,2547.554443359375,3577.531982421875,1908.7203369140625,7302.10888671875
2021-07-01,5424.0771484375,1145.830810546875,2451.787109375,2814.765625,2345.136962890625,925.0,2515.20458984375,3639.08935546875,1937.5777587890625,7615.6962890625
2021-07-02,5491.5966796875,1139.51171875,2426.89599609375,2850.485595703125,2335.32470703125,925.0,2482.854736328125,3620.984130859375,1991.1702880859375,7548.4990234375
2021-07-03,5491.5966796875,1139.51171875,2426.89599609375,2850.485595703125,2335.32470703125,925.0,2482.854736328125,3620.984130859375,1991.1702880859375,7548.4990234375
2021-07-04,5491.5966796875,1139.51171875,2426.89599609375,2850.485595703125,2335.32470703125,925.0,2482.854736328125,3620.984130859375,1991.1702880859375,7548.4990234375
2021-07-05,5500.599609375,1145.830810546875,2377.113525390625,2786.189208984375,2296.075439453125,920.0,2458.59228515625,3577.531982421875,1945.8228759765625,7369.306640625
2021-07-06,5451.0849609375,1175.3189697265625,2377.113525390625,2779.044921875,2266.638671875,1060.0,2434.329833984375,3548.564697265625,1941.7003173828125,7526.099609375
2021-07-07,5460.08740234375,1162.6810302734375,2445.564697265625,2729.036376953125,2256.826171875,1247.5,2450.50439453125,3548.564697265625,1949.9453125,7570.8984375
2021-07-08,5415.07373046875,1160.5748291015625,2439.341796875,2764.757080078125,2315.7001953125,1445.0,2434.329833984375,3534.080810546875,1962.3131103515625,7593.29736328125
2021-07-09,5419.576171875,1160.5748291015625,2470.4560546875,2714.74853515625,2266.638671875,1450.0,2555.64208984375,3555.80712890625,1912.8426513671875,7660.494140625
2021-07-10,5419.576171875,1160.5748291015625,2470.4560546875,2714.74853515625,2266.638671875,1450.0,2555.64208984375,3555.80712890625,1912.8426513671875,7660.494140625
2021-07-11,5419.576171875,1160.5748291015625,2470.4560546875,2714.74853515625,2266.638671875,1450.0,2555.64208984375,3555.80712890625,1912.8426513671875,7660.494140625
2021-07-12,5554.61474609375,1152.149658203125,2489.124267578125,2686.171875,2276.45068359375,1437.5,2531.37939453125,3563.048828125,1937.5777587890625,7906.884765625
2021-07-13,5442.08251953125,1143.7244873046875,2458.01025390625,2700.460205078125,2266.638671875,1437.5,2482.854736328125,3548.564697265625,1925.2103271484375,8018.88037109375
2021-07-14,5392.56787109375,1137.4053955078125,2451.787109375,2650.45166015625,2237.20166015625,1405.0,2474.766845703125,3425.451171875,1888.1077880859375,7794.888671875
2021-07-15,5505.10009765625,1139.51171875,2426.89599609375,2721.892333984375,2305.8876953125,1310.0,2531.37939453125,3483.38671875,1945.8228759765625,7772.49072265625
2021-07-16,5500.599609375,1147.9368896484375,2383.336181640625,2743.324951171875,2305.8876953125,1230.0,2563.729248046875,3534.080810546875,1982.92529296875,7682.8935546875
2021-07-17,5500.599609375,1147.9368896484375,2383.336181640625,2743.324951171875,2305.8876953125,1230.0,2563.729248046875,3534.080810546875,1982.92529296875,7682.8935546875
2021-07-18,5500.599609375,1147.9368896484375,2383.336181640625,2743.324951171875,2305.8876953125,1230.0,2563.729248046875,3534.080810546875,1982.92529296875,7682.8935546875
2021-07-19,5406.07177734375,1158.468505859375,2265.10302734375,2700.460205078125,2256.826171875,1200.0,2604.166748046875,3461.6611328125,1987.0478515625,7615.6962890625
2021-07-20,5406.07177734375,1158.468505859375,2265.10302734375,2700.460205078125,2256.826171875,1200.0,2604.166748046875,3461.6611328125,1987.0478515625,7615.6962890625
2021-07-21,5410.57275390625,1158.468505859375,2215.32080078125,2729.036376953125,2325.51220703125,1200.0,2596.07958984375,3526.83935546875,2020.0279541015625,7615.6962890625
2021-07-22,5541.11083984375,1162.6810302734375,2209.09765625,2786.189208984375,2374.57373046875,1280.0,2636.5166015625,3606.50048828125,2123.090576171875,7906.884765625
2021-07-23,5433.0791015625,1166.893798828125,2177.9833984375,2764.757080078125,2345.136962890625,1282.5,2563.729248046875,3584.774658203125,2092.171875,7750.0908203125
2021-07-24,5433.0791015625,1166.893798828125,2177.9833984375,2764.757080078125,2345.136962890625,1282.5,2563.729248046875,3584.774658203125,2092.171875,7750.0908203125
2021-07-25,5433.0791015625,1166.893798828125,2177.9833984375,2764.757080078125,2345.136962890625,1282.5,2563.729248046875,3584.774658203125,2092.171875,7750.0908203125
2021-07-26,5406.07177734375,1169.0001220703125,2177.9833984375,2736.1806640625,2276.45068359375,1215.0,2579.904541015625,3454.418701171875,2081.86572265625,7817.28857421875
2021-07-27,5406.07177734375,1181.6378173828125,2190.42919921875,2714.74853515625,2286.26318359375,1287.5,2644.604248046875,3447.177490234375,2071.559326171875,7615.6962890625
2021-07-28,5383.56494140625,1187.956787109375,2202.874755859375,2664.739990234375,2315.7001953125,1285.0,2579.904541015625,3410.96728515625,2044.762939453125,7615.6962890625
2021-07-29,5437.5810546875,1221.6578369140625,2258.880126953125,2693.316162109375,2256.826171875,1300.0,2612.25390625,3367.515380859375,2032.3953857421875,7481.30126953125
2021-07-30,5374.56201171875,1213.232421875,2339.77685546875,2650.45166015625,2237.20166015625,1315.0,2620.341796875,3418.20947265625,1970.5577392578125,7279.7099609375
2021-07-31,5374.56201171875,1213.232421875,2339.77685546875,2650.45166015625,2237.20166015625,1315.0,2620.341796875,3418.20947265625,1970.5577392578125,7279.7099609375
2021-08-01,5374.56201171875,1213.232421875,2339.77685546875,2650.45166015625,2237.20166015625,1315.0,2620.341796875,3418.20947265625,1970.5577392578125,7279.7099609375
2021-08-02,5365.56005859375,1213.232421875,2314.885498046875,2671.8837890625,2227.389404296875,1542.5,2676.953857421875,3490.628662109375,1987.0478515625,7279.7099609375
2021-08-03,5532.1083984375,1234.29541015625,2327.3310546875,2679.027587890625,2266.638671875,1500.0,2693.12890625,3577.531982421875,2040.6405029296875,7369.306640625
2021-08-04,5509.6015625,1246.9334716796875,2345.999755859375,2750.468994140625,2286.26318359375,1500.0,2725.478759765625,3548.564697265625,2081.86572265625,7324.5078125
2021-08-05,5671.6484375,1255.358642578125,2327.3310546875,2893.350341796875,2374.57373046875,1500.0,2701.21630859375,3541.322998046875,2143.702880859375,7302.10888671875
2021-08-06,5545.61181640625,1259.5711669921875,2333.5537109375,2807.62109375,2345.136962890625,1610.0,2685.04150390625,3577.531982421875,2112.784423828125,7414.1044921875
2021-08-07,5545.61181640625,1259.5711669921875,2333.5537109375,2807.62109375,2345.136962890625,1610.0,2685.04150390625,3577.531982421875,2112.784423828125,7414.1044921875
2021-08-08,5545.61181640625,1259.5711669921875,2333.5537109375,2807.62109375,2345.136962890625,1610.0,2685.04150390625,3577.531982421875,2112.784423828125,7414.1044921875
2021-08-09,5581.62255859375,1261.677490234375,2289.994384765625,2750.468994140625,2276.45068359375,1610.0,2628.42919921875,3519.5966796875,2053.008056640625,7302.10888671875
2021-08-10,5671.6484375,1263.7838134765625,2289.994384765625,2729.036376953125,2276.45068359375,1685.0,2612.25390625,3555.80712890625,2057.13037109375,7212.51318359375
2021-08-11,5671.6484375,1263.7838134765625,2289.994384765625,2729.036376953125,2276.45068359375,1685.0,2612.25390625,3555.80712890625,2057.13037109375,7212.51318359375
2021-08-12,5671.6484375,1270.1029052734375,2277.548828125,2721.892333984375,2325.51220703125,1800.0,2709.303955078125,3577.531982421875,2092.171875,7234.91162109375
2021-08-13,5770.6787109375,1263.7838134765625,2302.43994140625,2764.757080078125,2354.94921875,1750.0,2668.86669921875,3639.08935546875,2102.47802734375,7346.90673828125
2021-08-14,5770.6787109375,1263.7838134765625,2302.43994140625,2764.757080078125,2354.94921875,1750.0,2668.86669921875,3639.08935546875,2102.47802734375,7346.90673828125
2021-08-15,5770.6787109375,1263.7838134765625,2302.43994140625,2764.757080078125,2354.94921875,1750.0,2668.86669921875,3639.08935546875,2102.47802734375,7346.90673828125
2021-08-16,5779.68017578125,1272.208984375,2246.4345703125,2807.62109375,2345.136962890625,1750.0,2701.21630859375,3675.299072265625,2123.090576171875,7391.70556640625
2021-08-17,5779.68017578125,1272.208984375,2246.4345703125,2807.62109375,2345.136962890625,1750.0,2701.21630859375,3675.299072265625,2123.090576171875,7391.70556640625
2021-08-18,5941.72705078125,1261.677490234375,2265.10302734375,2907.638427734375,2374.57373046875,1750.0,2765.916259765625,3783.928466796875,2236.45947265625,7481.30126953125
2021-08-19,5941.72705078125,1259.5711669921875,2227.766357421875,2771.901123046875,2296.075439453125,1750.0,2741.654052734375,3729.61376953125,2184.92822265625,7302.10888671875
2021-08-20,5941.72705078125,1257.46484375,2233.989013671875,2807.62109375,2315.7001953125,1627.5,2749.7412109375,3693.404052734375,2236.45947265625,7302.10888671875
2021-08-21,5941.72705078125,1257.46484375,2233.989013671875,2807.62109375,2315.7001953125,1627.5,2749.7412109375,3693.404052734375,2236.45947265625,7302.10888671875
2021-08-22,5941.72705078125,1257.46484375,2233.989013671875,2807.62109375,2315.7001953125,1627.5,2749.7412109375,3693.404052734375,2236.45947265625,7302.10888671875
2021-08-23,5932.724609375,1263.7838134765625,2202.874755859375,2829.05322265625,2345.136962890625,1740.0,2782.09130859375,3693.404052734375,2205.540771484375,7369.306640625
2021-08-24,5941.72705078125,1249.039794921875,2140.646728515625,2779.044921875,2286.26318359375,1750.0,2749.7412109375,3675.299072265625,2195.234619140625,7346.90673828125
2021-08-25,5941.72705078125,1263.7838134765625,2140.646728515625,2779.044921875,2335.32470703125,1750.0,2725.478759765625,3729.61376953125,2164.315673828125,7369.306640625
2021-08-26,5905.71630859375,1263.7838134765625,2134.424072265625,2764.757080078125,2286.26318359375,1750.0,2717.3916015625,3693.404052734375,2154.00927734375,7369.306640625
2021-08-27,5860.703125,1249.039794921875,2084.641357421875,2743.324951171875,2276.45068359375,1750.0,2685.04150390625,3657.194580078125,2184.92822265625,7436.50390625
2021-08-28,5860.703125,1249.039794921875,2084.641357421875,2743.324951171875,2276.45068359375,1750.0,2685.04150390625,3657.194580078125,2184.92822265625,7436.50390625
2021-08-29,5860.703125,1249.039794921875,2084.641357421875,2743.324951171875,2276.45068359375,1750.0,2685.04150390625,3657.194580078125,2184.92822265625,7436.50390625
2021-08-30,5910.21826171875,1238.508056640625,2153.09228515625,2814.765625,2335.32470703125,1750.0,2749.7412109375,3820.138427734375,2226.1533203125,7705.29296875
2021-08-31,5896.71484375,1249.039794921875,1953.9625244140625,2807.62109375,2394.1982421875,1750.0,2749.7412109375,3783.928466796875,2226.1533203125,7548.4990234375
2021-09-01,5910.21826171875,1246.9334716796875,1910.40283203125,2779.044921875,2354.94921875,1750.0,2701.21630859375,3747.71923828125,2195.234619140625,7526.099609375
2021-09-02,5887.71142578125,1244.8270263671875,1891.7344970703125,2764.757080078125,2374.57373046875,1750.0,2725.478759765625,3802.033447265625,2164.315673828125,7570.8984375
2021-09-03,5941.72705078125,1246.9334716796875,1879.288818359375,2807.62109375,2404.010498046875,1750.0,2741.654052734375,3874.453125,2246.765869140625,7593.29736328125
2021-09-04,5941.72705078125,1246.9334716796875,1879.288818359375,2807.62109375,2404.010498046875,1750.0,2741.654052734375,3874.453125,2246.765869140625,7593.29736328125
2021-09-05,5941.72705078125,1246.9334716796875,1879.288818359375,2807.62109375,2404.010498046875,1750.0,2741.654052734375,3874.453125,2246.765869140625,7593.29736328125
2021-09-06,5919.22119140625,1244.8270263671875,1841.9520263671875,2750.468994140625,2433.447509765625,1750.0,2741.654052734375,3928.76806640625,2246.765869140625,7638.095703125
2021-09-07,5914.71923828125,1242.720703125,1773.5009765625,2793.333251953125,2453.072265625,1750.0,2733.56640625,3874.453125,2226.1533203125,7743.796875
2021-09-08,5797.685546875,1242.720703125,1736.1641845703125,2931.2646484375,2453.072265625,1750.0,2693.12890625,3802.033447265625,2195.234619140625,7743.796875
2021-09-09,5914.71923828125,1187.956787109375,1705.0501708984375,2931.2646484375,2492.321044921875,1750.0,2741.654052734375,3946.872802734375,2226.1533203125,7835.7119140625
2021-09-10,5869.70654296875,1221.6578369140625,1792.1693115234375,2970.5576171875,2433.447509765625,1750.0,2693.12890625,3928.76806640625,2246.765869140625,7812.73291015625
2021-09-11,5869.70654296875,1221.6578369140625,1792.1693115234375,2970.5576171875,2433.447509765625,1750.0,2693.12890625,3928.76806640625,2246.765869140625,7812.73291015625
2021-09-12,5869.70654296875,1221.6578369140625,1792.1693115234375,2970.5576171875,2433.447509765625,1750.0,2693.12890625,3928.76806640625,2246.765869140625,7812.73291015625
2021-09-13,5901.21533203125,1230.0828857421875,1754.83251953125,2907.6884765625,2413.822998046875,1750.0,2709.303955078125,3946.872802734375,2226.1533203125,7743.796875
2021-09-14,5892.212890625,1244.8270263671875,1761.0552978515625,2907.6884765625,2394.1982421875,1750.0,2782.09130859375,4001.18798828125,2226.1533203125,7766.775390625
2021-09-15,5847.19970703125,1261.677490234375,1742.386962890625,2876.254150390625,2404.010498046875,1750.0,2790.178466796875,3910.663330078125,2205.540771484375,7697.84033203125
2021-09-16,5851.70166015625,1270.1029052734375,1860.620361328125,2860.537109375,2413.822998046875,1750.0,2782.09130859375,3892.558349609375,2174.621826171875,7559.96826171875
2021-09-17,5869.70654296875,1274.3153076171875,1854.3975830078125,2836.9609375,2374.57373046875,1750.0,2854.878662109375,3928.76806640625,2184.92822265625,7491.03173828125
2021-09-18,5869.70654296875,1274.3153076171875,1854.3975830078125,2836.9609375,2374.57373046875,1750.0,2854.878662109375,3928.76806640625,2184.92822265625,7491.03173828125
2021-09-19,5869.70654296875,1274.3153076171875,1854.3975830078125,2836.9609375,2374.57373046875,1750.0,2854.878662109375,3928.76806640625,2184.92822265625,7491.03173828125
2021-09-20,5928.22314453125,1272.208984375,1804.614990234375,2821.243896484375,2364.761474609375,1750.0,2846.791015625,3838.243408203125,2123.090576171875,7468.0537109375
2021-09-21,5842.6982421875,1278.52783203125,1835.7291259765625,2805.526611328125,2345.136962890625,1750.0,2854.878662109375,3783.928466796875,2112.784423828125,7628.90380859375
2021-09-22,5901.21533203125,1280.6341552734375,1804.614990234375,2836.9609375,2384.38623046875,1750.0,2903.403076171875,3820.138427734375,2123.090576171875,7536.9892578125
2021-09-23,5923.72216796875,1339.6107177734375,1792.1693115234375,2962.69873046875,2384.38623046875,1750.0,2879.14111328125,3729.61376953125,2112.784423828125,7582.9462890625
2021-09-24,5928.22314453125,1468.095458984375,1792.1693115234375,3001.991943359375,2345.136962890625,1750.0,2879.14111328125,3729.61376953125,2102.47802734375,7628.90380859375
2021-09-25,5928.22314453125,1468.095458984375,1792.1693115234375,3001.991943359375,2345.136962890625,1750.0,2879.14111328125,3729.61376953125,2102.47802734375,7628.90380859375
2021-09-26,5928.22314453125,1468.095458984375,1792.1693115234375,3001.991943359375,2345.136962890625,1750.0,2879.14111328125,3729.61376953125,2102.47802734375,7628.90380859375
2021-09-27,5923.72216796875,1541.816162109375,1779.7237548828125,2946.9814453125,2315.7001953125,1750.0,2846.791015625,3747.71923828125,2092.171875,7674.86083984375
2021-09-28,5869.70654296875,1798.78564453125,1773.5009765625,2923.406005859375,2335.32470703125,1750.0,2854.878662109375,3675.299072265625,2081.86572265625,7559.96826171875
2021-09-29,5923.72216796875,2140.007080078125,1754.83251953125,2939.123046875,2354.94921875,1750.0,2854.878662109375,3856.3486328125,2154.00927734375,7559.96826171875
2021-09-30,6301.83251953125,2481.22900390625,1792.1693115234375,3025.56787109375,2413.822998046875,1750.0,2984.278076171875,3983.08251953125,2215.84716796875,7674.86083984375
2021-10-01,6085.76904296875,2308.51171875,1754.83251953125,3064.861328125,2394.1982421875,2050.0,2960.015625,3946.872802734375,2205.540771484375,7651.8828125
2021-10-02,6085.76904296875,2308.51171875,1754.83251953125,3064.861328125,2394.1982421875,2050.0,2960.015625,3946.872802734375,2205.540771484375,7651.8828125
2021-10-03,6085.76904296875,2308.51171875,1754.83251953125,3064.861328125,2394.1982421875,2050.0,2960.015625,3946.872802734375,2205.540771484375,7651.8828125
2021-10-04,6265.8212890625,2302.19287109375,1773.5009765625,3119.87158203125,2541.3828125,2050.0,2968.103271484375,4037.39697265625,2349.82861328125,7950.6044921875
2021-10-05,6252.31787109375,2354.8505859375,1742.386962890625,3088.43701171875,2521.758056640625,2377.5,2968.103271484375,4019.293212890625,2349.82861328125,8111.45458984375
2021-10-06,6463.87841796875,2430.677978515625,1810.8377685546875,3237.75048828125,2590.444091796875,2500.0,3040.890380859375,4327.07666015625,2473.50390625,8134.43359375
2021-10-07,6445.8740234375,2443.315673828125,1804.614990234375,3237.75048828125,2629.693359375,2472.5,3008.54052734375,4127.921875,2463.197509765625,8134.43359375
2021-10-08,6562.90771484375,2418.03955078125,1823.2833251953125,3269.184814453125,2708.19140625,2472.5,3073.240234375,4306.7626953125,2535.341064453125,8180.39111328125
2021-10-09,6562.90771484375,2418.03955078125,1823.2833251953125,3269.184814453125,2708.19140625,2472.5,3073.240234375,4306.7626953125,2535.341064453125,8180.39111328125
2021-10-10,6562.90771484375,2418.03955078125,1823.2833251953125,3269.184814453125,2708.19140625,2472.5,3073.240234375,4306.7626953125,2535.341064453125,8180.39111328125
2021-10-11,6531.39892578125,2409.6142578125,1761.0552978515625,3284.902587890625,2708.19140625,2477.5,3081.327880859375,4215.517578125,2638.40380859375,8134.43359375
2021-10-12,6589.91552734375,2443.315673828125,1754.83251953125,3316.3369140625,2747.44091796875,2497.5,3057.0654296875,4288.51318359375,2638.40380859375,8157.4130859375
2021-10-13,6774.46923828125,2384.3388671875,1729.9412841796875,3363.48876953125,2786.689697265625,2497.5,3048.977783203125,4580.4970703125,2751.772705078125,8226.3486328125
2021-10-14,6977.0283203125,2392.763916015625,1798.3922119140625,3339.91259765625,2816.126708984375,2497.5,3097.502685546875,4543.99951171875,2834.222900390625,8571.02734375
2021-10-15,6887.00244140625,2388.551513671875,1779.7237548828125,3394.9228515625,2806.314453125,2490.0,3081.327880859375,4562.24853515625,2782.691650390625,8525.0703125
2021-10-16,6887.00244140625,2388.551513671875,1779.7237548828125,3394.9228515625,2806.314453125,2490.0,3081.327880859375,4562.24853515625,2782.691650390625,8525.0703125
2021-10-17,6887.00244140625,2388.551513671875,1779.7237548828125,3394.9228515625,2806.314453125,2490.0,3081.327880859375,4562.24853515625,2782.691650390625,8525.0703125
2021-10-18,6774.46923828125,2363.275634765625,1792.1693115234375,3465.650634765625,2816.126708984375,2490.0,3065.152587890625,4543.99951171875,2916.673095703125,8548.048828125
2021-10-19,6751.96240234375,2333.78759765625,1804.614990234375,3457.7919921875,2825.93896484375,2490.0,3024.71533203125,4635.244140625,2978.5107421875,8548.048828125
2021-10-20,6751.96240234375,2333.78759765625,1804.614990234375,3457.7919921875,2825.93896484375,2490.0,3024.71533203125,4635.244140625,2978.5107421875,8548.048828125
2021-10-21,6661.9375,2213.727783203125,1785.946533203125,3426.357421875,2816.126708984375,2490.0,3113.677734375,4489.2529296875,3019.735595703125,8479.1142578125
2021-10-22,6774.46923828125,2148.432861328125,1873.06591796875,3457.7919921875,2825.93896484375,2780.0,3129.8525390625,4507.5009765625,3071.266845703125,8364.2197265625
2021-10-23,6774.46923828125,2148.432861328125,1873.06591796875,3457.7919921875,2825.93896484375,2780.0,3129.8525390625,4507.5009765625,3071.266845703125,8364.2197265625
2021-10-24,6774.46923828125,2148.432861328125,1873.06591796875,3457.7919921875,2825.93896484375,2780.0,3129.8525390625,4507.5009765625,3071.266845703125,8364.2197265625
2021-10-25,6774.46923828125,2224.259765625,1922.8485107421875,3379.20556640625,2796.502197265625,2960.0,3057.0654296875,4416.25634765625,3030.0419921875,8364.2197265625
2021-10-26,6774.46923828125,2241.110107421875,1897.957275390625,3418.4990234375,2816.126708984375,3330.0,3073.240234375,4489.2529296875,2999.123291015625,8364.2197265625
2021-10-27,6706.9501953125,2232.684814453125,1904.1800537109375,3371.34716796875,2806.314453125,3282.5,3065.152587890625,4379.75830078125,2916.673095703125,8134.43359375
2021-10-28,6639.4296875,2232.684814453125,1848.1746826171875,3332.053955078125,2757.253173828125,3120.0,3032.80322265625,4379.75830078125,2906.36669921875,8088.4765625
2021-10-29,6729.45703125,2190.55859375,1891.7344970703125,3339.91259765625,2816.126708984375,3100.0,3073.240234375,4398.00732421875,2885.754150390625,8088.4765625
2021-10-30,6729.45703125,2190.55859375,1891.7344970703125,3339.91259765625,2816.126708984375,3100.0,3073.240234375,4398.00732421875,2885.754150390625,8088.4765625
2021-10-31,6729.45703125,2190.55859375,1891.7344970703125,3339.91259765625,2816.126708984375,3100.0,3073.240234375,4398.00732421875,2885.754150390625,8088.4765625
2021-11-01,6661.9375,2161.070556640625,1891.7344970703125,3324.195068359375,2816.126708984375,3100.0,2992.365478515625,4398.00732421875,2823.91650390625,8088.4765625
2021-11-02,6571.91064453125,2034.6917724609375,1866.84326171875,3308.478515625,2757.253173828125,3130.0,2960.015625,4306.7626953125,2803.303955078125,8134.43359375
2021-11-03,6616.923828125,2070.4990234375,1848.1746826171875,3371.34716796875,2796.502197265625,3125.0,3008.54052734375,4361.509765625,2896.060546875,8065.49755859375
2021-11-04,6639.4296875,2188.452392578125,1823.2833251953125,3339.91259765625,2816.126708984375,3180.0,3048.977783203125,4361.509765625,2885.754150390625,8088.4765625
2021-11-05,6706.9501953125,2190.55859375,1785.946533203125,3332.053955078125,2786.689697265625,3205.0,3048.977783203125,4325.01123046875,2865.141845703125,8088.4765625
2021-11-06,6706.9501953125,2190.55859375,1785.946533203125,3332.053955078125,2786.689697265625,3205.0,3048.977783203125,4325.01123046875,2865.141845703125,8088.4765625
2021-11-07,6706.9501953125,2190.55859375,1785.946533203125,3332.053955078125,2786.689697265625,3205.0,3048.977783203125,4325.01123046875,2865.141845703125,8088.4765625
2021-11-08,6819.482421875,2175.814208984375,1792.1693115234375,3324.195068359375,2747.44091796875,3400.0,3032.80322265625,4325.01123046875,2906.36669921875,8180.39111328125
2021-11-09,6909.50830078125,2190.55859375,1829.50634765625,3339.91259765625,2698.379150390625,4080.0,3000.452880859375,4270.26416015625,2906.36669921875,8203.3701171875
2021-11-10,6887.00244140625,2175.814208984375,1810.8377685546875,3339.91259765625,2806.314453125,4850.0,2992.365478515625,4507.5009765625,2916.673095703125,8180.39111328125
2021-11-11,6909.50830078125,2188.452392578125,1835.7291259765625,3339.91259765625,2835.751220703125,5055.0,2951.927978515625,4507.5009765625,2896.060546875,8134.43359375
2021-11-12,6774.46923828125,2190.55859375,1810.8377685546875,3316.3369140625,2786.689697265625,5040.0,2911.490478515625,4489.2529296875,2844.529296875,8226.3486328125
2021-11-13,6774.46923828125,2190.55859375,1810.8377685546875,3316.3369140625,2786.689697265625,5040.0,2911.490478515625,4489.2529296875,2844.529296875,8226.3486328125
2021-11-14,6774.46923828125,2190.55859375,1810.8377685546875,3316.3369140625,2786.689697265625,5040.0,2911.490478515625,4489.2529296875,2844.529296875,8226.3486328125
2021-11-15,6751.96240234375,2184.23974609375,1773.5009765625,3269.184814453125,2767.065185546875,5027.5,2911.490478515625,4471.0029296875,2803.303955078125,8203.3701171875
2021-11-16,6729.45703125,2188.452392578125,1761.0552978515625,3245.609130859375,2835.751220703125,4997.5,2968.103271484375,4507.5009765625,2834.222900390625,8111.45458984375
2021-11-17,6842.3662109375,2190.55859375,1754.83251953125,3300.61962890625,2835.751220703125,4932.5,2935.753173828125,4562.24853515625,2885.754150390625,8134.43359375
2021-11-18,6684.29248046875,2182.13330078125,1761.0552978515625,3284.902587890625,2816.126708984375,5097.5,2935.753173828125,4525.75,2854.83544921875,8341.2412109375
2021-11-19,6706.87451171875,2190.55859375,1785.946533203125,3363.48876953125,2845.563720703125,5280.0,3154.114990234375,4543.99951171875,2896.060546875,8295.28515625
2021-11-20,6706.87451171875,2190.55859375,1785.946533203125,3363.48876953125,2845.563720703125,5280.0,3154.114990234375,4543.99951171875,2896.060546875,8295.28515625
2021-11-21,6706.87451171875,2190.55859375,1785.946533203125,3363.48876953125,2845.563720703125,5280.0,3154.114990234375,4543.99951171875,2896.060546875,8295.28515625
2021-11-22,6752.0390625,2190.55859375,1785.946533203125,3363.48876953125,2884.812744140625,5175.0,3073.240234375,4525.75,2957.89794921875,8341.2412109375
2021-11-23,6752.0390625,2190.55859375,1785.946533203125,3308.478515625,2806.314453125,5137.5,3073.240234375,4562.24853515625,2885.754150390625,8226.3486328125
2021-11-24,6752.0390625,2207.408935546875,1785.946533203125,3308.478515625,2806.314453125,5137.5,3073.240234375,4543.99951171875,2916.673095703125,8272.3056640625
2021-11-25,6706.87451171875,2220.046630859375,1779.7237548828125,3316.3369140625,2884.812744140625,5147.5,3234.98974609375,4543.99951171875,2957.89794921875,8226.3486328125
2021-11-26,6571.38134765625,2211.62158203125,1742.386962890625,3269.184814453125,2786.689697265625,5000.0,3243.077392578125,4306.7626953125,2834.222900390625,8157.4130859375
2021-11-27,6571.38134765625,2211.62158203125,1742.386962890625,3269.184814453125,2786.689697265625,5000.0,3243.077392578125,4306.7626953125,2834.222900390625,8157.4130859375
2021-11-28,6571.38134765625,2211.62158203125,1742.386962890625,3269.184814453125,2786.689697265625,5000.0,3243.077392578125,4306.7626953125,2834.222900390625,8157.4130859375
2021-11-29,6684.29248046875,2220.046630859375,1767.2781982421875,3277.043701171875,2816.126708984375,4980.0,3348.21435546875,4361.509765625,2865.141845703125,8157.4130859375
2021-11-30,6571.38134765625,2329.57470703125,1761.0552978515625,3214.1748046875,2747.44091796875,4950.0,3226.902099609375,4215.517578125,2803.303955078125,7766.775390625
2021-12-01,6593.9638671875,2329.57470703125,1723.7183837890625,3206.316162109375,2776.877685546875,4950.0,3299.689453125,4124.2724609375,2741.466552734375,8203.3701171875
2021-12-02,6774.6201171875,2331.681396484375,1705.0501708984375,3300.61962890625,2825.93896484375,5400.0,3364.38916015625,4270.26416015625,2813.6103515625,8134.43359375
2021-12-03,6661.7099609375,2291.66162109375,1736.1641845703125,3277.043701171875,2806.314453125,5400.0,3291.60205078125,4197.2685546875,2772.38525390625,7996.56201171875
2021-12-04,6661.7099609375,2291.66162109375,1736.1641845703125,3277.043701171875,2806.314453125,5400.0,3291.60205078125,4197.2685546875,2772.38525390625,7996.56201171875
2021-12-05,6661.7099609375,2291.66162109375,1736.1641845703125,3277.043701171875,2806.314453125,5400.0,3291.60205078125,4197.2685546875,2772.38525390625,7996.56201171875
2021-12-06,6639.1279296875,2236.8974609375,1705.0501708984375,3229.89208984375,2816.126708984375,5400.0,3372.476806640625,4124.2724609375,2823.91650390625,8042.51806640625
2021-12-07,6639.1279296875,2188.452392578125,1717.4957275390625,3324.195068359375,2865.188232421875,5400.0,3356.302001953125,4325.01123046875,2906.36669921875,8042.51806640625
2021-12-08,6706.87451171875,2207.408935546875,1736.1641845703125,3308.478515625,2806.314453125,5400.0,3307.777099609375,4233.76611328125,2823.91650390625,8065.49755859375
2021-12-09,6639.1279296875,2182.13330078125,1742.386962890625,3292.7607421875,2884.812744140625,5275.0,3356.302001953125,4379.75830078125,2813.6103515625,8226.3486328125
2021-12-10,6661.7099609375,2232.684814453125,1761.0552978515625,3245.609130859375,2825.93896484375,4950.0,3356.302001953125,4325.01123046875,2792.997802734375,8134.43359375
2021-12-11,6661.7099609375,2232.684814453125,1761.0552978515625,3245.609130859375,2825.93896484375,4950.0,3356.302001953125,4325.01123046875,2792.997802734375,8134.43359375
2021-12-12,6661.7099609375,2232.684814453125,1761.0552978515625,3245.609130859375,2825.93896484375,4950.0,3356.302001953125,4325.01123046875,2792.997802734375,8134.43359375
2021-12-13,6593.9638671875,2234.791015625,1829.50634765625,3269.184814453125,2796.502197265625,4900.0,3299.689453125,4306.7626953125,2823.91650390625,8042.51806640625
2021-12-14,6593.9638671875,2236.8974609375,1841.9520263671875,3245.609130859375,2816.126708984375,4900.0,3315.864501953125,4288.51318359375,2834.222900390625,7996.56201171875
2021-12-15,6593.9638671875,2224.259765625,1823.2833251953125,3300.61962890625,2855.375732421875,4885.0,3299.689453125,4379.75830078125,2834.222900390625,8088.4765625
2021-12-16,6571.38134765625,2190.55859375,1792.1693115234375,3253.467529296875,2845.563720703125,4875.0,3315.864501953125,4233.76611328125,2782.691650390625,8042.51806640625
2021-12-17,6774.6201171875,2274.810791015625,1841.9520263671875,3229.89208984375,2806.314453125,4875.0,3315.864501953125,4233.76611328125,2782.691650390625,8088.4765625
2021-12-18,6774.6201171875,2274.810791015625,1841.9520263671875,3229.89208984375,2806.314453125,4875.0,3315.864501953125,4233.76611328125,2782.691650390625,8088.4765625
2021-12-19,6774.6201171875,2274.810791015625,1841.9520263671875,3229.89208984375,2806.314453125,4875.0,3315.864501953125,4233.76611328125,2782.691650390625,8088.4765625
2021-12-20,6661.7099609375,2274.810791015625,1779.7237548828125,3237.75048828125,2776.877685546875,4875.0,3299.689453125,4142.521484375,2772.38525390625,8111.45458984375
2021-12-21,6661.7099609375,2249.534912109375,1779.7237548828125,3206.316162109375,2806.314453125,4900.0,3364.38916015625,4124.2724609375,2762.0791015625,8042.51806640625
2021-12-22,6616.5458984375,2274.810791015625,1767.2781982421875,3182.740234375,2767.065185546875,4900.0,3323.951904296875,4106.02294921875,2731.160400390625,7973.583984375
2021-12-23,6593.9638671875,2239.00341796875,1785.946533203125,3222.033447265625,2776.877685546875,4900.0,3364.38916015625,4179.01904296875,2741.466552734375,8065.49755859375
2021-12-24,6593.9638671875,2266.3857421875,1792.1693115234375,3198.45751953125,2767.065185546875,4900.0,3323.951904296875,4142.521484375,2772.38525390625,8019.541015625
2021-12-25,6593.9638671875,2266.3857421875,1792.1693115234375,3198.45751953125,2767.065185546875,4900.0,3323.951904296875,4142.521484375,2772.38525390625,8019.541015625
2021-12-26,6593.9638671875,2266.3857421875,1792.1693115234375,3198.45751953125,2767.065185546875,4900.0,3323.951904296875,4142.521484375,2772.38525390625,8019.541015625
2021-12-27,6639.1279296875,2266.3857421875,1804.614990234375,3190.598876953125,2747.44091796875,4900.0,3299.689453125,4142.521484375,2782.691650390625,7950.6044921875
2021-12-28,6639.1279296875,2232.684814453125,1804.614990234375,3214.1748046875,2767.065185546875,4900.0,3307.777099609375,4179.01904296875,2762.0791015625,7996.56201171875
2021-12-29,6593.9638671875,2232.684814453125,1798.3922119140625,3206.316162109375,2786.689697265625,4900.0,3299.689453125,4197.2685546875,2772.38525390625,7973.583984375
2021-12-30,6593.9638671875,2274.810791015625,1823.2833251953125,3229.89208984375,2757.253173828125,4900.0,3267.33984375,4160.77001953125,2782.691650390625,7996.56201171875
2021-12-31,6593.9638671875,2274.810791015625,1823.2833251953125,3229.89208984375,2757.253173828125,4900.0,3267.33984375,4160.77001953125,2782.691650390625,7996.56201171875
2022-01-01,6593.9638671875,2274.810791015625,1823.2833251953125,3229.89208984375,2757.253173828125,4900.0,3267.33984375,4160.77001953125,2782.691650390625,7996.56201171875
2022-01-02,6593.9638671875,2274.810791015625,1823.2833251953125,3229.89208984375,2757.253173828125,4900.0,3267.33984375,4160.77001953125,2782.691650390625,7996.56201171875
2022-01-03,6616.5458984375,2207.408935546875,1804.614990234375,3284.902587890625,2767.065185546875,4995.0,3380.564453125,4179.01904296875,2772.38525390625,7927.62548828125
2022-01-04,6684.29248046875,2232.684814453125,1798.3922119140625,3269.184814453125,2816.126708984375,4995.0,3372.476806640625,4215.517578125,2896.060546875,8065.49755859375
2022-01-05,6729.45654296875,2226.365478515625,1810.8377685546875,3308.478515625,2757.253173828125,4995.0,3275.42724609375,4069.525146484375,2865.141845703125,8111.45458984375
2022-01-06,6752.0390625,2215.83447265625,1792.1693115234375,3269.184814453125,2757.253173828125,4995.0,3332.039794921875,4142.521484375,2865.141845703125,8134.43359375
2022-01-07,6910.11279296875,2211.62158203125,1804.614990234375,3292.7607421875,2767.065185546875,4995.0,3372.476806640625,4160.77001953125,2916.673095703125,8157.4130859375
2022-01-08,6910.11279296875,2211.62158203125,1804.614990234375,3292.7607421875,2767.065185546875,4995.0,3372.476806640625,4160.77001953125,2916.673095703125,8157.4130859375
2022-01-09,6910.11279296875,2211.62158203125,1804.614990234375,3292.7607421875,2767.065185546875,4995.0,3372.476806640625,4160.77001953125,2916.673095703125,8157.4130859375
2022-01-10,6864.9482421875,2211.62158203125,1829.50634765625,3284.902587890625,2767.065185546875,4995.0,3315.864501953125,4124.2724609375,2906.36669921875,8134.43359375
2022-01-11,6955.27685546875,2304.29931640625,1810.8377685546875,3261.32666015625,2767.065185546875,4995.0,3307.777099609375,4160.77001953125,2896.060546875,7996.56201171875
2022-01-12,6955.27685546875,2413.826904296875,1873.06591796875,3269.184814453125,2806.314453125,4647.5,3323.951904296875,4179.01904296875,2906.36669921875,8042.51806640625
2022-01-13,6955.27685546875,2485.44140625,1879.288818359375,3292.7607421875,2796.502197265625,4600.0,3380.564453125,4215.517578125,2896.060546875,8065.49755859375
2022-01-14,7090.76953125,2567.587646484375,1866.84326171875,3284.902587890625,2816.126708984375,4602.5,3388.651611328125,4179.01904296875,2926.979248046875,8042.51806640625
2022-01-15,7090.76953125,2567.587646484375,1866.84326171875,3284.902587890625,2816.126708984375,4602.5,3388.651611328125,4179.01904296875,2926.979248046875,8042.51806640625
2022-01-16,7090.76953125,2567.587646484375,1866.84326171875,3284.902587890625,2816.126708984375,4602.5,3388.651611328125,4179.01904296875,2926.979248046875,8042.51806640625
2022-01-17,7000.44091796875,2696.072265625,1866.84326171875,3308.478515625,2825.93896484375,4602.5,3380.564453125,4142.521484375,2968.204345703125,8065.49755859375
2022-01-18,6932.6953125,2708.7099609375,1910.40283203125,3292.7607421875,2845.563720703125,4602.5,3437.176513671875,4124.2724609375,2916.673095703125,8065.49755859375
2022-01-19,6932.6953125,2769.792724609375,1916.6256103515625,3245.609130859375,2757.253173828125,4602.5,3437.176513671875,4087.77490234375,2926.979248046875,8042.51806640625
2022-01-20,7023.0234375,2925.65966796875,1960.185302734375,3245.609130859375,2816.126708984375,4602.5,3412.914306640625,4033.02783203125,2947.591796875,7835.7119140625
2022-01-21,7181.09765625,2984.63623046875,2003.7449951171875,3277.043701171875,2865.188232421875,4602.5,3501.87646484375,4087.77490234375,2957.89794921875,7973.583984375
2022-01-22,7181.09765625,2984.63623046875,2003.7449951171875,3277.043701171875,2865.188232421875,4602.5,3501.87646484375,4087.77490234375,2957.89794921875,7973.583984375
2022-01-23,7181.09765625,2984.63623046875,2003.7449951171875,3277.043701171875,2865.188232421875,4602.5,3501.87646484375,4087.77490234375,2957.89794921875,7973.583984375
2022-01-24,7045.60546875,3096.2705078125,2016.190673828125,3237.75048828125,2855.375732421875,4602.5,3477.614013671875,4033.02783203125,2926.979248046875,7904.64794921875
2022-01-25,7023.0234375,3111.014404296875,2028.63623046875,3198.45751953125,2835.751220703125,4602.5,3469.526611328125,3978.280517578125,2803.303955078125,8042.51806640625
2022-01-26,6955.27685546875,3096.2705078125,2065.97314453125,3214.1748046875,2933.874267578125,4602.5,3550.4013671875,3978.280517578125,2937.28564453125,8042.51806640625
2022-01-27,7045.60546875,3193.160400390625,2090.864501953125,3253.467529296875,2963.31103515625,4600.0,3453.3515625,3996.529541015625,2968.204345703125,7996.56201171875
2022-01-28,7023.0234375,3089.95166015625,2134.424072265625,3253.467529296875,3002.560302734375,4600.0,3445.26416015625,3996.529541015625,3091.87939453125,7973.583984375
2022-01-29,7023.0234375,3089.95166015625,2134.424072265625,3253.467529296875,3002.560302734375,4600.0,3445.26416015625,3996.529541015625,3091.87939453125,7973.583984375
2022-01-30,7023.0234375,3089.95166015625,2134.424072265625,3253.467529296875,3002.560302734375,4600.0,3445.26416015625,3996.529541015625,3091.87939453125,7973.583984375
2022-01-31,6887.53076171875,3100.48291015625,2196.652099609375,3198.45751953125,2933.874267578125,4600.0,3388.651611328125,3996.529541015625,3019.735595703125,8019.541015625
2022-02-01,6887.53076171875,3100.48291015625,2196.652099609375,3198.45751953125,2933.874267578125,4600.0,3388.651611328125,3996.529541015625,3019.735595703125,8019.541015625
2022-02-02,7045.60546875,3058.35693359375,2265.10302734375,3198.45751953125,2933.874267578125,4600.0,3372.476806640625,4014.778076171875,3040.348388671875,7973.583984375
2022-02-03,6977.85888671875,2990.955078125,2314.885498046875,3245.609130859375,2933.874267578125,4600.0,3396.7392578125,4014.778076171875,3009.42919921875,7812.73291015625
2022-02-04,6977.85888671875,3144.715576171875,2395.781982421875,3308.478515625,2933.874267578125,4600.0,3421.001708984375,4014.778076171875,3019.735595703125,7927.62548828125
2022-02-05,6977.85888671875,3144.715576171875,2395.781982421875,3308.478515625,2933.874267578125,4600.0,3421.001708984375,4014.778076171875,3019.735595703125,7927.62548828125
2022-02-06,6977.85888671875,3144.715576171875,2395.781982421875,3308.478515625,2933.874267578125,4600.0,3421.001708984375,4014.778076171875,3019.735595703125,7927.62548828125
2022-02-07,7045.60546875,3210.010986328125,2482.901611328125,3457.7919921875,2943.6865234375,4600.0,3469.526611328125,3996.529541015625,3040.348388671875,7950.6044921875
2022-02-08,6977.85888671875,3115.22705078125,2538.90673828125,3489.226318359375,2992.747802734375,4600.0,3421.001708984375,4051.276611328125,3091.87939453125,7927.62548828125
2022-02-09,7181.09765625,3159.45947265625,2626.02587890625,3497.084716796875,3012.37255859375,4600.0,3461.43896484375,4051.276611328125,3122.79833984375,7973.583984375
2022-02-10,7000.44091796875,3108.908203125,2682.03125,3512.80224609375,3031.9970703125,4600.0,3607.013916015625,3978.280517578125,3164.0234375,7927.62548828125
2022-02-11,7068.18701171875,3033.0810546875,2495.34716796875,3497.084716796875,3031.9970703125,4600.0,3598.926025390625,3978.280517578125,3174.32958984375,7950.6044921875
2022-02-12,7068.18701171875,3033.0810546875,2495.34716796875,3497.084716796875,3031.9970703125,4600.0,3598.926025390625,3978.280517578125,3174.32958984375,7950.6044921875
2022-02-13,7068.18701171875,3033.0810546875,2495.34716796875,3497.084716796875,3031.9970703125,4600.0,3598.926025390625,3978.280517578125,3174.32958984375,7950.6044921875
2022-02-14,6955.27685546875,3070.994873046875,2339.77685546875,3465.650634765625,3061.433837890625,4600.0,3558.48876953125,3868.786865234375,3174.32958984375,7858.689453125
2022-02-15,7113.3515625,3024.656005859375,2420.67333984375,3481.36767578125,3100.68310546875,4600.0,3566.576171875,4014.778076171875,3267.0859375,7858.689453125
2022-02-16,7203.67919921875,3022.550048828125,2439.341796875,3473.50927734375,3081.05859375,4600.0,3558.48876953125,3996.529541015625,3277.392333984375,7812.73291015625
2022-02-17,7135.93408203125,2999.38037109375,2352.222412109375,3457.7919921875,3081.05859375,4650.0,3566.576171875,3996.529541015625,3256.780029296875,7835.7119140625
2022-02-18,7158.51611328125,2980.423583984375,2364.66796875,3481.36767578125,3081.05859375,4650.0,3558.48876953125,4087.77490234375,3287.698486328125,7835.7119140625
2022-02-19,7158.51611328125,2980.423583984375,2364.66796875,3481.36767578125,3081.05859375,4650.0,3558.48876953125,4087.77490234375,3287.698486328125,7835.7119140625
2022-02-20,7158.51611328125,2980.423583984375,2364.66796875,3481.36767578125,3081.05859375,4650.0,3558.48876953125,4087.77490234375,3287.698486328125,7835.7119140625
2022-02-21,7181.09765625,2980.423583984375,2339.77685546875,3528.519775390625,3081.05859375,4650.0,3534.226318359375,4069.525146484375,3256.780029296875,7812.73291015625
2022-02-22,7135.93408203125,3033.0810546875,2308.66259765625,3481.36767578125,3090.870849609375,4650.0,3477.614013671875,4069.525146484375,3194.942138671875,7835.7119140625
2022-02-23,7271.42578125,3117.333251953125,2314.885498046875,3520.660888671875,3090.870849609375,4650.0,3518.05126953125,4124.2724609375,3267.0859375,7996.56201171875
2022-02-24,7226.26171875,3117.333251953125,2221.54345703125,3449.93310546875,3022.184814453125,4650.0,3429.089111328125,4160.77001953125,3225.860595703125,7835.7119140625
2022-02-25,7271.42578125,3163.672119140625,2246.4345703125,3575.67138671875,3022.184814453125,4650.0,3509.9638671875,4233.76611328125,3298.0048828125,7812.73291015625
2022-02-26,7271.42578125,3163.672119140625,2246.4345703125,3575.67138671875,3022.184814453125,4650.0,3509.9638671875,4233.76611328125,3298.0048828125,7812.73291015625
2022-02-27,7271.42578125,3163.672119140625,2246.4345703125,3575.67138671875,3022.184814453125,4650.0,3509.9638671875,4233.76611328125,3298.0048828125,7812.73291015625
2022-02-28,7271.42578125,3163.672119140625,2246.4345703125,3575.67138671875,3022.184814453125,4650.0,3509.9638671875,4233.76611328125,3298.0048828125,7812.73291015625
2022-03-01,7271.42578125,3163.672119140625,2314.885498046875,3638.540283203125,3002.560302734375,4650.0,3518.05126953125,4160.77001953125,3267.0859375,7582.9462890625
2022-03-02,7203.67919921875,3281.625244140625,2258.880126953125,3583.52978515625,2992.747802734375,4720.0,3469.526611328125,4033.02783203125,3205.24853515625,7284.224609375
2022-03-03,7203.67919921875,3281.625244140625,2258.880126953125,3583.52978515625,2992.747802734375,4720.0,3469.526611328125,4033.02783203125,3205.24853515625,7284.224609375
2022-03-04,7135.93408203125,3515.42529296875,2227.766357421875,3669.974609375,3002.560302734375,5440.0,3558.48876953125,4106.02294921875,3256.780029296875,7192.3095703125
2022-03-05,7135.93408203125,3515.42529296875,2227.766357421875,3669.974609375,3002.560302734375,5440.0,3558.48876953125,4106.02294921875,3256.780029296875,7192.3095703125
2022-03-06,7135.93408203125,3515.42529296875,2227.766357421875,3669.974609375,3002.560302734375,5440.0,3558.48876953125,4106.02294921875,3256.780029296875,7192.3095703125
2022-03-07,6955.27685546875,3618.634521484375,2128.200927734375,3552.095458984375,2963.31103515625,5060.0,3647.450927734375,4233.76611328125,3184.6357421875,6801.67333984375
2022-03-08,6910.11279296875,3664.97314453125,2065.97314453125,3481.36767578125,2963.31103515625,4707.5,3736.4130859375,4562.24853515625,3133.104736328125,6985.50244140625
2022-03-09,7090.76953125,3747.118896484375,2121.978515625,3591.38818359375,2992.747802734375,4400.0,3590.83837890625,4598.74609375,3205.24853515625,7008.48095703125
2022-03-10,7158.51611328125,3578.614501953125,2190.42919921875,3591.38818359375,3012.37255859375,4400.0,3566.576171875,4562.24853515625,3205.24853515625,7123.3740234375
2022-03-11,7181.09765625,3378.515380859375,2196.652099609375,3594.86181640625,3002.560302734375,4400.0,3712.15087890625,4580.4970703125,3277.392333984375,6939.544921875
2022-03-12,7181.09765625,3378.515380859375,2196.652099609375,3594.86181640625,3002.560302734375,4400.0,3712.15087890625,4580.4970703125,3277.392333984375,6939.544921875
2022-03-13,7181.09765625,3378.515380859375,2196.652099609375,3594.86181640625,3002.560302734375,4400.0,3712.15087890625,4580.4970703125,3277.392333984375,6939.544921875
2022-03-14,7294.00732421875,3384.83447265625,2227.766357421875,3692.90380859375,3041.80908203125,4400.0,3704.063232421875,4653.49365234375,3339.229736328125,6916.56640625
2022-03-15,7361.7548828125,3393.259765625,2252.657470703125,3766.434814453125,3051.62158203125,4400.0,3736.4130859375,4598.74609375,3328.923583984375,6824.65185546875
2022-03-16,7406.91748046875,3370.090087890625,2377.113525390625,3799.115478515625,3120.307861328125,4400.0,3744.500732421875,4671.74267578125,3442.29248046875,7008.48095703125
2022-03-17,7226.26171875,3445.9169921875,2333.5537109375,3799.115478515625,3120.307861328125,4400.0,3623.1884765625,4689.9912109375,3390.761474609375,6962.52392578125
2022-03-18,7135.93408203125,3536.488525390625,2358.445068359375,3741.924560546875,3110.495361328125,4400.0,3671.713134765625,4671.74267578125,3421.679931640625,6962.52392578125
2022-03-19,7135.93408203125,3536.488525390625,2358.445068359375,3741.924560546875,3110.495361328125,4400.0,3671.713134765625,4671.74267578125,3421.679931640625,6962.52392578125
2022-03-20,7135.93408203125,3536.488525390625,2358.445068359375,3741.924560546875,3110.495361328125,4400.0,3671.713134765625,4671.74267578125,3421.679931640625,6962.52392578125
2022-03-21,7135.93408203125,3488.04345703125,2383.336181640625,3750.0947265625,3145.709228515625,4400.0,3679.80078125,4817.734375,3328.923583984375,6847.630859375
2022-03-22,7158.51611328125,3538.594482421875,2370.890869140625,3790.945068359375,3155.989013671875,4400.0,3679.80078125,4799.48486328125,3308.31103515625,6870.609375
2022-03-23,7135.93408203125,3536.488525390625,2383.336181640625,3799.115478515625,3197.109619140625,4400.0,3679.80078125,4726.48974609375,3328.923583984375,6893.587890625
2022-03-24,7158.51611328125,3507.0,2377.113525390625,3864.476806640625,3258.7900390625,4400.0,3687.888427734375,4799.48486328125,3453.326171875,6939.544921875
2022-03-25,7181.09765625,3536.488525390625,2364.66796875,3848.136474609375,3227.94970703125,4400.0,3655.538330078125,4671.74267578125,3453.326171875,6663.80126953125
2022-03-26,7181.09765625,3536.488525390625,2364.66796875,3848.136474609375,3227.94970703125,4400.0,3655.538330078125,4671.74267578125,3453.326171875,6663.80126953125
2022-03-27,7181.09765625,3536.488525390625,2364.66796875,3848.136474609375,3227.94970703125,4400.0,3655.538330078125,4671.74267578125,3453.326171875,6663.80126953125
2022-03-28,7245.296875,3536.488525390625,2414.45068359375,3864.476806640625,3238.22998046875,4400.0,3720.238525390625,4890.72998046875,3568.786865234375,6686.78076171875
2022-03-29,7199.4404296875,3534.3818359375,2470.4560546875,3831.79638671875,3258.7900390625,4400.0,3687.888427734375,4781.236328125,3516.304443359375,6709.75927734375
2022-03-30,7222.36865234375,3515.42529296875,2489.124267578125,3848.136474609375,3238.22998046875,4400.0,3704.063232421875,4854.23193359375,3526.801025390625,6778.69482421875
2022-03-31,7314.08056640625,3652.335205078125,2514.015380859375,3807.28564453125,3248.510009765625,4400.0,3704.063232421875,4799.48486328125,3463.822265625,6755.7158203125
2022-04-01,7268.22509765625,3664.97314453125,2526.461181640625,3864.476806640625,3238.22998046875,4400.0,3704.063232421875,4890.72998046875,3442.82958984375,6916.56640625
2022-04-02,7268.22509765625,3664.97314453125,2526.461181640625,3864.476806640625,3238.22998046875,4400.0,3704.063232421875,4890.72998046875,3442.82958984375,6916.56640625
2022-04-03,7268.22509765625,3664.97314453125,2526.461181640625,3864.476806640625,3238.22998046875,4400.0,3704.063232421875,4890.72998046875,3442.82958984375,6916.56640625
2022-04-04,7245.296875,3690.248779296875,2557.5751953125,3839.966796875,3217.669677734375,4400.0,3671.713134765625,4981.9755859375,3537.29736328125,6939.544921875
2022-04-05,7245.296875,3622.84716796875,2607.357666015625,3839.966796875,3217.669677734375,4100.0,3655.538330078125,5036.72216796875,3516.304443359375,6962.52392578125
2022-04-06,7107.7275390625,3622.84716796875,2626.02587890625,3758.2646484375,3155.989013671875,3815.0,3582.751220703125,5109.71826171875,3421.836669921875,6801.67333984375
2022-04-07,7107.7275390625,3629.166015625,2638.471435546875,3782.775390625,3166.269287109375,3815.0,3671.713134765625,5036.72216796875,3484.815185546875,6962.52392578125
2022-04-08,7199.4404296875,3686.036376953125,2675.808349609375,3766.434814453125,3166.269287109375,3815.0,3704.063232421875,5109.71826171875,3537.29736328125,6847.630859375
2022-04-09,7199.4404296875,3686.036376953125,2675.808349609375,3766.434814453125,3166.269287109375,3815.0,3704.063232421875,5109.71826171875,3537.29736328125,6847.630859375
2022-04-10,7199.4404296875,3686.036376953125,2675.808349609375,3766.434814453125,3166.269287109375,3815.0,3704.063232421875,5109.71826171875,3537.29736328125,6847.630859375
2022-04-11,7084.79931640625,3704.99267578125,2750.482177734375,3733.754150390625,3155.989013671875,3815.0,3712.15087890625,5000.22412109375,3526.801025390625,6916.56640625
2022-04-12,7153.583984375,3603.89013671875,2682.03125,3766.434814453125,3166.269287109375,3557.5,3744.500732421875,5073.2197265625,3537.29736328125,6801.67333984375
2022-04-13,7153.583984375,3622.84716796875,2638.471435546875,3766.434814453125,3176.54931640625,3557.5,3793.02587890625,5091.4697265625,3547.793701171875,6732.7373046875
2022-04-14,7061.87109375,3639.69775390625,2551.352294921875,3709.243896484375,3155.989013671875,3557.5,3784.93798828125,5018.47265625,3526.801025390625,6594.86572265625
2022-04-15,7061.87109375,3639.69775390625,2551.352294921875,3709.243896484375,3155.989013671875,3557.5,3784.93798828125,5018.47265625,3526.801025390625,6594.86572265625
2022-04-16,7061.87109375,3639.69775390625,2551.352294921875,3709.243896484375,3155.989013671875,3557.5,3784.93798828125,5018.47265625,3526.801025390625,6594.86572265625
2022-04-17,7061.87109375,3639.69775390625,2551.352294921875,3709.243896484375,3155.989013671875,3557.5,3784.93798828125,5018.47265625,3526.801025390625,6594.86572265625
2022-04-18,7061.87109375,3622.84716796875,2489.124267578125,3717.414306640625,3135.428955078125,3557.5,3809.199951171875,5109.71826171875,3537.29736328125,6525.93017578125
2022-04-19,6993.0869140625,3580.720703125,2594.912109375,3733.754150390625,3114.86865234375,3512.5,3784.93798828125,5036.72216796875,3526.801025390625,6594.86572265625
2022-04-20,7016.01513671875,3637.591064453125,2588.689208984375,3962.518310546875,3227.94970703125,3330.0,3744.500732421875,5036.72216796875,3768.21875,6732.7373046875
2022-04-21,7268.22509765625,3555.445068359375,2551.352294921875,3921.667724609375,3412.991455078125,3330.0,3736.4130859375,5109.71826171875,3936.161865234375,6824.65185546875
2022-04-22,7222.36865234375,3563.87060546875,2551.352294921875,3880.81689453125,3402.71142578125,3330.0,3736.4130859375,5146.21630859375,3925.665283203125,6709.75927734375
2022-04-23,7222.36865234375,3563.87060546875,2551.352294921875,3880.81689453125,3402.71142578125,3330.0,3736.4130859375,5146.21630859375,3925.665283203125,6709.75927734375
2022-04-24,7222.36865234375,3563.87060546875,2551.352294921875,3880.81689453125,3402.71142578125,3330.0,3736.4130859375,5146.21630859375,3925.665283203125,6709.75927734375
2022-04-25,7337.0087890625,3496.46875,2538.90673828125,3954.348388671875,3382.151123046875,3097.5,3809.199951171875,5164.46533203125,3988.643798828125,6824.65185546875
2022-04-26,7451.64990234375,3538.594482421875,2545.129638671875,4036.0498046875,3433.5517578125,3097.5,3849.6376953125,5255.7099609375,4030.629638671875,6962.52392578125
2022-04-27,7520.43359375,3538.594482421875,2540.72021484375,3962.518310546875,3382.151123046875,3000.0,3857.725341796875,5200.962890625,3967.6513671875,6985.50244140625
2022-04-28,7451.64990234375,3580.720703125,2503.3564453125,3978.85888671875,3680.27392578125,3000.0,3736.4130859375,5529.4443359375,3873.18310546875,7008.48095703125
2022-04-29,7451.64990234375,3580.720703125,2503.3564453125,3978.85888671875,3680.27392578125,3000.0,3736.4130859375,5529.4443359375,3873.18310546875,7008.48095703125
2022-04-30,7451.64990234375,3580.720703125,2503.3564453125,3978.85888671875,3680.27392578125,3000.0,3736.4130859375,5529.4443359375,3873.18310546875,7008.48095703125
2022-05-01,7451.64990234375,3580.720703125,2503.3564453125,3978.85888671875,3680.27392578125,3000.0,3736.4130859375,5529.4443359375,3873.18310546875,7008.48095703125
2022-05-02,7451.64990234375,3580.720703125,2503.3564453125,3978.85888671875,3680.27392578125,3000.0,3736.4130859375,5529.4443359375,3873.18310546875,7008.48095703125
2022-05-03,7451.64990234375,3580.720703125,2503.3564453125,3978.85888671875,3680.27392578125,3000.0,3736.4130859375,5529.4443359375,3873.18310546875,7008.48095703125
2022-05-04,7451.64990234375,3580.720703125,2503.3564453125,3978.85888671875,3680.27392578125,3000.0,3736.4130859375,5529.4443359375,3873.18310546875,7008.48095703125
2022-05-05,7451.64990234375,3580.720703125,2503.3564453125,3978.85888671875,3680.27392578125,3000.0,3736.4130859375,5529.4443359375,3873.18310546875,7008.48095703125
2022-05-06,7451.64990234375,3580.720703125,2503.3564453125,3978.85888671875,3680.27392578125,3000.0,3736.4130859375,5529.4443359375,3873.18310546875,7008.48095703125
2022-05-07,7451.64990234375,3580.720703125,2503.3564453125,3978.85888671875,3680.27392578125,3000.0,3736.4130859375,5529.4443359375,3873.18310546875,7008.48095703125
2022-05-08,7451.64990234375,3580.720703125,2503.3564453125,3978.85888671875,3680.27392578125,3000.0,3736.4130859375,5529.4443359375,3873.18310546875,7008.48095703125
2022-05-09,6970.158203125,3991.450927734375,2497.12939453125,3701.07373046875,3423.271484375,2900.0,3485.701416015625,5281.47802734375,3705.240478515625,6801.67333984375
2022-05-10,6901.3740234375,3791.351318359375,2484.675048828125,3701.07373046875,3330.750732421875,2750.0,3509.9638671875,5244.0205078125,3736.729736328125,7330.18212890625
2022-05-11,7016.01513671875,3909.304443359375,2472.220458984375,3668.3935546875,3289.63037109375,2775.0,3501.87646484375,5169.10595703125,3684.24755859375,7628.90380859375
2022-05-12,6672.09228515625,3749.225341796875,2459.765869140625,3529.500732421875,3238.22998046875,2775.0,3477.614013671875,5131.6484375,3442.82958984375,7376.13916015625
2022-05-13,6717.94873046875,3808.2021484375,2465.9931640625,3472.3095703125,3207.389404296875,2750.0,3445.26416015625,5337.66357421875,3463.822265625,7514.01123046875
2022-05-14,6717.94873046875,3808.2021484375,2465.9931640625,3472.3095703125,3207.389404296875,2750.0,3445.26416015625,5337.66357421875,3463.822265625,7514.01123046875
2022-05-15,6717.94873046875,3808.2021484375,2465.9931640625,3472.3095703125,3207.389404296875,2750.0,3445.26416015625,5337.66357421875,3463.822265625,7514.01123046875
2022-05-16,6717.94873046875,3808.2021484375,2465.9931640625,3472.3095703125,3207.389404296875,2750.0,3445.26416015625,5337.66357421875,3463.822265625,7514.01123046875
2022-05-17,6786.73388671875,3875.60400390625,2459.765869140625,3635.71240234375,3227.94970703125,2885.0,3380.564453125,5244.0205078125,3547.793701171875,7192.3095703125
2022-05-18,6947.22998046875,3875.60400390625,2478.447509765625,3635.71240234375,3248.510009765625,3300.0,3437.176513671875,5318.93505859375,3673.7509765625,7445.07470703125
2022-05-19,6832.58984375,3829.26513671875,2465.9931640625,3627.54248046875,3248.510009765625,3960.0,3404.82666015625,5244.0205078125,3642.26171875,7330.18212890625
2022-05-20,6786.73388671875,3913.51708984375,2465.9931640625,3619.372314453125,3289.63037109375,4130.0,3372.476806640625,5337.66357421875,3684.24755859375,7399.11767578125
2022-05-21,6786.73388671875,3913.51708984375,2465.9931640625,3619.372314453125,3289.63037109375,4130.0,3372.476806640625,5337.66357421875,3684.24755859375,7399.11767578125
2022-05-22,6786.73388671875,3913.51708984375,2465.9931640625,3619.372314453125,3289.63037109375,4130.0,3372.476806640625,5337.66357421875,3684.24755859375,7399.11767578125
2022-05-23,6763.80517578125,4404.28662109375,2459.765869140625,3537.6708984375,3238.22998046875,3842.5,3323.951904296875,5206.5625,3715.73681640625,7330.18212890625
2022-05-24,6740.876953125,4362.16064453125,2465.9931640625,3643.8828125,3258.7900390625,3575.0,3356.302001953125,5356.392578125,3810.20458984375,7491.03173828125
2022-05-25,6763.80517578125,4448.51953125,2478.447509765625,3554.01123046875,3227.94970703125,3575.0,3396.7392578125,5318.93505859375,3747.22607421875,7582.9462890625
2022-05-26,6763.80517578125,4448.51953125,2478.447509765625,3554.01123046875,3227.94970703125,3575.0,3396.7392578125,5318.93505859375,3747.22607421875,7582.9462890625
2022-05-27,6947.22998046875,4583.3232421875,2534.4931640625,3709.243896484375,3330.750732421875,3342.5,3477.614013671875,5412.57861328125,3862.686767578125,7927.62548828125
2022-05-28,6947.22998046875,4583.3232421875,2534.4931640625,3709.243896484375,3330.750732421875,3342.5,3477.614013671875,5412.57861328125,3862.686767578125,7927.62548828125
2022-05-29,6947.22998046875,4583.3232421875,2534.4931640625,3709.243896484375,3330.750732421875,3342.5,3477.614013671875,5412.57861328125,3862.686767578125,7927.62548828125
2022-05-30,6947.22998046875,4845.58935546875,2559.40185546875,3619.372314453125,3371.870849609375,3350.0,3437.176513671875,5431.306640625,3862.686767578125,7858.689453125
2022-05-31,7107.7275390625,4925.73828125,2546.947265625,3782.775390625,3495.232177734375,3392.5,3485.701416015625,5506.2216796875,3852.1904296875,7881.6689453125
2022-06-01,7107.7275390625,4925.73828125,2546.947265625,3782.775390625,3495.232177734375,3392.5,3485.701416015625,5506.2216796875,3852.1904296875,7881.6689453125
2022-06-02,6947.22998046875,4962.37744140625,2565.629150390625,3660.223388671875,3371.870849609375,3392.5,3469.526611328125,5487.4931640625,3715.73681640625,7858.689453125
2022-06-03,6970.158203125,4992.14697265625,2528.265869140625,3692.90380859375,3371.870849609375,3620.0,3485.701416015625,5468.76416015625,3757.72265625,7881.6689453125
2022-06-04,6970.158203125,4992.14697265625,2528.265869140625,3692.90380859375,3371.870849609375,3620.0,3485.701416015625,5468.76416015625,3757.72265625,7881.6689453125
2022-06-05,6970.158203125,4992.14697265625,2528.265869140625,3692.90380859375,3371.870849609375,3620.0,3485.701416015625,5468.76416015625,3757.72265625,7881.6689453125
2022-06-06,6832.58984375,4980.697265625,2509.583984375,3619.372314453125,3351.31103515625,3822.5,3509.9638671875,5412.57861328125,3736.729736328125,7950.6044921875
2022-06-07,6763.80517578125,4980.697265625,2490.902099609375,3594.86181640625,3412.991455078125,3675.0,3437.176513671875,5393.849609375,3736.729736328125,7881.6689453125
2022-06-08,6970.158203125,5033.36669921875,2490.902099609375,3652.052978515625,3454.112060546875,3675.0,3437.147705078125,5375.12060546875,3778.715087890625,7881.6689453125
2022-06-09,6878.44580078125,5395.18310546875,2490.902099609375,3668.3935546875,3464.391845703125,3675.0,3395.2314453125,5393.849609375,3642.26171875,7927.62548828125
2022-06-10,6740.876953125,6045.5361328125,2478.447509765625,3594.86181640625,3361.591064453125,3675.0,3370.08154296875,5187.83447265625,3484.815185546875,7812.73291015625
2022-06-11,6740.876953125,6045.5361328125,2478.447509765625,3594.86181640625,3361.591064453125,3675.0,3370.08154296875,5187.83447265625,3484.815185546875,7812.73291015625
2022-06-12,6740.876953125,6045.5361328125,2478.447509765625,3594.86181640625,3361.591064453125,3675.0,3370.08154296875,5187.83447265625,3484.815185546875,7812.73291015625
2022-06-13,6740.876953125,6116.52490234375,2428.629638671875,3545.841064453125,3330.750732421875,3675.0,3420.381103515625,5262.74853515625,3463.822265625,7904.64794921875
2022-06-14,6786.73388671875,6116.52490234375,2378.8115234375,3562.181640625,3371.870849609375,3675.0,3445.531005859375,5225.29248046875,3474.31884765625,7950.6044921875
2022-06-15,6717.94873046875,5761.57958984375,2441.083984375,3635.71240234375,3412.991455078125,3675.0,3403.614501953125,5019.2763671875,3474.31884765625,7904.64794921875
2022-06-16,6947.22998046875,5896.68798828125,2397.4931640625,3619.372314453125,3443.831787109375,3675.0,3386.84814453125,5131.6484375,3463.822265625,7973.583984375
2022-06-17,6878.44580078125,5937.90771484375,2372.584228515625,3570.3515625,3320.470458984375,3675.0,3453.91455078125,5206.5625,3432.3330078125,7858.689453125
2022-06-18,6878.44580078125,5937.90771484375,2372.584228515625,3570.3515625,3320.470458984375,3675.0,3453.91455078125,5206.5625,3432.3330078125,7858.689453125
2022-06-19,6878.44580078125,5937.90771484375,2372.584228515625,3570.3515625,3320.470458984375,3675.0,3453.91455078125,5206.5625,3432.3330078125,7858.689453125
2022-06-20,6993.0869140625,5807.37841796875,2335.220703125,3594.86181640625,3392.43115234375,3675.0,3386.84814453125,5187.83447265625,3411.34033203125,8249.326171875
2022-06-21,7016.01513671875,5882.9482421875,2372.584228515625,3578.52197265625,3392.43115234375,3675.0,3445.531005859375,5131.6484375,3547.793701171875,8410.177734375
2022-06-22,6878.44580078125,5866.91796875,2366.35693359375,3529.500732421875,3351.31103515625,3675.0,3395.2314453125,5094.19091796875,3421.836669921875,8479.1142578125
2022-06-23,6901.3740234375,5862.337890625,2353.902587890625,3521.3310546875,3351.31103515625,3675.0,3487.447265625,5150.376953125,3421.836669921875,8571.02734375
2022-06-24,6855.5185546875,5880.65869140625,2353.902587890625,3545.841064453125,3412.991455078125,3505.0,3479.064208984375,5000.5478515625,3421.836669921875,8662.9423828125
2022-06-25,6855.5185546875,5880.65869140625,2353.902587890625,3545.841064453125,3412.991455078125,3505.0,3479.064208984375,5000.5478515625,3421.836669921875,8662.9423828125
2022-06-26,6855.5185546875,5880.65869140625,2353.902587890625,3545.841064453125,3412.991455078125,3505.0,3479.064208984375,5000.5478515625,3421.836669921875,8662.9423828125
2022-06-27,6740.876953125,5944.77685546875,2353.902587890625,3496.82080078125,3382.151123046875,3505.0,3411.997802734375,4981.8193359375,3379.850830078125,8731.8779296875
2022-06-28,6695.02099609375,6496.662109375,2353.902587890625,3513.160400390625,3341.031005859375,3505.0,3378.46484375,5019.2763671875,3390.347412109375,8731.8779296875
2022-06-29,6672.09228515625,6869.92724609375,2285.40283203125,3415.118896484375,3269.0703125,3505.0,3386.84814453125,4869.44775390625,3369.3544921875,8685.9208984375
2022-06-30,6649.16455078125,7140.14501953125,2241.81201171875,3390.6083984375,3258.7900390625,3505.0,3353.31494140625,4963.09033203125,3295.87939453125,8777.8359375
2022-07-01,6649.16455078125,7218.00390625,2179.539306640625,3382.43798828125,3125.14892578125,3505.0,3370.08154296875,4888.17578125,3295.87939453125,8594.005859375
2022-07-02,6649.16455078125,7218.00390625,2179.539306640625,3382.43798828125,3125.14892578125,3505.0,3370.08154296875,4888.17578125,3295.87939453125,8594.005859375
2022-07-03,6649.16455078125,7218.00390625,2179.539306640625,3382.43798828125,3125.14892578125,3505.0,3370.08154296875,4888.17578125,3295.87939453125,8594.005859375
2022-07-04,6465.7392578125,7282.12255859375,2179.539306640625,3300.73681640625,3042.908203125,3505.0,3344.931396484375,4869.44775390625,3211.908203125,8479.1142578125
2022-07-05,6649.16455078125,7327.92333984375,2154.63037109375,3341.587646484375,3145.709228515625,3505.0,3344.931396484375,4738.34716796875,3253.893798828125,8433.1552734375
2022-07-06,6695.02099609375,6995.87646484375,2135.94873046875,3333.41748046875,3094.30859375,3505.0,3370.08154296875,4551.060546875,3211.908203125,8685.9208984375
2022-07-07,6511.59521484375,6709.62890625,2167.0849609375,3308.906982421875,3053.188232421875,3505.0,3386.84814453125,4457.4169921875,3190.915283203125,8708.8994140625
2022-07-08,6557.45166015625,6453.15234375,2173.31201171875,3431.459228515625,3073.74853515625,3505.0,3361.6982421875,4476.146484375,3190.915283203125,8662.9423828125
2022-07-09,6557.45166015625,6453.15234375,2173.31201171875,3431.459228515625,3073.74853515625,3505.0,3361.6982421875,4476.146484375,3190.915283203125,8662.9423828125
2022-07-10,6557.45166015625,6453.15234375,2173.31201171875,3431.459228515625,3073.74853515625,3505.0,3361.6982421875,4476.146484375,3190.915283203125,8662.9423828125
2022-07-11,6534.52294921875,6640.92919921875,2173.31201171875,3366.09814453125,3073.74853515625,3505.0,3386.84814453125,4532.33203125,3148.929443359375,8685.9208984375
2022-07-12,6580.38037109375,6595.13037109375,2254.266357421875,3357.92822265625,3053.188232421875,3505.0,3361.6982421875,4569.7890625,3127.9365234375,8571.02734375
2022-07-13,6419.88330078125,6503.53173828125,2291.6298828125,3317.077392578125,2991.507568359375,3260.0,3303.01513671875,4363.7744140625,3033.46875,8548.048828125
2022-07-14,6442.8115234375,6627.19091796875,2360.129638671875,3325.247314453125,2991.507568359375,3260.0,3370.08154296875,4569.7890625,3054.461669921875,8502.0908203125
2022-07-15,6419.88330078125,6514.9814453125,2378.8115234375,3357.92822265625,2950.38720703125,3260.0,3479.064208984375,4457.4169921875,3054.461669921875,8594.005859375
2022-07-16,6419.88330078125,6514.9814453125,2378.8115234375,3357.92822265625,2950.38720703125,3260.0,3479.064208984375,4457.4169921875,3054.461669921875,8594.005859375
2022-07-17,6419.88330078125,6514.9814453125,2378.8115234375,3357.92822265625,2950.38720703125,3260.0,3479.064208984375,4457.4169921875,3054.461669921875,8594.005859375
2022-07-18,6557.45166015625,6059.275390625,2391.26611328125,3382.43798828125,3022.347900390625,3260.0,3512.59716796875,4513.60302734375,3075.454345703125,8731.8779296875
2022-07-19,6580.38037109375,6059.275390625,2366.35693359375,3357.92822265625,3053.188232421875,3260.0,3487.447265625,4551.060546875,3064.957763671875,8685.9208984375
2022-07-20,6786.73388671875,6066.146484375,2391.26611328125,3513.160400390625,3248.510009765625,3260.0,3529.36376953125,4700.8896484375,3222.404541015625,8685.9208984375
2022-07-21,6786.73388671875,6066.146484375,2416.17529296875,3521.3310546875,3248.510009765625,3260.0,3571.2802734375,4625.974609375,3243.397216796875,8731.8779296875
2022-07-22,6717.94873046875,6054.6962890625,2403.720703125,3488.650390625,3227.94970703125,3260.0,3546.130615234375,4551.060546875,3232.90087890625,8639.962890625
2022-07-23,6717.94873046875,6054.6962890625,2403.720703125,3488.650390625,3227.94970703125,3260.0,3546.130615234375,4551.060546875,3232.90087890625,8639.962890625
2022-07-24,6717.94873046875,6054.6962890625,2403.720703125,3488.650390625,3227.94970703125,3260.0,3546.130615234375,4551.060546875,3232.90087890625,8639.962890625
2022-07-25,6695.02099609375,6061.56591796875,2378.8115234375,3472.3095703125,3197.109619140625,3260.0,3554.513671875,4551.060546875,3190.915283203125,8685.9208984375
2022-07-26,6695.02099609375,6050.11572265625,2328.993408203125,3537.6708984375,3289.63037109375,3260.0,3562.89697265625,4569.7890625,3222.404541015625,8616.984375
2022-07-27,6717.94873046875,6130.26513671875,2328.993408203125,3529.500732421875,3330.750732421875,3260.0,3604.8134765625,4569.7890625,3264.390380859375,8525.0703125
2022-07-28,6740.876953125,6228.734375,2328.993408203125,3562.181640625,3310.1904296875,3300.0,3554.513671875,4532.33203125,3285.3828125,8249.326171875
2022-07-29,6740.876953125,6226.4443359375,2366.35693359375,3562.181640625,3402.71142578125,3300.0,3546.130615234375,4738.34716796875,3295.87939453125,8111.45458984375
2022-07-30,6740.876953125,6226.4443359375,2366.35693359375,3562.181640625,3402.71142578125,3300.0,3546.130615234375,4738.34716796875,3295.87939453125,8111.45458984375
2022-07-31,6740.876953125,6226.4443359375,2366.35693359375,3562.181640625,3402.71142578125,3300.0,3546.130615234375,4738.34716796875,3295.87939453125,8111.45458984375
2022-08-01,6878.44580078125,6237.89404296875,2328.993408203125,3562.181640625,3279.35009765625,3300.0,3604.8134765625,4850.71923828125,3337.865234375,8180.39111328125
2022-08-02,6970.158203125,6146.294921875,2304.08447265625,3594.86181640625,3361.591064453125,3300.0,3730.562744140625,4850.71923828125,3390.347412109375,8453.541015625
2022-08-03,6993.0869140625,6137.13525390625,2310.311767578125,3578.52197265625,3392.43115234375,3300.0,3772.4794921875,4944.3623046875,3411.34033203125,8288.7099609375
2022-08-04,7153.583984375,6045.5361328125,2328.993408203125,3562.181640625,3392.43115234375,3300.0,3814.3955078125,4944.3623046875,3358.858154296875,8406.447265625
2022-08-05,7222.36865234375,6054.6962890625,2304.08447265625,3562.181640625,3392.43115234375,3300.0,3898.228515625,4963.09033203125,3463.822265625,8288.7099609375
2022-08-06,7222.36865234375,6054.6962890625,2304.08447265625,3562.181640625,3392.43115234375,3300.0,3898.228515625,4963.09033203125,3463.822265625,8288.7099609375
2022-08-07,7222.36865234375,6054.6962890625,2304.08447265625,3562.181640625,3392.43115234375,3300.0,3898.228515625,4963.09033203125,3463.822265625,8288.7099609375
2022-08-08,7222.36865234375,6091.3359375,2297.857421875,3570.3515625,3433.5517578125,3300.0,3940.145263671875,5019.2763671875,3463.822265625,8288.7099609375
2022-08-09,7245.296875,6091.3359375,2291.6298828125,3603.032470703125,3484.9521484375,3300.0,3889.844970703125,5056.734375,3547.793701171875,8218.0673828125
2022-08-10,7245.296875,6054.6962890625,2316.538818359375,3521.3310546875,3536.352783203125,3300.0,3822.779052734375,5131.6484375,3558.290283203125,8218.0673828125
2022-08-11,7291.15283203125,6054.6962890625,2304.08447265625,3554.01123046875,3505.512451171875,3300.0,3831.162109375,5206.5625,3579.283203125,8359.3515625
2022-08-12,7268.22509765625,6054.6962890625,2279.175537109375,3529.500732421875,3484.9521484375,3300.0,3814.3955078125,5206.5625,3579.283203125,8170.97216796875
2022-08-13,7268.22509765625,6054.6962890625,2279.175537109375,3529.500732421875,3484.9521484375,3300.0,3814.3955078125,5206.5625,3579.283203125,8170.97216796875
2022-08-14,7268.22509765625,6054.6962890625,2279.175537109375,3529.500732421875,3484.9521484375,3300.0,3814.3955078125,5206.5625,3579.283203125,8170.97216796875
2022-08-15,7291.15283203125,6047.826171875,2291.6298828125,3513.160400390625,3474.671875,3320.0,3730.562744140625,5150.376953125,3589.779541015625,8359.3515625
2022-08-16,7314.08056640625,6027.21630859375,2266.720703125,3496.82080078125,3505.512451171875,3287.5,3697.029541015625,5225.29248046875,3600.27587890625,8241.61328125
2022-08-17,7314.08056640625,6027.21630859375,2266.720703125,3496.82080078125,3505.512451171875,3287.5,3697.029541015625,5225.29248046875,3600.27587890625,8241.61328125
2022-08-18,7337.0087890625,6027.21630859375,2266.720703125,3537.6708984375,3536.352783203125,3287.5,3814.3955078125,5225.29248046875,3631.765625,8265.1611328125
2022-08-19,7245.296875,6027.21630859375,2248.0390625,3513.160400390625,3495.232177734375,3320.0,3856.3125,5225.29248046875,3568.786865234375,8194.51953125
2022-08-20,7245.296875,6027.21630859375,2248.0390625,3513.160400390625,3495.232177734375,3320.0,3856.3125,5225.29248046875,3568.786865234375,8194.51953125
2022-08-21,7245.296875,6027.21630859375,2248.0390625,3513.160400390625,3495.232177734375,3320.0,3856.3125,5225.29248046875,3568.786865234375,8194.51953125
2022-08-22,7337.0087890625,5960.8076171875,2248.0390625,3488.650390625,3505.512451171875,3300.0,3898.228515625,5187.83447265625,3484.815185546875,8218.0673828125
2022-08-23,7245.296875,5878.36767578125,2401.2294921875,3513.160400390625,3546.633056640625,3275.0,3906.61181640625,5225.29248046875,3484.815185546875,8288.7099609375
2022-08-24,7291.15283203125,6089.04541015625,2371.3388671875,3504.990478515625,3546.633056640625,3275.0,3982.0615234375,5281.47802734375,3484.815185546875,8265.1611328125
2022-08-25,7405.79296875,5997.44677734375,2321.520751953125,3488.650390625,3526.072509765625,3275.0,3831.162109375,5225.29248046875,3474.31884765625,8265.1611328125
2022-08-26,7337.0087890625,5953.93701171875,2341.447998046875,3488.650390625,3495.232177734375,3275.0,3764.09619140625,5150.376953125,3484.815185546875,8218.0673828125
2022-08-27,7337.0087890625,5953.93701171875,2341.447998046875,3488.650390625,3495.232177734375,3275.0,3764.09619140625,5150.376953125,3484.815185546875,8218.0673828125
2022-08-28,7337.0087890625,5953.93701171875,2341.447998046875,3488.650390625,3495.232177734375,3275.0,3764.09619140625,5150.376953125,3484.815185546875,8218.0673828125
2022-08-29,7474.57861328125,5876.078125,2341.447998046875,3472.3095703125,3515.79248046875,3180.0,3789.24560546875,5112.92041015625,3442.82958984375,8335.8037109375
2022-08-30,7497.50634765625,5821.119140625,2331.484375,3480.480224609375,3556.912841796875,3185.0,3755.712646484375,5169.10595703125,3537.29736328125,8218.0673828125
2022-08-31,7520.43359375,5827.98876953125,2431.12060546875,3545.841064453125,3639.15380859375,3185.0,3822.779052734375,5225.29248046875,3579.283203125,7817.759765625
2022-09-01,7474.57861328125,5988.287109375,2321.520751953125,3586.691650390625,3669.993896484375,3185.0,3839.54541015625,5187.83447265625,3579.283203125,8194.51953125
2022-09-02,7543.3623046875,6086.75537109375,2371.3388671875,3635.71240234375,3639.15380859375,3185.0,3856.3125,5187.83447265625,3652.75830078125,8218.0673828125
2022-09-03,7543.3623046875,6086.75537109375,2371.3388671875,3635.71240234375,3639.15380859375,3185.0,3856.3125,5187.83447265625,3652.75830078125,8218.0673828125
2022-09-04,7543.3623046875,6086.75537109375,2371.3388671875,3635.71240234375,3639.15380859375,3185.0,3856.3125,5187.83447265625,3652.75830078125,8218.0673828125
2022-09-05,7589.21875,6137.13525390625,2361.375244140625,3750.0947265625,3680.27392578125,3390.0,3873.07861328125,5150.376953125,3715.73681640625,8194.51953125
2022-09-06,7589.21875,6228.734375,2331.484375,3725.584228515625,3628.87353515625,3400.0,3780.862548828125,5169.10595703125,3673.7509765625,8147.42431640625
2022-09-07,7680.93212890625,6141.71533203125,2321.520751953125,3643.8828125,3649.43359375,3470.0,3764.09619140625,4981.8193359375,3600.27587890625,8053.23388671875
2022-09-08,7658.0029296875,6047.826171875,2441.083984375,3758.2646484375,3680.27392578125,3600.0,3822.779052734375,4981.8193359375,3684.24755859375,8029.6875
2022-09-09,7680.93212890625,6043.24658203125,2610.465576171875,3766.434814453125,3731.67431640625,3600.0,3856.3125,5075.46240234375,3694.743896484375,7959.044921875
2022-09-10,7680.93212890625,6043.24658203125,2610.465576171875,3766.434814453125,3731.67431640625,3600.0,3856.3125,5075.46240234375,3694.743896484375,7959.044921875
2022-09-11,7680.93212890625,6043.24658203125,2610.465576171875,3766.434814453125,3731.67431640625,3600.0,3856.3125,5075.46240234375,3694.743896484375,7959.044921875
2022-09-12,7680.93212890625,5983.70654296875,2640.35595703125,3725.584228515625,3772.794921875,3600.0,3806.01220703125,5225.29248046875,3694.743896484375,8100.330078125
2022-09-13,7818.50048828125,6091.3359375,2520.792724609375,3741.924560546875,3885.876220703125,3600.0,3789.24560546875,5393.849609375,3768.21875,8029.6875
2022-09-14,7795.57177734375,5990.5771484375,2470.974853515625,3741.924560546875,3824.195556640625,3602.5,3755.712646484375,5356.392578125,3736.729736328125,8029.6875
2022-09-15,8024.85302734375,6068.43603515625,2431.12060546875,3766.434814453125,3844.75537109375,3602.5,3772.4794921875,5281.47802734375,3852.1904296875,8100.330078125
2022-09-16,7749.71484375,6063.85595703125,2461.010986328125,3676.5634765625,3741.95458984375,4020.0,3697.029541015625,5169.10595703125,3757.72265625,8147.42431640625
2022-09-17,7749.71484375,6063.85595703125,2461.010986328125,3676.5634765625,3741.95458984375,4020.0,3697.029541015625,5169.10595703125,3757.72265625,8147.42431640625
2022-09-18,7749.71484375,6063.85595703125,2461.010986328125,3676.5634765625,3741.95458984375,4020.0,3697.029541015625,5169.10595703125,3757.72265625,8147.42431640625
2022-09-19,7933.1416015625,6059.275390625,2470.974853515625,3733.754150390625,3793.354736328125,3800.0,3772.4794921875,5337.66357421875,3768.21875,8194.51953125
2022-09-20,7841.4287109375,5974.546875,2500.86572265625,3668.3935546875,3783.074951171875,3800.0,3755.712646484375,5375.12060546875,3768.21875,8359.3515625
2022-09-21,7772.64404296875,5981.4169921875,2620.42919921875,3717.414306640625,3813.915283203125,3800.0,3713.79638671875,5356.392578125,3768.21875,8194.51953125
2022-09-22,7772.64404296875,6018.056640625,2540.72021484375,3725.584228515625,3783.074951171875,3800.0,3713.79638671875,5375.12060546875,3778.715087890625,8312.2568359375
2022-09-23,7680.93212890625,5990.5771484375,2560.6474609375,3660.223388671875,3783.074951171875,3800.0,3671.879638671875,5356.392578125,3778.715087890625,8477.0888671875
2022-09-24,7680.93212890625,5990.5771484375,2560.6474609375,3660.223388671875,3783.074951171875,3800.0,3671.879638671875,5356.392578125,3778.715087890625,8477.0888671875
2022-09-25,7680.93212890625,5990.5771484375,2560.6474609375,3660.223388671875,3783.074951171875,3800.0,3671.879638671875,5356.392578125,3778.715087890625,8477.0888671875
2022-09-26,7726.7880859375,5999.736328125,2470.974853515625,3709.243896484375,3803.635009765625,3800.0,3738.9462890625,5225.29248046875,3778.715087890625,8547.7314453125
2022-09-27,7612.14697265625,5999.736328125,2361.375244140625,3701.07373046875,3844.75537109375,3800.0,3722.17919921875,5206.5625,3778.715087890625,8335.8037109375
2022-09-28,7635.07568359375,6134.845703125,2381.302490234375,3692.90380859375,3824.195556640625,3800.0,3747.3291015625,5094.19091796875,3778.715087890625,8288.7099609375
2022-09-29,7680.93212890625,6045.5361328125,2401.2294921875,3660.223388671875,3803.635009765625,3800.0,3722.17919921875,5075.46240234375,3768.21875,8335.8037109375
2022-09-30,7841.4287109375,6137.13525390625,2391.26611328125,3668.3935546875,3875.595947265625,3800.0,3738.9462890625,4963.09033203125,3768.21875,8147.42431640625
2022-10-01,7841.4287109375,6137.13525390625,2391.26611328125,3668.3935546875,3875.595947265625,3800.0,3738.9462890625,4963.09033203125,3768.21875,8147.42431640625
2022-10-02,7841.4287109375,6137.13525390625,2391.26611328125,3668.3935546875,3875.595947265625,3800.0,3738.9462890625,4963.09033203125,3768.21875,8147.42431640625
2022-10-03,7795.57177734375,6056.98681640625,2371.3388671875,3701.07373046875,3813.915283203125,3800.0,3738.9462890625,4963.09033203125,3736.729736328125,8218.0673828125
2022-10-04,7841.4287109375,6123.3955078125,2431.12060546875,3790.945068359375,3793.354736328125,3800.0,3722.17919921875,5038.00537109375,3715.73681640625,8029.6875
2022-10-05,7749.71484375,6155.455078125,2451.047607421875,3709.243896484375,3813.915283203125,3800.0,3738.9462890625,5000.5478515625,3715.73681640625,8147.42431640625
2022-10-06,7726.7880859375,6164.615234375,2441.083984375,3684.733642578125,3834.4755859375,3800.0,3713.79638671875,4944.3623046875,3736.729736328125,8312.2568359375
2022-10-07,7520.43359375,6201.2548828125,2470.974853515625,3627.54248046875,3875.595947265625,3885.0,3646.729736328125,4850.71923828125,3684.24755859375,8382.8984375
2022-10-08,7520.43359375,6201.2548828125,2470.974853515625,3627.54248046875,3875.595947265625,3885.0,3646.729736328125,4850.71923828125,3684.24755859375,8382.8984375
2022-10-09,7520.43359375,6201.2548828125,2470.974853515625,3627.54248046875,3875.595947265625,3885.0,3646.729736328125,4850.71923828125,3684.24755859375,8382.8984375
2022-10-10,7612.14697265625,6253.923828125,2451.047607421875,3570.3515625,3824.195556640625,3885.0,3705.4130859375,4869.44775390625,3673.7509765625,8429.994140625
2022-10-11,7566.291015625,6299.72314453125,2451.047607421875,3619.372314453125,3824.195556640625,3885.0,3613.19677734375,4888.17578125,3652.75830078125,8477.0888671875
2022-10-12,7635.07568359375,6498.95068359375,2441.083984375,3594.86181640625,3875.595947265625,3885.0,3638.3466796875,4822.109375,3631.765625,8429.994140625
2022-10-13,7589.21875,6679.85986328125,2441.083984375,3554.01123046875,3896.155517578125,3885.0,3604.8134765625,4822.109375,3673.7509765625,8335.8037109375
2022-10-14,7566.291015625,6624.900390625,2421.156982421875,3488.650390625,3865.31591796875,3885.0,3596.43017578125,4822.109375,3537.29736328125,8194.51953125
2022-10-15,7566.291015625,6624.900390625,2421.156982421875,3488.650390625,3865.31591796875,3885.0,3596.43017578125,4822.109375,3537.29736328125,8194.51953125
2022-10-16,7566.291015625,6624.900390625,2421.156982421875,3488.650390625,3865.31591796875,3885.0,3596.43017578125,4822.109375,3537.29736328125,8194.51953125
2022-10-17,7566.291015625,6650.08935546875,2451.047607421875,3513.160400390625,3885.876220703125,3885.0,3629.96337890625,4879.0634765625,3600.27587890625,8312.2568359375
2022-10-18,7612.14697265625,6647.80029296875,2431.12060546875,3504.990478515625,3906.435791015625,3885.0,3562.89697265625,4822.109375,3642.26171875,8429.994140625
2022-10-19,7589.21875,6583.68115234375,2451.047607421875,3513.160400390625,3896.155517578125,3885.0,3520.980712890625,4955.001953125,3684.24755859375,8594.826171875
2022-10-20,7795.57177734375,6521.85107421875,2411.193359375,3586.691650390625,4070.91796875,3885.0,3646.729736328125,4879.0634765625,3778.715087890625,8948.0380859375
2022-10-21,7933.1416015625,6503.53173828125,2461.010986328125,3619.372314453125,4255.95947265625,3885.0,3655.113037109375,4992.9716796875,3778.715087890625,8877.396484375
2022-10-22,7933.1416015625,6503.53173828125,2461.010986328125,3619.372314453125,4255.95947265625,3885.0,3655.113037109375,4992.9716796875,3778.715087890625,8877.396484375
2022-10-23,7933.1416015625,6503.53173828125,2461.010986328125,3619.372314453125,4255.95947265625,3885.0,3655.113037109375,4992.9716796875,3778.715087890625,8877.396484375
2022-10-24,8162.42333984375,6427.96240234375,2451.047607421875,3676.5634765625,4214.83935546875,3850.0,3697.029541015625,5049.92529296875,3925.665283203125,8877.396484375
2022-10-25,7978.99755859375,6457.7314453125,2391.26611328125,3750.0947265625,4204.55908203125,4000.0,3680.26318359375,5087.89501953125,3957.154296875,8971.5859375
2022-10-26,7841.4287109375,6498.95068359375,2381.302490234375,3701.07373046875,4194.27880859375,3900.0,3663.49658203125,4992.9716796875,3873.18310546875,9230.6083984375
2022-10-27,7978.99755859375,6482.92138671875,2411.193359375,3758.2646484375,4194.27880859375,3900.0,3663.49658203125,5049.92529296875,3925.665283203125,9254.1552734375
2022-10-28,8024.85302734375,6604.29052734375,2401.2294921875,3782.775390625,4194.27880859375,3900.0,3730.562744140625,4973.98681640625,3915.1689453125,9230.6083984375
2022-10-29,8024.85302734375,6604.29052734375,2401.2294921875,3782.775390625,4194.27880859375,3900.0,3730.562744140625,4973.98681640625,3915.1689453125,9230.6083984375
2022-10-30,8024.85302734375,6604.29052734375,2401.2294921875,3782.775390625,4194.27880859375,3900.0,3730.562744140625,4973.98681640625,3915.1689453125,9230.6083984375
2022-10-31,8070.70947265625,6732.52978515625,2431.12060546875,3799.115478515625,4338.19970703125,3900.0,3680.26318359375,5049.92529296875,3946.658203125,9159.9658203125
2022-11-01,8070.70947265625,6686.7294921875,2401.2294921875,3807.28564453125,4276.51904296875,3900.0,3705.4130859375,4992.9716796875,3946.658203125,8948.0380859375
2022-11-02,8024.85302734375,6652.38037109375,2301.593505859375,3766.434814453125,4142.8779296875,3900.0,3537.747314453125,4879.0634765625,3883.679931640625,9042.2275390625
2022-11-03,8070.70947265625,6677.56982421875,2291.6298828125,3799.115478515625,4183.99853515625,3900.0,3462.297607421875,4841.0947265625,3904.67236328125,8995.1337890625
2022-11-04,8047.7822265625,6677.56982421875,2351.41162109375,3799.115478515625,4173.71875,3900.0,3529.36376953125,4879.0634765625,3894.17626953125,9089.32421875
2022-11-05,8047.7822265625,6677.56982421875,2351.41162109375,3799.115478515625,4173.71875,3900.0,3529.36376953125,4879.0634765625,3894.17626953125,9089.32421875
2022-11-06,8047.7822265625,6677.56982421875,2351.41162109375,3799.115478515625,4173.71875,3900.0,3529.36376953125,4879.0634765625,3894.17626953125,9089.32421875
2022-11-07,8116.56591796875,6714.208984375,2321.520751953125,3831.79638671875,4214.83935546875,3920.0,3588.046875,4936.017578125,3894.17626953125,9183.5126953125
2022-11-08,8024.85302734375,6647.80029296875,2311.55712890625,3774.60498046875,4173.71875,3990.0,3537.747314453125,4955.001953125,3883.679931640625,9183.5126953125
2022-11-09,8139.4951171875,6624.900390625,2291.6298828125,3799.115478515625,4173.71875,3990.0,3512.59716796875,4973.98681640625,3904.67236328125,9183.5126953125
2022-11-10,8070.70947265625,6622.6103515625,2301.593505859375,3701.07373046875,4153.158203125,3990.0,3495.830810546875,4955.001953125,3894.17626953125,9159.9658203125
2022-11-11,8116.56591796875,6695.88916015625,2351.41162109375,3799.115478515625,4286.79931640625,3990.0,3479.064208984375,4898.0478515625,3904.67236328125,9277.703125
2022-11-12,8116.56591796875,6695.88916015625,2351.41162109375,3799.115478515625,4286.79931640625,3990.0,3479.064208984375,4898.0478515625,3904.67236328125,9277.703125
2022-11-13,8116.56591796875,6695.88916015625,2351.41162109375,3799.115478515625,4286.79931640625,3990.0,3479.064208984375,4898.0478515625,3904.67236328125,9277.703125
2022-11-14,8024.85302734375,6691.31005859375,2361.375244140625,3741.924560546875,4214.83935546875,3990.0,3395.2314453125,4784.14013671875,3820.700927734375,9183.5126953125
2022-11-15,8070.70947265625,6732.52978515625,2371.3388671875,3741.924560546875,4214.83935546875,3990.0,3395.2314453125,4727.18603515625,3831.19775390625,9230.6083984375
2022-11-16,7887.28564453125,6959.23681640625,2361.375244140625,3692.90380859375,4112.0380859375,4000.0,3395.2314453125,4689.21630859375,3820.700927734375,9207.060546875
2022-11-17,8001.92529296875,7692.0283203125,2331.484375,3815.455810546875,4070.91796875,4000.0,3386.84814453125,4784.14013671875,3894.17626953125,9112.8701171875
2022-11-18,8093.638671875,7904.99658203125,2371.3388671875,3766.434814453125,4183.99853515625,4000.0,3361.6982421875,4727.18603515625,3862.686767578125,9089.32421875
2022-11-19,8093.638671875,7904.99658203125,2371.3388671875,3766.434814453125,4183.99853515625,4000.0,3361.6982421875,4727.18603515625,3862.686767578125,9089.32421875
2022-11-20,8093.638671875,7904.99658203125,2371.3388671875,3766.434814453125,4183.99853515625,4000.0,3361.6982421875,4727.18603515625,3862.686767578125,9089.32421875
2022-11-21,8001.92529296875,8427.111328125,2341.447998046875,3750.0947265625,4153.158203125,4050.0,3378.46484375,4803.12451171875,3852.1904296875,9230.6083984375
2022-11-22,8162.42333984375,8477.490234375,2331.484375,3750.0947265625,4163.4384765625,4050.0,3353.31494140625,4727.18603515625,3883.679931640625,9089.32421875
2022-11-23,8139.4951171875,8656.1083984375,2311.55712890625,3815.455810546875,4194.27880859375,3960.0,3328.164794921875,4708.20166015625,3883.679931640625,9324.7978515625
2022-11-24,8254.134765625,8518.7099609375,2331.484375,3856.306396484375,4204.55908203125,3980.0,3378.46484375,4708.20166015625,3894.17626953125,9230.6083984375
2022-11-25,8231.20703125,8376.732421875,2341.447998046875,3880.81689453125,4183.99853515625,3980.0,3378.46484375,4689.21630859375,3904.67236328125,9324.7978515625
2022-11-26,8231.20703125,8376.732421875,2341.447998046875,3880.81689453125,4183.99853515625,3980.0,3378.46484375,4689.21630859375,3904.67236328125,9324.7978515625
2022-11-27,8231.20703125,8376.732421875,2341.447998046875,3880.81689453125,4183.99853515625,3980.0,3378.46484375,4689.21630859375,3904.67236328125,9324.7978515625
2022-11-28,8277.0634765625,8532.44921875,2341.447998046875,3938.008056640625,4163.4384765625,3980.0,3336.54833984375,4727.18603515625,3894.17626953125,9395.439453125
2022-11-29,8231.20703125,8459.1708984375,2341.447998046875,3962.518310546875,4245.67919921875,3980.0,3336.54833984375,4594.29296875,3936.161865234375,9395.439453125
2022-11-30,8529.2734375,8527.87109375,2381.302490234375,4068.73046875,4327.919921875,3980.0,3386.84814453125,4594.29296875,4156.5869140625,9513.1767578125
2022-12-01,8254.134765625,8656.1083984375,2371.3388671875,4036.0498046875,4276.51904296875,3980.0,3319.78173828125,4689.21630859375,4072.61572265625,9560.2734375
2022-12-02,8194.2890625,10373.58984375,2371.3388671875,3995.198486328125,4327.919921875,3980.0,3353.31494140625,4651.2470703125,4093.608154296875,9607.3671875
2022-12-03,8194.2890625,10373.58984375,2371.3388671875,3995.198486328125,4327.919921875,3980.0,3353.31494140625,4651.2470703125,4093.608154296875,9607.3671875
2022-12-04,8194.2890625,10373.58984375,2371.3388671875,3995.198486328125,4327.919921875,3980.0,3353.31494140625,4651.2470703125,4093.608154296875,9607.3671875
2022-12-05,8079.2001953125,12434.568359375,2321.520751953125,3995.198486328125,4471.8408203125,3980.0,3219.182373046875,4575.30859375,4093.608154296875,9748.65234375
2022-12-06,7987.1298828125,13396.359375,2331.484375,3970.6884765625,4482.12109375,3980.0,3017.983154296875,4461.400390625,4009.636474609375,9748.65234375
2022-12-07,7779.970703125,13945.9521484375,2351.41162109375,3888.987060546875,4266.23974609375,3980.0,3085.049560546875,4347.4921875,3988.643798828125,9725.1044921875
2022-12-08,7826.005859375,13327.66015625,2331.484375,3954.348388671875,4132.59765625,3980.0,3135.349365234375,4309.52294921875,3988.643798828125,9607.3671875
2022-12-09,7895.060546875,12411.669921875,2341.447998046875,3921.667724609375,4081.19775390625,3980.0,3059.899658203125,4309.52294921875,4009.636474609375,9560.2734375
2022-12-10,7895.060546875,12411.669921875,2341.447998046875,3921.667724609375,4081.19775390625,3980.0,3059.899658203125,4309.52294921875,4009.636474609375,9560.2734375
2022-12-11,7895.060546875,12411.669921875,2341.447998046875,3921.667724609375,4081.19775390625,3980.0,3059.899658203125,4309.52294921875,4009.636474609375,9560.2734375
2022-12-12,8010.1474609375,11907.8740234375,2411.193359375,3962.518310546875,4091.4775390625,3980.0,3101.816162109375,4309.52294921875,3999.140380859375,9795.7470703125
2022-12-13,8010.1474609375,12068.1728515625,2451.047607421875,4060.560302734375,4070.91796875,3980.0,3143.73291015625,4423.43115234375,4051.62255859375,9701.5576171875
2022-12-14,7941.095703125,12182.671875,2461.010986328125,4068.73046875,4091.4775390625,3980.0,3143.73291015625,4423.43115234375,3999.140380859375,9725.1044921875
2022-12-15,7826.005859375,12068.1728515625,2441.083984375,4011.5390625,4070.91796875,3980.0,3076.66650390625,4404.4462890625,3978.1474609375,9701.5576171875
2022-12-16,7918.07763671875,12778.0654296875,2490.902099609375,4068.73046875,4153.158203125,3980.0,3085.049560546875,4385.46142578125,4114.60107421875,9819.294921875
2022-12-17,7918.07763671875,12778.0654296875,2490.902099609375,4068.73046875,4153.158203125,3980.0,3085.049560546875,4385.46142578125,4114.60107421875,9819.294921875
2022-12-18,7918.07763671875,12778.0654296875,2490.902099609375,4068.73046875,4153.158203125,3980.0,3085.049560546875,4385.46142578125,4114.60107421875,9819.294921875
2022-12-19,7964.1123046875,12961.2626953125,2421.156982421875,4060.560302734375,4112.0380859375,3980.0,3118.582763671875,4328.50732421875,3957.154296875,9560.2734375
2022-12-20,7895.060546875,15441.625,2421.156982421875,4011.5390625,4132.59765625,3980.0,3118.582763671875,4328.50732421875,3967.6513671875,9701.5576171875
2022-12-21,7987.1298828125,17478.40625,2451.047607421875,3995.198486328125,4112.0380859375,3980.0,3177.265625,4328.50732421875,3925.665283203125,9630.9150390625
2022-12-22,7895.060546875,17099.46875,2461.010986328125,4052.389404296875,4091.4775390625,3980.0,3143.73291015625,4385.46142578125,3957.154296875,9536.724609375
2022-12-23,7826.005859375,17596.8203125,2480.9384765625,3987.028564453125,4081.19775390625,3980.0,3168.882568359375,4309.52294921875,3915.1689453125,9442.53515625
2022-12-24,7826.005859375,17596.8203125,2480.9384765625,3987.028564453125,4081.19775390625,3980.0,3168.882568359375,4309.52294921875,3915.1689453125,9442.53515625
2022-12-25,7826.005859375,17596.8203125,2480.9384765625,3987.028564453125,4081.19775390625,3980.0,3168.882568359375,4309.52294921875,3915.1689453125,9442.53515625
2022-12-26,7895.060546875,19491.498046875,2480.9384765625,4027.8798828125,4132.59765625,3980.0,3143.73291015625,4290.5380859375,3915.1689453125,9560.2734375
2022-12-27,7918.07763671875,22167.73046875,2480.9384765625,3978.85888671875,4091.4775390625,3980.0,3194.032470703125,4309.52294921875,3904.67236328125,9489.6298828125
2022-12-28,7964.1123046875,20628.3046875,2480.9384765625,3938.008056640625,4101.7578125,3980.0,3126.96630859375,4271.5537109375,3873.18310546875,9583.8193359375
2022-12-29,7895.060546875,19633.599609375,2570.611083984375,3978.85888671875,4101.7578125,3980.0,3168.882568359375,4290.5380859375,3873.18310546875,9583.8193359375
2022-12-30,7872.04248046875,19894.1171875,2560.6474609375,4036.0498046875,4081.19775390625,3980.0,3143.73291015625,4328.50732421875,3873.18310546875,9418.9873046875
2022-12-31,7872.04248046875,19894.1171875,2560.6474609375,4036.0498046875,4081.19775390625,3980.0,3143.73291015625,4328.50732421875,3873.18310546875,9418.9873046875
2023-01-01,7872.04248046875,19894.1171875,2560.6474609375,4036.0498046875,4081.19775390625,3980.0,3143.73291015625,4328.50732421875,3873.18310546875,9418.9873046875
2023-01-02,7872.04248046875,20130.94921875,2500.86572265625,3978.85888671875,4060.6376953125,3980.0,3185.649169921875,4328.50732421875,3873.18310546875,9560.2734375
2023-01-03,7872.04248046875,20178.3203125,2461.010986328125,3962.518310546875,4091.4775390625,3980.0,3235.948974609375,4290.5380859375,3894.17626953125,9583.8193359375
2023-01-04,7687.900390625,20012.53515625,2391.26611328125,3897.157470703125,4122.31787109375,3800.0,3202.41552734375,4309.52294921875,3852.1904296875,9513.1767578125
2023-01-05,7595.830078125,18923.095703125,2341.447998046875,3790.945068359375,4040.0771484375,3800.0,3160.499267578125,4081.70654296875,3778.715087890625,9630.9150390625
2023-01-06,7641.865234375,19491.498046875,2331.484375,3774.60498046875,4029.797607421875,3800.0,3110.199462890625,4138.6611328125,3736.729736328125,9583.8193359375
2023-01-07,7641.865234375,19491.498046875,2331.484375,3774.60498046875,4029.797607421875,3800.0,3110.199462890625,4138.6611328125,3736.729736328125,9583.8193359375
2023-01-08,7641.865234375,19491.498046875,2331.484375,3774.60498046875,4029.797607421875,3800.0,3110.199462890625,4138.6611328125,3736.729736328125,9583.8193359375
2023-01-09,7779.970703125,19254.6640625,2341.447998046875,3750.0947265625,3998.956787109375,3800.0,3177.265625,4062.72216796875,3778.715087890625,9607.3671875
2023-01-10,7526.77685546875,19562.548828125,2311.55712890625,3664.884033203125,3813.915283203125,3800.0,3210.799072265625,4043.737548828125,3663.254638671875,9607.3671875
2023-01-11,7480.7421875,19562.548828125,2351.41162109375,3623.52001953125,3680.27392578125,3800.0,3244.33203125,3967.798828125,3568.786865234375,9913.484375
2023-01-12,7526.77685546875,18875.724609375,2351.41162109375,3722.79443359375,3783.074951171875,3800.0,3235.948974609375,4062.72216796875,3610.7724609375,9842.841796875
2023-01-13,7411.6884765625,19088.87890625,2341.447998046875,3706.248779296875,3772.794921875,3800.0,3168.882568359375,4138.6611328125,3642.26171875,9842.841796875
2023-01-14,7411.6884765625,19088.87890625,2341.447998046875,3706.248779296875,3772.794921875,3800.0,3168.882568359375,4138.6611328125,3642.26171875,9842.841796875
2023-01-15,7411.6884765625,19088.87890625,2341.447998046875,3706.248779296875,3772.794921875,3800.0,3168.882568359375,4138.6611328125,3642.26171875,9842.841796875
2023-01-16,7503.75927734375,19041.51171875,2331.484375,3739.340087890625,3824.195556640625,3800.0,3227.565673828125,4252.56884765625,3684.24755859375,9795.7470703125
2023-01-17,7664.88232421875,18852.044921875,2371.3388671875,3772.431640625,4009.237060546875,3800.0,3311.398681640625,4214.599609375,3747.22607421875,9748.65234375
2023-01-18,7641.865234375,19017.828125,2331.484375,3805.52294921875,3926.996337890625,3800.0,3294.6318359375,4290.5380859375,3726.23291015625,9866.3896484375
2023-01-19,7664.88232421875,19017.828125,2351.41162109375,3813.7958984375,4009.237060546875,3800.0,3261.0986328125,4442.416015625,3757.72265625,9889.9365234375
2023-01-20,7641.865234375,20533.5703125,2341.447998046875,3846.887451171875,4101.7578125,3800.0,3244.33203125,4480.38525390625,3789.2119140625,9889.9365234375
2023-01-21,7641.865234375,20533.5703125,2341.447998046875,3846.887451171875,4101.7578125,3800.0,3244.33203125,4480.38525390625,3789.2119140625,9889.9365234375
2023-01-22,7641.865234375,20533.5703125,2341.447998046875,3846.887451171875,4101.7578125,3800.0,3244.33203125,4480.38525390625,3789.2119140625,9889.9365234375
2023-01-23,7641.865234375,20533.5703125,2341.447998046875,3846.887451171875,4101.7578125,3800.0,3244.33203125,4480.38525390625,3789.2119140625,9889.9365234375
2023-01-24,7572.81201171875,19870.435546875,2341.447998046875,3822.068603515625,4070.91796875,3800.0,3227.565673828125,4499.36962890625,3799.708251953125,9795.7470703125
2023-01-25,7549.79443359375,19799.380859375,2351.41162109375,3772.431640625,3988.6767578125,3800.0,3219.182373046875,4518.3544921875,3810.20458984375,9819.294921875
2023-01-26,7802.98876953125,18923.095703125,2321.520751953125,3797.250244140625,4040.0771484375,3800.0,3328.164794921875,4480.38525390625,3978.1474609375,9489.6298828125
2023-01-27,8010.1474609375,18946.77734375,2341.447998046875,3838.6142578125,4122.31787109375,3800.0,3319.78173828125,4461.400390625,4009.636474609375,9418.9873046875
2023-01-28,8010.1474609375,18946.77734375,2341.447998046875,3838.6142578125,4122.31787109375,3800.0,3319.78173828125,4461.400390625,4009.636474609375,9418.9873046875
2023-01-29,8010.1474609375,18946.77734375,2341.447998046875,3838.6142578125,4122.31787109375,3800.0,3319.78173828125,4461.400390625,4009.636474609375,9418.9873046875
2023-01-30,8010.1474609375,18970.462890625,2331.484375,3813.7958984375,4091.4775390625,3800.0,3319.78173828125,4461.400390625,3904.67236328125,9513.1767578125
2023-01-31,7802.98876953125,19041.51171875,2301.593505859375,3788.977294921875,4091.4775390625,3800.0,3227.565673828125,4556.32373046875,3841.694091796875,9513.1767578125
2023-02-01,7826.005859375,18828.359375,2271.70263671875,3871.706298828125,3988.6767578125,3800.0,3244.33203125,4556.32373046875,3831.19775390625,9772.2001953125
2023-02-02,7779.970703125,18852.044921875,2321.520751953125,3805.52294921875,3998.956787109375,3800.0,3261.0986328125,4499.36962890625,3820.700927734375,9654.4619140625
2023-02-03,8010.1474609375,17999.439453125,2311.55712890625,3929.6162109375,4081.19775390625,3800.0,3252.71533203125,4461.400390625,3904.67236328125,9866.3896484375
2023-02-04,8010.1474609375,17999.439453125,2311.55712890625,3929.6162109375,4081.19775390625,3800.0,3252.71533203125,4461.400390625,3904.67236328125,9866.3896484375
2023-02-05,8010.1474609375,17999.439453125,2311.55712890625,3929.6162109375,4081.19775390625,3800.0,3252.71533203125,4461.400390625,3904.67236328125,9866.3896484375
2023-02-06,8033.1650390625,17762.603515625,2331.484375,3921.343017578125,4060.6376953125,3800.0,3252.71533203125,4442.416015625,3925.665283203125,9678.0107421875
2023-02-07,8148.25439453125,18378.375,2331.484375,3929.6162109375,4183.99853515625,3800.0,3185.649169921875,4461.400390625,3936.161865234375,9678.0107421875
2023-02-08,8125.236328125,18165.224609375,2331.484375,3962.70751953125,4194.27880859375,3800.0,3219.182373046875,4404.4462890625,3978.1474609375,9725.1044921875
2023-02-09,8194.2890625,18212.58984375,2321.520751953125,3979.253173828125,4214.83935546875,3800.0,3160.499267578125,4309.52294921875,4009.636474609375,9701.5576171875
2023-02-10,8125.236328125,17857.3359375,2341.447998046875,4020.617919921875,4235.39892578125,3800.0,3185.649169921875,4328.50732421875,3999.140380859375,9701.5576171875
2023-02-11,8125.236328125,17857.3359375,2341.447998046875,4020.617919921875,4235.39892578125,3800.0,3185.649169921875,4328.50732421875,3999.140380859375,9701.5576171875
2023-02-12,8125.236328125,17857.3359375,2341.447998046875,4020.617919921875,4235.39892578125,3800.0,3185.649169921875,4328.50732421875,3999.140380859375,9701.5576171875
2023-02-13,8171.271484375,17904.703125,2311.55712890625,3970.980712890625,4255.95947265625,3800.0,3177.265625,4347.4921875,3988.643798828125,9678.0107421875
2023-02-14,8240.32421875,17904.703125,2321.520751953125,4028.890869140625,4266.23974609375,3800.0,3185.649169921875,4347.4921875,3967.6513671875,9701.5576171875
2023-02-15,8171.271484375,17762.603515625,2301.593505859375,4028.890869140625,4204.55908203125,3800.0,3177.265625,4309.52294921875,3957.154296875,9701.5576171875
2023-02-16,8010.1474609375,17786.2890625,2301.593505859375,4028.890869140625,4183.99853515625,3805.0,3160.499267578125,4328.50732421875,3925.665283203125,9607.3671875
2023-02-17,8033.1650390625,17596.8203125,2301.593505859375,4037.163330078125,4235.39892578125,3805.0,3152.115966796875,4309.52294921875,3894.17626953125,9748.65234375
2023-02-18,8033.1650390625,17596.8203125,2301.593505859375,4037.163330078125,4235.39892578125,3805.0,3152.115966796875,4309.52294921875,3894.17626953125,9748.65234375
2023-02-19,8033.1650390625,17596.8203125,2301.593505859375,4037.163330078125,4235.39892578125,3805.0,3152.115966796875,4309.52294921875,3894.17626953125,9748.65234375
2023-02-20,8056.18359375,17336.302734375,2291.6298828125,4037.163330078125,4225.119140625,3805.0,3202.41552734375,4252.56884765625,3841.694091796875,9748.65234375
2023-02-21,8010.1474609375,17502.0859375,2321.520751953125,3987.5263671875,4194.27880859375,3805.0,3219.182373046875,4233.583984375,3799.708251953125,9701.5576171875
2023-02-22,7987.1298828125,17596.8203125,2301.593505859375,3937.88916015625,4112.0380859375,3805.0,3235.948974609375,4271.5537109375,3715.73681640625,9630.9150390625
2023-02-23,8033.1650390625,17715.23828125,2311.55712890625,3970.980712890625,4142.8779296875,3775.0,3328.164794921875,4290.5380859375,3757.72265625,9630.9150390625
2023-02-24,7987.1298828125,17809.970703125,2301.593505859375,3937.88916015625,4163.4384765625,3775.0,3386.84814453125,4366.47705078125,3736.729736328125,9583.8193359375
2023-02-25,7987.1298828125,17809.970703125,2301.593505859375,3937.88916015625,4163.4384765625,3775.0,3386.84814453125,4366.47705078125,3736.729736328125,9583.8193359375
2023-02-26,7987.1298828125,17809.970703125,2301.593505859375,3937.88916015625,4163.4384765625,3775.0,3386.84814453125,4366.47705078125,3736.729736328125,9583.8193359375
2023-02-27,8079.2001953125,17975.755859375,2301.593505859375,3979.253173828125,4173.71875,3750.0,3319.78173828125,4404.4462890625,3757.72265625,9466.0830078125
2023-02-28,8056.18359375,18188.90625,2301.593505859375,3863.43310546875,4112.0380859375,3750.0,3252.71533203125,4632.26220703125,3684.24755859375,9536.724609375
2023-03-01,7918.07763671875,17762.603515625,2281.666259765625,3904.79736328125,4153.158203125,3750.0,3294.6318359375,4670.23193359375,3757.72265625,9324.7978515625
2023-03-02,7941.095703125,17928.38671875,2241.81201171875,3954.4345703125,4204.55908203125,3750.0,3252.71533203125,4670.23193359375,3726.23291015625,9277.703125
2023-03-03,7802.98876953125,17952.072265625,2231.848388671875,3937.88916015625,4132.59765625,3750.0,3269.48193359375,4594.29296875,3673.7509765625,9159.9658203125
2023-03-04,7802.98876953125,17952.072265625,2231.848388671875,3937.88916015625,4132.59765625,3750.0,3269.48193359375,4594.29296875,3673.7509765625,9159.9658203125
2023-03-05,7802.98876953125,17952.072265625,2231.848388671875,3937.88916015625,4132.59765625,3750.0,3269.48193359375,4594.29296875,3673.7509765625,9159.9658203125
2023-03-06,7733.93701171875,17809.970703125,2231.848388671875,3962.70751953125,4163.4384765625,3750.0,3252.71533203125,4613.27783203125,3694.743896484375,9183.5126953125
2023-03-07,7756.9541015625,17620.501953125,2211.921142578125,4004.072265625,4183.99853515625,3750.0,3252.71533203125,4518.3544921875,3736.729736328125,9395.439453125
2023-03-08,7895.060546875,17596.8203125,2162.10302734375,4004.072265625,4225.119140625,3750.0,3303.01513671875,4499.36962890625,3726.23291015625,9230.6083984375
2023-03-09,7895.060546875,17691.552734375,2191.993896484375,3979.253173828125,4297.07958984375,3750.0,3328.164794921875,4575.30859375,3841.694091796875,9230.6083984375
2023-03-10,7779.970703125,17667.87109375,2351.41162109375,3987.5263671875,4266.23974609375,3750.0,3361.6982421875,4537.33935546875,3789.2119140625,9183.5126953125
2023-03-11,7779.970703125,17667.87109375,2351.41162109375,3987.5263671875,4266.23974609375,3750.0,3361.6982421875,4537.33935546875,3789.2119140625,9183.5126953125
2023-03-12,7779.970703125,17667.87109375,2351.41162109375,3987.5263671875,4266.23974609375,3750.0,3361.6982421875,4537.33935546875,3789.2119140625,9183.5126953125
2023-03-13,7872.04248046875,18520.4765625,2231.848388671875,3995.79931640625,4255.95947265625,3597.5,3411.997802734375,4499.36962890625,3778.715087890625,9089.32421875
2023-03-14,7664.88232421875,18188.90625,2221.884765625,3896.52490234375,4081.19775390625,3597.5,3370.08154296875,4385.46142578125,3684.24755859375,9089.32421875
2023-03-15,7664.88232421875,18188.90625,2211.921142578125,3888.25244140625,4132.59765625,3480.0,3361.6982421875,4385.46142578125,3694.743896484375,8783.2060546875
2023-03-16,7641.865234375,18094.171875,2211.921142578125,3913.070556640625,4050.357421875,3480.0,3395.2314453125,4442.416015625,3757.72265625,8853.84765625
2023-03-17,7710.9189453125,18686.259765625,2261.739013671875,4053.70947265625,4153.158203125,3480.0,3395.2314453125,4442.416015625,3789.2119140625,8995.1337890625
2023-03-18,7710.9189453125,18686.259765625,2261.739013671875,4053.70947265625,4153.158203125,3480.0,3395.2314453125,4442.416015625,3789.2119140625,8995.1337890625
2023-03-19,7710.9189453125,18686.259765625,2261.739013671875,4053.70947265625,4153.158203125,3480.0,3395.2314453125,4442.416015625,3789.2119140625,8995.1337890625
2023-03-20,7733.93701171875,18331.0078125,2221.884765625,4037.163330078125,4112.0380859375,3480.0,3344.931396484375,4461.400390625,3778.715087890625,9065.775390625
2023-03-21,7826.005859375,18378.375,2241.81201171875,4053.70947265625,4317.64013671875,3480.0,3453.91455078125,4461.400390625,3873.18310546875,9136.41796875
2023-03-22,7826.005859375,18378.375,2241.81201171875,4053.70947265625,4317.64013671875,3480.0,3453.91455078125,4461.400390625,3873.18310546875,9136.41796875
2023-03-23,7826.005859375,18378.375,2241.81201171875,4053.70947265625,4317.64013671875,3480.0,3453.91455078125,4461.400390625,3873.18310546875,9136.41796875
2023-03-24,8125.236328125,18425.7421875,2261.739013671875,4141.59619140625,4482.12109375,3480.0,3411.997802734375,4518.3544921875,4041.1259765625,9395.439453125
2023-03-25,8125.236328125,18425.7421875,2261.739013671875,4141.59619140625,4482.12109375,3480.0,3411.997802734375,4518.3544921875,4041.1259765625,9395.439453125
2023-03-26,8125.236328125,18425.7421875,2261.739013671875,4141.59619140625,4482.12109375,3480.0,3411.997802734375,4518.3544921875,4041.1259765625,9395.439453125
2023-03-27,8010.1474609375,18259.95703125,2251.775390625,4115.5478515625,4408.36181640625,3480.0,3395.2314453125,4461.400390625,3988.643798828125,9395.439453125
2023-03-28,7987.1298828125,18378.375,2291.6298828125,4141.59619140625,4375.94775390625,3480.0,3395.2314453125,4442.416015625,3952.634765625,9513.1767578125
2023-03-29,8264.1689453125,18852.044921875,2311.55712890625,4176.326171875,4473.19091796875,3472.5,3437.147705078125,4518.3544921875,4029.278564453125,9395.439453125
2023-03-30,8287.6455078125,19657.28125,2271.70263671875,4124.23046875,4419.1669921875,3475.0,3428.764404296875,4480.38525390625,4094.97314453125,9301.25
2023-03-31,8217.212890625,19680.966796875,2331.484375,4106.865234375,4462.3857421875,3475.0,3403.614501953125,4556.32373046875,4094.97314453125,9395.439453125
2023-04-01,8217.212890625,19680.966796875,2331.484375,4106.865234375,4462.3857421875,3475.0,3403.614501953125,4556.32373046875,4094.97314453125,9395.439453125
2023-04-02,8217.212890625,19680.966796875,2331.484375,4106.865234375,4462.3857421875,3475.0,3403.614501953125,4556.32373046875,4094.97314453125,9395.439453125
2023-04-03,8264.1689453125,19799.380859375,2311.55712890625,4167.6435546875,4548.82470703125,3475.0,3420.381103515625,4556.32373046875,4094.97314453125,9395.439453125
2023-04-04,8240.689453125,20367.78515625,2271.70263671875,4185.0087890625,4494.80078125,3475.0,3403.614501953125,4575.30859375,4094.97314453125,9607.3671875
2023-04-05,8193.734375,20509.888671875,2281.666259765625,4193.69140625,4516.41015625,3475.0,3479.064208984375,4556.32373046875,4084.024169921875,9536.724609375
2023-04-06,8217.212890625,20367.78515625,2281.666259765625,4202.3740234375,4473.19091796875,3475.0,3562.89697265625,4499.36962890625,4105.92236328125,9489.6298828125
2023-04-07,8217.212890625,20367.78515625,2281.666259765625,4202.3740234375,4473.19091796875,3475.0,3562.89697265625,4499.36962890625,4105.92236328125,9489.6298828125
2023-04-08,8217.212890625,20367.78515625,2281.666259765625,4202.3740234375,4473.19091796875,3475.0,3562.89697265625,4499.36962890625,4105.92236328125,9489.6298828125
2023-04-09,8217.212890625,20367.78515625,2281.666259765625,4202.3740234375,4473.19091796875,3475.0,3562.89697265625,4499.36962890625,4105.92236328125,9489.6298828125
2023-04-10,8264.1689453125,20367.78515625,2241.81201171875,4219.73974609375,4408.36181640625,3475.0,3604.8134765625,4537.33935546875,4084.024169921875,9489.6298828125
2023-04-11,8287.6455078125,20367.78515625,2221.884765625,4237.10400390625,4408.36181640625,3450.0,3604.8134765625,4613.27783203125,4105.92236328125,9607.3671875
2023-04-12,8358.078125,19704.650390625,2221.884765625,4280.51708984375,4451.5810546875,3450.0,3613.19677734375,4746.17041015625,4094.97314453125,9466.0830078125
2023-04-13,8381.556640625,19041.51171875,2221.884765625,4323.9306640625,4429.9716796875,3450.0,3638.3466796875,4746.17041015625,4105.92236328125,9654.4619140625
2023-04-14,8451.9892578125,19088.87890625,2221.884765625,4406.4150390625,4516.41015625,3425.0,3638.3466796875,4708.20166015625,4116.87158203125,9654.4619140625
2023-04-15,8451.9892578125,19088.87890625,2221.884765625,4406.4150390625,4516.41015625,3425.0,3638.3466796875,4708.20166015625,4116.87158203125,9654.4619140625
2023-04-16,8451.9892578125,19088.87890625,2221.884765625,4406.4150390625,4516.41015625,3425.0,3638.3466796875,4708.20166015625,4116.87158203125,9654.4619140625
2023-04-17,8475.4677734375,19420.447265625,2281.666259765625,4332.61279296875,4429.9716796875,3400.0,3579.66357421875,4727.18603515625,4138.77001953125,9630.9150390625
2023-04-18,8569.3779296875,19704.650390625,2271.70263671875,4297.8818359375,4473.19091796875,3400.0,3579.66357421875,4879.0634765625,4149.71875,9607.3671875
2023-04-19,8569.3779296875,19704.650390625,2271.70263671875,4297.8818359375,4473.19091796875,3400.0,3579.66357421875,4879.0634765625,4149.71875,9607.3671875
2023-04-20,8569.3779296875,19704.650390625,2271.70263671875,4297.8818359375,4473.19091796875,3400.0,3579.66357421875,4879.0634765625,4149.71875,9607.3671875
2023-04-21,8569.3779296875,19704.650390625,2271.70263671875,4297.8818359375,4473.19091796875,3400.0,3579.66357421875,4879.0634765625,4149.71875,9607.3671875
2023-04-22,8569.3779296875,19704.650390625,2271.70263671875,4297.8818359375,4473.19091796875,3400.0,3579.66357421875,4879.0634765625,4149.71875,9607.3671875
2023-04-23,8569.3779296875,19704.650390625,2271.70263671875,4297.8818359375,4473.19091796875,3400.0,3579.66357421875,4879.0634765625,4149.71875,9607.3671875
2023-04-24,8569.3779296875,19704.650390625,2271.70263671875,4297.8818359375,4473.19091796875,3400.0,3579.66357421875,4879.0634765625,4149.71875,9607.3671875
2023-04-25,8569.3779296875,19704.650390625,2271.70263671875,4297.8818359375,4473.19091796875,3400.0,3579.66357421875,4879.0634765625,4149.71875,9607.3671875
2023-04-26,8639.8115234375,20225.6875,2321.520751953125,4363.00146484375,4494.80078125,3395.0,3688.646484375,5087.89501953125,4193.515625,9607.3671875
2023-04-27,8592.8564453125,21741.427734375,2291.6298828125,4471.53466796875,4494.80078125,3395.0,3621.580322265625,5087.89501953125,4160.66796875,9654.4619140625
2023-04-28,8498.9453125,20367.78515625,2351.41162109375,4428.12158203125,4473.19091796875,3395.0,3562.89697265625,5125.8642578125,4127.8203125,9960.580078125
2023-04-29,8498.9453125,20367.78515625,2351.41162109375,4428.12158203125,4473.19091796875,3395.0,3562.89697265625,5125.8642578125,4127.8203125,9960.580078125
2023-04-30,8498.9453125,20367.78515625,2351.41162109375,4428.12158203125,4473.19091796875,3395.0,3562.89697265625,5125.8642578125,4127.8203125,9960.580078125
2023-05-01,8498.9453125,20367.78515625,2351.41162109375,4428.12158203125,4473.19091796875,3395.0,3562.89697265625,5125.8642578125,4127.8203125,9960.580078125
2023-05-02,8498.9453125,20107.26953125,2311.55712890625,4471.53466796875,4538.02001953125,3395.0,3512.59716796875,5068.91015625,4182.56591796875,9795.7470703125
2023-05-03,8381.556640625,19704.650390625,2301.593505859375,4428.12158203125,4516.41015625,3650.0,3479.064208984375,5030.9404296875,4149.71875,10125.4111328125
2023-05-04,8451.9892578125,20083.583984375,2301.593505859375,4471.53466796875,4473.19091796875,3720.0,3479.064208984375,5011.9560546875,4073.074951171875,10172.5068359375
2023-05-05,8451.9892578125,19586.232421875,2261.739013671875,4536.65380859375,4473.19091796875,3720.0,3495.830810546875,5096.4833984375,4051.177001953125,10243.1484375
2023-05-06,8451.9892578125,19586.232421875,2261.739013671875,4536.65380859375,4473.19091796875,3720.0,3495.830810546875,5096.4833984375,4051.177001953125,10243.1484375
2023-05-07,8451.9892578125,19586.232421875,2261.739013671875,4536.65380859375,4473.19091796875,3720.0,3495.830810546875,5096.4833984375,4051.177001953125,10243.1484375
2023-05-08,8451.9892578125,19586.232421875,2261.739013671875,4428.12158203125,4429.9716796875,3720.0,3403.614501953125,5075.765625,4007.38037109375,10384.43359375
2023-05-09,8381.556640625,19614.34765625,2241.81201171875,4449.82763671875,4365.142578125,3720.0,3411.997802734375,5241.5048828125,3996.431396484375,10360.88671875
2023-05-10,8381.556640625,19662.537109375,2271.70263671875,4471.53466796875,4386.75244140625,3720.0,3462.297607421875,5241.5048828125,4029.278564453125,10266.6962890625
2023-05-11,8287.6455078125,19180.61328125,2231.848388671875,4471.53466796875,4408.36181640625,3720.0,3428.764404296875,5179.3525390625,4007.38037109375,10337.3388671875
2023-05-12,8264.1689453125,18722.78515625,2211.921142578125,4471.53466796875,4321.92333984375,3720.0,3336.54833984375,5158.63525390625,3941.685302734375,10243.1484375
2023-05-13,8264.1689453125,18722.78515625,2211.921142578125,4471.53466796875,4321.92333984375,3720.0,3336.54833984375,5158.63525390625,3941.685302734375,10243.1484375
2023-05-14,8264.1689453125,18722.78515625,2211.921142578125,4471.53466796875,4321.92333984375,3720.0,3336.54833984375,5158.63525390625,3941.685302734375,10243.1484375
2023-05-15,8240.689453125,18192.66796875,2261.739013671875,4471.53466796875,4365.142578125,3720.0,3336.54833984375,5262.22265625,3897.88916015625,10360.88671875
2023-05-16,8170.25634765625,18457.724609375,2211.921142578125,4514.947265625,4313.27978515625,3720.0,3336.54833984375,5200.0703125,3832.194091796875,10360.88671875
2023-05-17,8240.689453125,18216.76171875,2251.775390625,4514.947265625,4321.92333984375,3720.0,3344.931396484375,5241.5048828125,3832.194091796875,10360.88671875
2023-05-18,8240.689453125,18216.76171875,2251.775390625,4514.947265625,4321.92333984375,3720.0,3344.931396484375,5241.5048828125,3832.194091796875,10360.88671875
2023-05-19,8451.9892578125,18216.76171875,2182.0302734375,4688.5986328125,4386.75244140625,3720.0,3370.08154296875,5365.80908203125,3865.041748046875,10313.791015625
2023-05-20,8451.9892578125,18216.76171875,2182.0302734375,4688.5986328125,4386.75244140625,3720.0,3370.08154296875,5365.80908203125,3865.041748046875,10313.791015625
2023-05-21,8451.9892578125,18216.76171875,2182.0302734375,4688.5986328125,4386.75244140625,3720.0,3370.08154296875,5365.80908203125,3865.041748046875,10313.791015625
2023-05-22,8451.9892578125,18289.052734375,2132.212158203125,4710.3056640625,4516.41015625,3730.0,3386.84814453125,5469.396484375,3875.99072265625,10360.88671875
2023-05-23,8569.3779296875,18409.53125,2092.35791015625,4775.4248046875,4429.9716796875,3730.0,3386.84814453125,5469.396484375,3919.787353515625,10525.71875
2023-05-24,8475.4677734375,18337.24609375,2122.24853515625,4862.2509765625,4386.75244140625,3730.0,3487.447265625,5531.548828125,3865.041748046875,10549.2666015625
2023-05-25,8498.9453125,18216.76171875,2102.3212890625,4753.71826171875,4473.19091796875,3730.0,3453.91455078125,5469.396484375,3941.685302734375,10549.2666015625
2023-05-26,8592.8564453125,17493.876953125,2092.35791015625,4862.2509765625,4429.9716796875,3730.0,3462.297607421875,5469.396484375,3919.787353515625,10549.2666015625
2023-05-27,8592.8564453125,17493.876953125,2092.35791015625,4862.2509765625,4429.9716796875,3730.0,3462.297607421875,5469.396484375,3919.787353515625,10549.2666015625
2023-05-28,8592.8564453125,17493.876953125,2092.35791015625,4862.2509765625,4429.9716796875,3730.0,3462.297607421875,5469.396484375,3919.787353515625,10549.2666015625
2023-05-29,8592.8564453125,16650.505859375,2157.41552734375,4818.837890625,4451.5810546875,3730.0,3520.980712890625,5469.396484375,3963.583740234375,10525.71875
2023-05-30,8686.765625,15493.8876953125,2147.427490234375,4775.4248046875,4451.5810546875,3730.0,3453.91455078125,5386.52685546875,3952.634765625,10549.2666015625
2023-05-31,8498.9453125,14457.7490234375,2137.439453125,4840.5439453125,4365.142578125,3730.0,3386.84814453125,5345.091796875,3963.583740234375,11020.2158203125
2023-06-01,8498.9453125,14457.7490234375,2137.439453125,4840.5439453125,4365.142578125,3730.0,3386.84814453125,5345.091796875,3963.583740234375,11020.2158203125
2023-06-02,8498.9453125,14457.7490234375,2137.439453125,4840.5439453125,4365.142578125,3730.0,3386.84814453125,5345.091796875,3963.583740234375,11020.2158203125
2023-06-03,8498.9453125,14457.7490234375,2137.439453125,4840.5439453125,4365.142578125,3730.0,3386.84814453125,5345.091796875,3963.583740234375,11020.2158203125
2023-06-04,8498.9453125,14457.7490234375,2137.439453125,4840.5439453125,4365.142578125,3730.0,3386.84814453125,5345.091796875,3963.583740234375,11020.2158203125
2023-06-05,8639.8115234375,14192.6884765625,2037.55908203125,4710.3056640625,4386.75244140625,3730.0,3420.381103515625,5655.85302734375,3941.685302734375,10878.9306640625
2023-06-06,8592.8564453125,12915.587890625,2047.5469970703125,4732.01220703125,4365.142578125,3730.0,3428.764404296875,5635.13525390625,4029.278564453125,10643.4560546875
2023-06-07,8545.9013671875,12915.587890625,2067.523193359375,4688.5986328125,4343.533203125,3730.0,3479.064208984375,5635.13525390625,4007.38037109375,10643.4560546875
2023-06-08,8569.3779296875,13084.2626953125,2027.5711669921875,4753.71826171875,4343.533203125,3730.0,3495.830810546875,5614.41845703125,4029.278564453125,10643.4560546875
2023-06-09,8545.9013671875,13686.6689453125,2047.5469970703125,4710.3056640625,4429.9716796875,3730.0,3479.064208984375,5635.13525390625,4040.2275390625,10714.0986328125
2023-06-10,8545.9013671875,13686.6689453125,2047.5469970703125,4710.3056640625,4429.9716796875,3730.0,3479.064208984375,5635.13525390625,4040.2275390625,10714.0986328125
2023-06-11,8545.9013671875,13686.6689453125,2047.5469970703125,4710.3056640625,4429.9716796875,3730.0,3479.064208984375,5635.13525390625,4040.2275390625,10714.0986328125
2023-06-12,8592.8564453125,15180.6357421875,2057.53515625,4688.5986328125,4408.36181640625,3730.0,3538.119140625,5614.41845703125,4073.074951171875,10643.4560546875
2023-06-13,8592.8564453125,15517.9833984375,2067.523193359375,4818.837890625,4408.36181640625,3730.0,3520.64697265625,5593.70068359375,3996.431396484375,10596.361328125
2023-06-14,8522.4228515625,15132.443359375,2077.51123046875,4818.837890625,4365.142578125,3730.0,3494.438720703125,5718.005859375,3930.736328125,10643.4560546875
2023-06-15,8498.9453125,15277.0205078125,2067.523193359375,4797.13134765625,4429.9716796875,3730.0,3511.910888671875,5697.28759765625,3985.48193359375,10667.0029296875
2023-06-16,8498.9453125,14771.0,2067.523193359375,4818.837890625,4451.5810546875,3730.0,3468.230224609375,5676.57080078125,3952.634765625,10549.2666015625
2023-06-17,8498.9453125,14771.0,2067.523193359375,4818.837890625,4451.5810546875,3730.0,3468.230224609375,5676.57080078125,3952.634765625,10549.2666015625
2023-06-18,8498.9453125,14771.0,2067.523193359375,4818.837890625,4451.5810546875,3730.0,3468.230224609375,5676.57080078125,3952.634765625,10549.2666015625
2023-06-19,8451.9892578125,14698.7109375,2067.523193359375,4797.13134765625,4429.9716796875,3730.0,3459.494140625,5697.28759765625,3963.583740234375,10596.361328125
2023-06-20,8498.9453125,14578.23046875,2077.51123046875,4818.837890625,4408.36181640625,3730.0,3485.702392578125,5635.13525390625,3974.532958984375,10549.2666015625
2023-06-21,8569.3779296875,14650.5185546875,2097.487548828125,4840.5439453125,4408.36181640625,3730.0,3476.966552734375,5738.72265625,3985.48193359375,10667.0029296875
2023-06-22,8498.9453125,14674.6142578125,2077.51123046875,4753.71826171875,4386.75244140625,3800.0,3442.02197265625,5614.41845703125,3963.583740234375,10525.71875
2023-06-23,8498.9453125,14843.2890625,2077.51123046875,4688.5986328125,4386.75244140625,3800.0,3450.75830078125,5614.41845703125,3952.634765625,10525.71875
2023-06-24,8498.9453125,14843.2890625,2077.51123046875,4688.5986328125,4386.75244140625,3800.0,3450.75830078125,5614.41845703125,3952.634765625,10525.71875
2023-06-25,8498.9453125,14843.2890625,2077.51123046875,4688.5986328125,4386.75244140625,3800.0,3450.75830078125,5614.41845703125,3952.634765625,10525.71875
2023-06-26,8522.4228515625,15421.5986328125,2067.523193359375,4732.01220703125,4429.9716796875,3800.0,3485.702392578125,5635.13525390625,3996.431396484375,10667.0029296875
2023-06-27,8592.8564453125,14939.6728515625,2097.487548828125,4710.3056640625,4494.80078125,3800.0,3494.438720703125,5614.41845703125,4007.38037109375,10667.0029296875
2023-06-28,8592.8564453125,14939.6728515625,2097.487548828125,4710.3056640625,4494.80078125,3800.0,3494.438720703125,5614.41845703125,4007.38037109375,10667.0029296875
2023-06-29,8592.8564453125,14939.6728515625,2097.487548828125,4710.3056640625,4494.80078125,3800.0,3494.438720703125,5614.41845703125,4007.38037109375,10667.0029296875
2023-06-30,8592.8564453125,14939.6728515625,2097.487548828125,4710.3056640625,4494.80078125,3800.0,3494.438720703125,5614.41845703125,4007.38037109375,10667.0029296875
2023-07-01,8592.8564453125,14939.6728515625,2097.487548828125,4710.3056640625,4494.80078125,3800.0,3494.438720703125,5614.41845703125,4007.38037109375,10667.0029296875
2023-07-02,8592.8564453125,14939.6728515625,2097.487548828125,4710.3056640625,4494.80078125,3800.0,3494.438720703125,5614.41845703125,4007.38037109375,10667.0029296875
2023-07-03,8522.4228515625,15084.2509765625,2147.427490234375,4753.71826171875,4624.4580078125,4100.0,3494.438720703125,5655.85302734375,4040.2275390625,10902.478515625
2023-07-04,8498.9453125,14915.5771484375,2077.51123046875,4732.01220703125,4538.02001953125,4100.0,3468.230224609375,5614.41845703125,3985.48193359375,10808.2880859375
2023-07-05,8498.9453125,14939.6728515625,2097.487548828125,4732.01220703125,4559.62939453125,4100.0,3476.966552734375,5614.41845703125,4007.38037109375,10784.740234375
2023-07-06,8522.4228515625,15421.5986328125,2067.523193359375,4710.3056640625,4581.23876953125,4100.0,3459.494140625,5635.13525390625,3985.48193359375,10737.646484375
2023-07-07,8475.4677734375,15590.2724609375,2087.499267578125,4666.892578125,4451.5810546875,4270.0,3459.494140625,5655.85302734375,3974.532958984375,10797.98046875
2023-07-08,8475.4677734375,15590.2724609375,2087.499267578125,4666.892578125,4451.5810546875,4270.0,3459.494140625,5655.85302734375,3974.532958984375,10797.98046875
2023-07-09,8475.4677734375,15590.2724609375,2087.499267578125,4666.892578125,4451.5810546875,4270.0,3459.494140625,5655.85302734375,3974.532958984375,10797.98046875
2023-07-10,8498.9453125,15758.9462890625,2067.523193359375,4688.5986328125,4473.19091796875,4270.0,3450.75830078125,5614.41845703125,3963.583740234375,10845.865234375
2023-07-11,8475.4677734375,17060.14453125,2067.523193359375,4710.3056640625,4559.62939453125,4250.0,3476.966552734375,5635.13525390625,3930.736328125,11037.4033203125
2023-07-12,8616.3330078125,16867.373046875,2047.5469970703125,4732.01220703125,4581.23876953125,4250.0,3476.966552734375,5614.41845703125,3919.787353515625,11157.115234375
2023-07-13,8569.3779296875,17349.298828125,2077.51123046875,4732.01220703125,4624.4580078125,4250.0,3424.5498046875,5635.13525390625,3897.88916015625,11205.0
2023-07-14,8639.8115234375,18120.376953125,2037.55908203125,4797.13134765625,4667.67724609375,4250.0,3433.285888671875,5593.70068359375,3908.838134765625,11276.8271484375
2023-07-15,8639.8115234375,18120.376953125,2037.55908203125,4797.13134765625,4667.67724609375,4250.0,3433.285888671875,5593.70068359375,3908.838134765625,11276.8271484375
2023-07-16,8639.8115234375,18120.376953125,2037.55908203125,4797.13134765625,4667.67724609375,4250.0,3433.285888671875,5593.70068359375,3908.838134765625,11276.8271484375
2023-07-17,8616.3330078125,18023.994140625,2087.499267578125,4840.5439453125,4646.06787109375,4320.0,3415.813720703125,5531.548828125,3919.787353515625,11157.115234375
2023-07-18,8592.8564453125,17927.607421875,2047.5469970703125,4883.95703125,4624.4580078125,4320.0,3363.397216796875,5448.67919921875,3897.88916015625,11252.884765625
2023-07-19,8592.8564453125,17927.607421875,2047.5469970703125,4883.95703125,4624.4580078125,4320.0,3363.397216796875,5448.67919921875,3897.88916015625,11252.884765625
2023-07-20,8592.8564453125,18023.994140625,2037.55908203125,4883.95703125,4775.7255859375,4400.0,3363.397216796875,5407.244140625,3963.583740234375,10989.51953125
2023-07-21,8592.8564453125,18048.08984375,2037.55908203125,4883.95703125,4797.33544921875,4400.0,3372.13330078125,5345.091796875,3963.583740234375,11013.4619140625
2023-07-22,8592.8564453125,18048.08984375,2037.55908203125,4883.95703125,4797.33544921875,4400.0,3372.13330078125,5345.091796875,3963.583740234375,11013.4619140625
2023-07-23,8592.8564453125,18048.08984375,2037.55908203125,4883.95703125,4797.33544921875,4400.0,3372.13330078125,5345.091796875,3963.583740234375,11013.4619140625
2023-07-24,8545.9013671875,18939.65234375,2057.53515625,4862.2509765625,4754.1162109375,4400.0,3407.07763671875,5427.9619140625,3952.634765625,11037.4033203125
2023-07-25,8592.8564453125,20048.078125,2037.55908203125,4905.6630859375,4797.33544921875,4400.0,3389.60546875,5386.52685546875,3952.634765625,10750.0966796875
2023-07-26,8780.677734375,20216.75390625,2057.53515625,4927.37060546875,4818.94482421875,4500.0,3389.60546875,5469.396484375,3919.787353515625,10702.2109375
2023-07-27,8663.2890625,19951.693359375,2067.523193359375,4905.6630859375,4862.16357421875,4500.0,3249.827880859375,5407.244140625,3897.88916015625,10702.2109375
2023-07-28,8569.3779296875,19108.322265625,2087.499267578125,4949.07666015625,4926.99267578125,4500.0,3249.827880859375,5490.11376953125,3886.939697265625,10726.1533203125
2023-07-29,8569.3779296875,19108.322265625,2087.499267578125,4949.07666015625,4926.99267578125,4500.0,3249.827880859375,5490.11376953125,3886.939697265625,10726.1533203125
2023-07-30,8569.3779296875,19108.322265625,2087.499267578125,4949.07666015625,4926.99267578125,4500.0,3249.827880859375,5490.11376953125,3886.939697265625,10726.1533203125
2023-07-31,8569.3779296875,19132.419921875,2117.46337890625,4905.6630859375,4948.6025390625,4500.0,3249.827880859375,5676.57080078125,3886.939697265625,10726.1533203125
2023-08-01,8569.3779296875,18698.6875,2087.499267578125,4949.07666015625,4883.7734375,4600.0,3276.036376953125,5697.28759765625,3799.346923828125,10606.4423828125
2023-08-02,8639.8115234375,17975.80078125,2057.53515625,4949.07666015625,4926.99267578125,4900.0,3223.61962890625,5676.57080078125,3886.939697265625,10702.2109375
2023-08-03,8686.765625,17638.453125,2067.523193359375,4949.07666015625,5013.43115234375,5102.5,3249.827880859375,5655.85302734375,3919.787353515625,10726.1533203125
2023-08-04,8592.8564453125,17011.951171875,2077.51123046875,4840.5439453125,4991.82177734375,5602.5,3223.61962890625,5635.13525390625,3941.685302734375,10774.0380859375
2023-08-05,8592.8564453125,17011.951171875,2077.51123046875,4840.5439453125,4991.82177734375,5602.5,3223.61962890625,5635.13525390625,3941.685302734375,10774.0380859375
2023-08-06,8592.8564453125,17011.951171875,2077.51123046875,4840.5439453125,4991.82177734375,5602.5,3223.61962890625,5635.13525390625,3941.685302734375,10774.0380859375
2023-08-07,8710.24609375,16746.89453125,2057.53515625,4949.07666015625,5078.26025390625,5500.0,3214.883544921875,5697.28759765625,3941.685302734375,10654.3271484375
2023-08-08,8639.8115234375,16795.0859375,2067.523193359375,4883.95703125,5099.86962890625,5500.0,3258.564208984375,5676.57080078125,3908.838134765625,10678.26953125
2023-08-09,8827.6337890625,16819.181640625,2067.523193359375,4949.07666015625,5099.86962890625,5500.0,3293.50830078125,5697.28759765625,3974.532958984375,10630.3837890625
2023-08-10,8827.6337890625,17421.5859375,2087.499267578125,4949.07666015625,5164.69873046875,5500.0,3319.716796875,5593.70068359375,3985.48193359375,10965.576171875
2023-08-11,8827.6337890625,17108.3359375,2147.427490234375,4905.6630859375,5121.47900390625,5500.0,3328.452880859375,5593.70068359375,3985.48193359375,10989.51953125
2023-08-12,8827.6337890625,17108.3359375,2147.427490234375,4905.6630859375,5121.47900390625,5500.0,3328.452880859375,5593.70068359375,3985.48193359375,10989.51953125
2023-08-13,8827.6337890625,17108.3359375,2147.427490234375,4905.6630859375,5121.47900390625,5500.0,3328.452880859375,5593.70068359375,3985.48193359375,10989.51953125
2023-08-14,8780.677734375,16939.662109375,2167.403564453125,4905.6630859375,5143.0888671875,5500.0,3345.925048828125,5635.13525390625,4029.278564453125,10917.6923828125
2023-08-15,8733.72265625,17108.3359375,2137.439453125,4840.5439453125,5013.43115234375,5300.0,3337.188720703125,5572.98388671875,3985.48193359375,10989.51953125
2023-08-16,8733.72265625,17108.3359375,2167.403564453125,4797.13134765625,5013.43115234375,5150.0,3345.925048828125,5593.70068359375,3985.48193359375,11181.0576171875
2023-08-17,8733.72265625,17108.3359375,2167.403564453125,4797.13134765625,5013.43115234375,5150.0,3345.925048828125,5593.70068359375,3985.48193359375,11181.0576171875
2023-08-18,8686.765625,17156.529296875,2147.427490234375,4840.5439453125,4991.82177734375,4800.0,3284.772216796875,5407.244140625,3963.583740234375,11205.0
2023-08-19,8686.765625,17156.529296875,2147.427490234375,4840.5439453125,4991.82177734375,4800.0,3284.772216796875,5407.244140625,3963.583740234375,11205.0
2023-08-20,8686.765625,17156.529296875,2147.427490234375,4840.5439453125,4991.82177734375,4800.0,3284.772216796875,5407.244140625,3963.583740234375,11205.0
2023-08-21,8616.3330078125,17903.51171875,2157.41552734375,4775.4248046875,5035.041015625,5100.0,3267.300048828125,5365.80908203125,3996.431396484375,11181.0576171875
2023-08-22,8733.72265625,17903.51171875,2117.46337890625,4840.5439453125,5143.0888671875,5100.0,3276.036376953125,5427.9619140625,3985.48193359375,11037.4033203125
2023-08-23,8733.72265625,18120.376953125,2147.427490234375,4862.2509765625,5056.65087890625,5120.0,3267.300048828125,5427.9619140625,3974.532958984375,11013.4619140625
2023-08-24,8639.8115234375,18120.376953125,2197.36767578125,4818.837890625,5143.0888671875,5120.0,3249.827880859375,5365.80908203125,3996.431396484375,10869.8076171875
2023-08-25,8710.24609375,17927.607421875,2157.41552734375,4862.2509765625,5099.86962890625,5100.0,3249.827880859375,5345.091796875,3985.48193359375,10941.634765625
2023-08-26,8710.24609375,17927.607421875,2157.41552734375,4862.2509765625,5099.86962890625,5100.0,3249.827880859375,5345.091796875,3985.48193359375,10941.634765625
2023-08-27,8710.24609375,17927.607421875,2157.41552734375,4862.2509765625,5099.86962890625,5100.0,3249.827880859375,5345.091796875,3985.48193359375,10941.634765625
2023-08-28,8639.8115234375,18096.283203125,2157.41552734375,4818.837890625,5186.30810546875,5130.0,3232.355712890625,5324.375,3985.48193359375,10821.9228515625
2023-08-29,8686.765625,18120.376953125,2177.3916015625,4862.2509765625,5143.0888671875,5050.0,3249.827880859375,5303.6572265625,4007.38037109375,10893.7490234375
2023-08-30,8639.8115234375,18096.283203125,2167.403564453125,4797.13134765625,5164.69873046875,5050.0,3328.452880859375,5345.091796875,4029.278564453125,10774.0380859375
2023-08-31,8616.3330078125,18096.283203125,2177.3916015625,4818.837890625,5207.91796875,4800.0,3258.564208984375,5345.091796875,4018.329345703125,10726.1533203125
2023-09-01,8663.2890625,18120.376953125,2147.427490234375,4840.5439453125,5251.13720703125,4800.0,3249.827880859375,5427.9619140625,4018.329345703125,10726.1533203125
2023-09-02,8663.2890625,18120.376953125,2147.427490234375,4840.5439453125,5251.13720703125,4800.0,3249.827880859375,5427.9619140625,4018.329345703125,10726.1533203125
2023-09-03,8663.2890625,18120.376953125,2147.427490234375,4840.5439453125,5251.13720703125,4800.0,3249.827880859375,5427.9619140625,4018.329345703125,10726.1533203125
2023-09-04,8663.2890625,18120.376953125,2107.475341796875,4883.95703125,5272.74658203125,4800.0,3258.564208984375,5469.396484375,4138.77001953125,10726.1533203125
2023-09-05,8663.2890625,18120.376953125,2047.5469970703125,4883.95703125,5272.74658203125,4900.0,3267.300048828125,5469.396484375,4215.41357421875,10702.2109375
2023-09-06,8592.8564453125,18216.76171875,2007.594970703125,4840.5439453125,5229.52734375,5020.0,3310.98046875,5407.244140625,4193.515625,10582.5
2023-09-07,8616.3330078125,18289.052734375,2027.5711669921875,4732.01220703125,5078.26025390625,5020.0,3284.772216796875,5303.6572265625,4160.66796875,10726.1533203125
2023-09-08,8569.3779296875,18240.857421875,1997.6070556640625,4645.18603515625,5099.86962890625,5020.0,3223.61962890625,5303.6572265625,4105.92236328125,10654.3271484375
2023-09-09,8569.3779296875,18240.857421875,1997.6070556640625,4645.18603515625,5099.86962890625,5020.0,3223.61962890625,5303.6572265625,4105.92236328125,10654.3271484375
2023-09-10,8569.3779296875,18240.857421875,1997.6070556640625,4645.18603515625,5099.86962890625,5020.0,3223.61962890625,5303.6572265625,4105.92236328125,10654.3271484375
2023-09-11,8569.3779296875,18216.76171875,2057.53515625,4710.3056640625,5121.47900390625,5020.0,3232.355712890625,5282.9404296875,4138.77001953125,10702.2109375
2023-09-12,8545.9013671875,17783.033203125,2067.523193359375,4666.892578125,5078.26025390625,5080.0,3241.091796875,5220.78759765625,4073.074951171875,10726.1533203125
2023-09-13,8522.4228515625,17831.22265625,2127.451416015625,4688.5986328125,5056.65087890625,5080.0,3241.091796875,5220.78759765625,4094.97314453125,10726.1533203125
2023-09-14,8545.9013671875,18626.400390625,2257.2958984375,4710.3056640625,5035.041015625,5080.0,3214.883544921875,5241.5048828125,4138.77001953125,10534.615234375
2023-09-15,8451.9892578125,18530.013671875,2566.925048828125,4666.892578125,5121.47900390625,5080.0,3249.827880859375,5220.78759765625,4149.71875,10510.6728515625
2023-09-16,8451.9892578125,18530.013671875,2566.925048828125,4666.892578125,5121.47900390625,5080.0,3249.827880859375,5220.78759765625,4149.71875,10510.6728515625
2023-09-17,8451.9892578125,18530.013671875,2566.925048828125,4666.892578125,5121.47900390625,5080.0,3249.827880859375,5220.78759765625,4149.71875,10510.6728515625
2023-09-18,8451.9892578125,18602.3046875,2646.8291015625,4623.47998046875,5099.86962890625,5080.0,3214.883544921875,5220.78759765625,4094.97314453125,10390.9619140625
2023-09-19,8522.4228515625,18216.76171875,2686.781494140625,4666.892578125,5186.30810546875,5080.0,3258.564208984375,5262.22265625,4138.77001953125,10367.0185546875
2023-09-20,8592.8564453125,18216.76171875,2726.733642578125,4666.892578125,5251.13720703125,5100.0,3328.452880859375,5220.78759765625,4193.515625,10390.9619140625
2023-09-21,8569.3779296875,18361.341796875,2746.709716796875,4645.18603515625,5186.30810546875,5100.0,3328.452880859375,5137.91845703125,4204.46435546875,10726.1533203125
2023-09-22,8522.4228515625,18361.341796875,2616.865234375,4645.18603515625,5186.30810546875,5100.0,3372.13330078125,5137.91845703125,4270.1591796875,10869.8076171875
2023-09-23,8522.4228515625,18361.341796875,2616.865234375,4645.18603515625,5186.30810546875,5100.0,3372.13330078125,5137.91845703125,4270.1591796875,10869.8076171875
2023-09-24,8522.4228515625,18361.341796875,2616.865234375,4645.18603515625,5186.30810546875,5100.0,3372.13330078125,5137.91845703125,4270.1591796875,10869.8076171875
2023-09-25,8451.9892578125,18361.341796875,2616.865234375,4601.77294921875,5186.30810546875,5100.0,3293.50830078125,5179.3525390625,4401.548828125,10774.0380859375
2023-09-26,8405.033203125,18192.66796875,2576.9130859375,4514.947265625,5121.47900390625,5100.0,3284.772216796875,5137.91845703125,4368.701171875,10702.2109375
2023-09-27,8334.6005859375,18361.341796875,2556.93701171875,4536.65380859375,5186.30810546875,5120.0,3249.827880859375,5096.4833984375,4434.396484375,10534.615234375
2023-09-28,8334.6005859375,18361.341796875,2556.93701171875,4536.65380859375,5186.30810546875,5120.0,3249.827880859375,5096.4833984375,4434.396484375,10534.615234375
2023-09-29,8287.6455078125,18192.66796875,2526.97265625,4536.65380859375,5207.91796875,5120.0,3276.036376953125,5158.63525390625,4521.9892578125,10606.4423828125
2023-09-30,8287.6455078125,18192.66796875,2526.97265625,4536.65380859375,5207.91796875,5120.0,3276.036376953125,5158.63525390625,4521.9892578125,10606.4423828125
2023-10-01,8287.6455078125,18192.66796875,2526.97265625,4536.65380859375,5207.91796875,5120.0,3276.036376953125,5158.63525390625,4521.9892578125,10606.4423828125
2023-10-02,8522.4228515625,18048.08984375,2566.925048828125,4558.3603515625,5229.52734375,5120.0,3276.036376953125,5200.0703125,4511.0400390625,10630.3837890625
2023-10-03,8639.8115234375,17566.1640625,2596.88916015625,4580.06640625,5251.13720703125,5120.0,3293.50830078125,5137.91845703125,4565.78564453125,10486.73046875
2023-10-04,8639.8115234375,17517.970703125,2616.865234375,4558.3603515625,5294.3564453125,5150.0,3302.24462890625,5034.3310546875,4543.8876953125,10726.1533203125
2023-10-05,8522.4228515625,17662.55078125,2726.733642578125,4493.24072265625,5294.3564453125,5150.0,3249.827880859375,4992.89599609375,4543.8876953125,11133.1728515625
2023-10-06,8475.4677734375,17662.55078125,2736.7216796875,4493.24072265625,5207.91796875,5150.0,3302.24462890625,5034.3310546875,4554.83642578125,11013.4619140625
2023-10-07,8475.4677734375,17662.55078125,2736.7216796875,4493.24072265625,5207.91796875,5150.0,3302.24462890625,5034.3310546875,4554.83642578125,11013.4619140625
2023-10-08,8475.4677734375,17662.55078125,2736.7216796875,4493.24072265625,5207.91796875,5150.0,3302.24462890625,5034.3310546875,4554.83642578125,11013.4619140625
2023-10-09,8498.9453125,17734.83984375,2686.781494140625,4449.82763671875,5099.86962890625,5130.0,3284.772216796875,5075.765625,4467.24365234375,10630.3837890625
2023-10-10,8381.556640625,17807.126953125,2686.781494140625,4493.24072265625,5186.30810546875,5130.0,3328.452880859375,5013.61328125,4554.83642578125,10390.9619140625
2023-10-11,8381.556640625,17855.318359375,2686.781494140625,4558.3603515625,5229.52734375,5130.0,3302.24462890625,5013.61328125,4532.9384765625,10247.3076171875
2023-10-12,8498.9453125,17879.416015625,2686.781494140625,4601.77294921875,5251.13720703125,5130.0,3345.925048828125,5011.92919921875,4664.328125,10510.6728515625
2023-10-13,8522.4228515625,17879.416015625,2696.76953125,4580.06640625,5251.13720703125,5135.0,3363.397216796875,5032.9873046875,4532.9384765625,10414.9033203125
2023-10-14,8522.4228515625,17879.416015625,2696.76953125,4580.06640625,5251.13720703125,5135.0,3363.397216796875,5032.9873046875,4532.9384765625,10414.9033203125
2023-10-15,8522.4228515625,17879.416015625,2696.76953125,4580.06640625,5251.13720703125,5135.0,3363.397216796875,5032.9873046875,4532.9384765625,10414.9033203125
2023-10-16,8545.9013671875,18023.994140625,2576.9130859375,4558.3603515625,5207.91796875,5135.0,3284.772216796875,4927.6943359375,4554.83642578125,10438.845703125
2023-10-17,8405.033203125,18843.265625,2656.817138671875,4471.53466796875,5186.30810546875,5135.0,3310.98046875,4927.6943359375,4554.83642578125,10438.845703125
2023-10-18,8311.123046875,19276.998046875,2666.805419921875,4471.53466796875,5056.65087890625,5135.0,3276.036376953125,4906.6357421875,4489.14208984375,10175.48046875
2023-10-19,8217.212890625,19204.70703125,2626.853271484375,4341.29541015625,4948.6025390625,5100.0,3258.564208984375,4822.40234375,4327.0947265625,9983.9423828125
2023-10-20,8428.51171875,19036.03515625,2596.88916015625,4384.70849609375,4970.2119140625,5000.0,3232.355712890625,4801.34375,4353.37255859375,10151.5380859375
2023-10-21,8428.51171875,19036.03515625,2596.88916015625,4384.70849609375,4970.2119140625,5000.0,3232.355712890625,4801.34375,4353.37255859375,10151.5380859375
2023-10-22,8428.51171875,19036.03515625,2596.88916015625,4384.70849609375,4970.2119140625,5000.0,3232.355712890625,4801.34375,4353.37255859375,10151.5380859375
2023-10-23,8311.123046875,18120.376953125,2626.853271484375,4341.29541015625,4905.38330078125,5000.0,3153.73095703125,4717.10888671875,4370.89111328125,10055.76953125
2023-10-24,8240.689453125,18337.24609375,2606.877197265625,4428.12158203125,4970.2119140625,5000.0,3188.675048828125,4885.57763671875,4379.65087890625,10343.0771484375
2023-10-25,8334.6005859375,18554.109375,2666.805419921875,4493.24072265625,5056.65087890625,5005.0,3144.99462890625,4864.51904296875,4353.37255859375,10007.8837890625
2023-10-26,8193.734375,18505.91796875,2726.733642578125,4271.83447265625,4926.99267578125,5005.0,3040.16162109375,4822.40234375,4274.5390625,9840.2880859375
2023-10-27,8170.25634765625,18313.1484375,2816.625732421875,4341.29541015625,4926.99267578125,5050.0,3057.6337890625,4822.40234375,4248.26123046875,10079.7109375
2023-10-28,8170.25634765625,18313.1484375,2816.625732421875,4341.29541015625,4926.99267578125,5050.0,3057.6337890625,4822.40234375,4248.26123046875,10079.7109375
2023-10-29,8170.25634765625,18313.1484375,2816.625732421875,4341.29541015625,4926.99267578125,5050.0,3057.6337890625,4822.40234375,4248.26123046875,10079.7109375
2023-10-30,8311.123046875,17686.646484375,2816.625732421875,4341.29541015625,4948.6025390625,5050.0,2987.7451171875,4885.57763671875,4248.26123046875,10079.7109375
2023-10-31,8217.212890625,17566.1640625,2976.4345703125,4306.56494140625,4905.38330078125,5100.0,3048.897705078125,4864.51904296875,4195.705078125,9912.115234375
2023-11-01,8076.345703125,17517.970703125,2946.47021484375,4193.69140625,4883.7734375,5100.0,3162.466796875,4885.57763671875,4221.98291015625,9936.0576171875
2023-11-02,8311.123046875,17831.22265625,2956.458251953125,4341.29541015625,5099.86962890625,5100.0,3162.466796875,4885.57763671875,4265.77978515625,9912.115234375
2023-11-03,8358.078125,17999.896484375,2996.410400390625,4428.12158203125,5035.041015625,5100.0,3118.786376953125,4969.8115234375,4283.29833984375,10007.8837890625
2023-11-04,8358.078125,17999.896484375,2996.410400390625,4428.12158203125,5035.041015625,5100.0,3118.786376953125,4969.8115234375,4283.29833984375,10007.8837890625
2023-11-05,8358.078125,17999.896484375,2996.410400390625,4428.12158203125,5035.041015625,5100.0,3118.786376953125,4969.8115234375,4283.29833984375,10007.8837890625
2023-11-06,8498.9453125,18023.994140625,2946.47021484375,4514.947265625,5121.47900390625,5100.0,3188.675048828125,4990.8701171875,4353.37255859375,10031.8271484375
2023-11-07,8428.51171875,18096.283203125,2936.482177734375,4558.3603515625,5078.26025390625,5000.0,3118.786376953125,4906.6357421875,4327.0947265625,10031.8271484375
2023-11-08,8451.9892578125,18096.283203125,2946.47021484375,4536.65380859375,5056.65087890625,5000.0,3075.10595703125,4822.40234375,4274.5390625,10031.8271484375
2023-11-09,8451.9892578125,17975.80078125,2956.458251953125,4514.947265625,5078.26025390625,5100.0,3083.84228515625,4843.46044921875,4257.0205078125,10007.8837890625
2023-11-10,8287.6455078125,18168.568359375,2996.410400390625,4406.4150390625,4991.82177734375,5100.0,3101.314208984375,4864.51904296875,4257.0205078125,10127.5966796875
2023-11-11,8287.6455078125,18168.568359375,2996.410400390625,4406.4150390625,4991.82177734375,5100.0,3101.314208984375,4864.51904296875,4257.0205078125,10127.5966796875
2023-11-12,8287.6455078125,18168.568359375,2996.410400390625,4406.4150390625,4991.82177734375,5100.0,3101.314208984375,4864.51904296875,4257.0205078125,10127.5966796875
2023-11-13,8334.6005859375,18481.822265625,2906.51806640625,4363.00146484375,5035.041015625,5100.0,3075.10595703125,4759.2265625,4283.29833984375,9936.0576171875
2023-11-14,8381.556640625,18505.91796875,2986.422607421875,4406.4150390625,5035.041015625,5100.0,3057.6337890625,4780.28466796875,4274.5390625,10007.8837890625
2023-11-15,8498.9453125,18023.994140625,2916.50634765625,4558.3603515625,5121.47900390625,5100.0,3101.314208984375,4843.46044921875,4362.1318359375,10127.5966796875
2023-11-16,8522.4228515625,18385.4375,2916.50634765625,4558.3603515625,5121.47900390625,5100.0,3092.578125,4906.6357421875,4335.85400390625,10127.5966796875
2023-11-17,8522.4228515625,18457.724609375,2946.47021484375,4536.65380859375,5099.86962890625,5150.0,3101.314208984375,4801.34375,4362.1318359375,10031.8271484375
2023-11-18,8522.4228515625,18457.724609375,2946.47021484375,4536.65380859375,5099.86962890625,5150.0,3101.314208984375,4801.34375,4362.1318359375,10031.8271484375
2023-11-19,8522.4228515625,18457.724609375,2946.47021484375,4536.65380859375,5099.86962890625,5150.0,3101.314208984375,4801.34375,4362.1318359375,10031.8271484375
2023-11-20,8334.6005859375,18746.880859375,2886.5419921875,4558.3603515625,5078.26025390625,5150.0,3136.258544921875,4885.57763671875,4362.1318359375,10079.7109375
2023-11-21,8240.689453125,18891.45703125,2886.5419921875,4514.947265625,5078.26025390625,5150.0,3162.466796875,4864.51904296875,4445.34521484375,10055.76953125
2023-11-22,8334.6005859375,18698.6875,2886.5419921875,4580.06640625,5078.26025390625,5150.0,3153.73095703125,4780.28466796875,4445.34521484375,10055.76953125
2023-11-23,8381.556640625,18698.6875,2896.530029296875,4645.18603515625,5099.86962890625,5150.0,3144.99462890625,4801.34375,4511.0400390625,10103.6533203125
2023-11-24,8381.556640625,18698.6875,2866.566162109375,4688.5986328125,5078.26025390625,5150.0,3162.466796875,4822.40234375,4554.83642578125,9983.9423828125
2023-11-25,8381.556640625,18698.6875,2866.566162109375,4688.5986328125,5078.26025390625,5150.0,3162.466796875,4822.40234375,4554.83642578125,9983.9423828125
2023-11-26,8381.556640625,18698.6875,2866.566162109375,4688.5986328125,5078.26025390625,5150.0,3162.466796875,4822.40234375,4554.83642578125,9983.9423828125
2023-11-27,8334.6005859375,18698.6875,2836.601806640625,4645.18603515625,5099.86962890625,5150.0,3214.883544921875,4738.16796875,4620.53125,10199.4228515625
2023-11-28,8334.6005859375,18626.400390625,2886.5419921875,4645.18603515625,5099.86962890625,5150.0,3293.50830078125,4674.99267578125,4532.9384765625,10199.4228515625
2023-11-29,8358.078125,18578.20703125,2916.50634765625,4601.77294921875,5056.65087890625,5150.0,3249.827880859375,4653.93359375,4576.73486328125,10055.76953125
2023-11-30,8428.51171875,18578.20703125,2946.47021484375,4580.06640625,5056.65087890625,5150.0,3284.772216796875,4548.64111328125,4620.53125,11061.345703125
2023-12-01,8405.033203125,18554.109375,2906.51806640625,4645.18603515625,5099.86962890625,5150.0,3345.925048828125,4843.46044921875,4598.63330078125,10079.7109375
2023-12-02,8405.033203125,18554.109375,2906.51806640625,4645.18603515625,5099.86962890625,5150.0,3345.925048828125,4843.46044921875,4598.63330078125,10079.7109375
2023-12-03,8405.033203125,18554.109375,2906.51806640625,4645.18603515625,5099.86962890625,5150.0,3345.925048828125,4843.46044921875,4598.63330078125,10079.7109375
2023-12-04,8421.546875,18505.91796875,2906.51806640625,4775.4248046875,5186.30810546875,5150.0,3328.452880859375,4843.46044921875,4642.4296875,10055.76953125
2023-12-05,8397.9560546875,18481.822265625,3166.207275390625,4732.01220703125,5164.69873046875,5150.0,3363.397216796875,4822.40234375,4642.4296875,10223.365234375
2023-12-06,8303.59765625,18313.1484375,3475.836181640625,4710.3056640625,5013.43115234375,5150.0,3424.5498046875,4822.40234375,4576.73486328125,10199.4228515625
2023-12-07,8327.1875,18313.1484375,4344.79541015625,4753.71826171875,4970.2119140625,5150.0,3415.813720703125,4780.28466796875,4620.53125,10199.4228515625
2023-12-08,8256.41796875,18313.1484375,4694.37646484375,4666.892578125,4926.99267578125,5150.0,3442.02197265625,4780.28466796875,4445.34521484375,10510.6728515625
2023-12-09,8256.41796875,18313.1484375,4694.37646484375,4666.892578125,4926.99267578125,5150.0,3442.02197265625,4780.28466796875,4445.34521484375,10510.6728515625
2023-12-10,8256.41796875,18313.1484375,4694.37646484375,4666.892578125,4926.99267578125,5150.0,3442.02197265625,4780.28466796875,4445.34521484375,10510.6728515625
2023-12-11,8256.41796875,18289.052734375,4694.37646484375,4601.77294921875,4991.82177734375,5910.0,3476.966552734375,4717.10888671875,4532.9384765625,10079.7109375
2023-12-12,8209.23828125,18289.052734375,4754.3046875,4623.47998046875,5013.43115234375,6870.0,3415.813720703125,4696.05078125,4620.53125,10175.48046875
2023-12-13,8185.6494140625,18313.1484375,4774.28076171875,4601.77294921875,4948.6025390625,7880.0,3424.5498046875,4653.93359375,4532.9384765625,10103.6533203125
2023-12-14,8539.4951171875,18313.1484375,4644.43603515625,4818.837890625,5143.0888671875,8200.0,3442.02197265625,4738.16796875,4686.22607421875,10127.5966796875
2023-12-15,8704.6240234375,18795.072265625,4924.10107421875,4818.837890625,5099.86962890625,8070.0,3476.966552734375,4759.2265625,4620.53125,9983.9423828125
2023-12-16,8704.6240234375,18795.072265625,4924.10107421875,4818.837890625,5099.86962890625,8070.0,3476.966552734375,4759.2265625,4620.53125,9983.9423828125
2023-12-17,8704.6240234375,18795.072265625,4924.10107421875,4818.837890625,5099.86962890625,8070.0,3476.966552734375,4759.2265625,4620.53125,9983.9423828125
2023-12-18,8681.03515625,18534.36328125,5068.92822265625,4775.4248046875,5121.47900390625,8047.5,3468.230224609375,4717.10888671875,4554.83642578125,10151.5380859375
2023-12-19,8728.2138671875,18729.462890625,5343.5986328125,4818.837890625,5164.69873046875,7800.0,3468.230224609375,4738.16796875,4554.83642578125,10127.5966796875
2023-12-20,8775.3935546875,18997.72265625,5668.20947265625,4818.837890625,5121.47900390625,8000.0,3459.494140625,4738.16796875,4554.83642578125,10127.5966796875
2023-12-21,8798.982421875,19046.498046875,5867.970703125,4840.5439453125,5164.69873046875,8000.0,3450.75830078125,4674.99267578125,4511.0400390625,10103.6533203125
2023-12-22,8798.982421875,19022.109375,5867.970703125,4927.37060546875,5164.69873046875,8000.0,3459.494140625,4674.99267578125,4598.63330078125,10079.7109375
2023-12-23,8798.982421875,19022.109375,5867.970703125,4927.37060546875,5164.69873046875,8000.0,3459.494140625,4674.99267578125,4598.63330078125,10079.7109375
2023-12-24,8798.982421875,19022.109375,5867.970703125,4927.37060546875,5164.69873046875,8000.0,3459.494140625,4674.99267578125,4598.63330078125,10079.7109375
2023-12-25,8798.982421875,19022.109375,5867.970703125,4927.37060546875,5164.69873046875,8000.0,3459.494140625,4674.99267578125,4598.63330078125,10079.7109375
2023-12-26,8798.982421875,19022.109375,5867.970703125,4927.37060546875,5164.69873046875,8000.0,3459.494140625,4674.99267578125,4598.63330078125,10079.7109375
2023-12-27,8846.162109375,18827.01171875,5992.82080078125,4883.95703125,5186.30810546875,8000.0,3442.02197265625,4674.99267578125,4620.53125,10127.5966796875
2023-12-28,8869.7529296875,19339.14453125,5992.82080078125,4970.78271484375,5294.3564453125,8000.0,3459.494140625,4717.10888671875,4686.22607421875,10199.4228515625
2023-12-29,8869.7529296875,19412.306640625,5243.71826171875,4970.78271484375,5229.52734375,8000.0,3450.75830078125,4759.2265625,4708.12451171875,10127.5966796875
2023-12-30,8869.7529296875,19412.306640625,5243.71826171875,4970.78271484375,5229.52734375,8000.0,3450.75830078125,4759.2265625,4708.12451171875,10127.5966796875
2023-12-31,8869.7529296875,19412.306640625,5243.71826171875,4970.78271484375,5229.52734375,8000.0,3450.75830078125,4759.2265625,4708.12451171875,10127.5966796875
2024-01-01,8869.7529296875,19412.306640625,5243.71826171875,4970.78271484375,5229.52734375,8000.0,3450.75830078125,4759.2265625,4708.12451171875,10127.5966796875
2024-01-02,8893.341796875,19461.083984375,5693.18017578125,5000.744140625,5294.3564453125,7700.0,3485.702392578125,4801.34375,4708.12451171875,10199.4228515625
2024-01-03,8822.5732421875,19119.658203125,5843.00048828125,4934.65478515625,5272.74658203125,7700.0,3459.494140625,4717.10888671875,4686.22607421875,10175.48046875
2024-01-04,8940.521484375,19046.498046875,5892.9404296875,5022.7734375,5488.8427734375,7700.0,3468.230224609375,4801.34375,4905.208984375,10582.5
2024-01-05,9034.880859375,19412.306640625,5718.150390625,5066.83251953125,5553.671875,7700.0,3398.341552734375,4738.16796875,4883.310546875,10271.25
2024-01-06,9034.880859375,19412.306640625,5718.150390625,5066.83251953125,5553.671875,7700.0,3398.341552734375,4738.16796875,4883.310546875,10271.25
2024-01-07,9034.880859375,19412.306640625,5718.150390625,5066.83251953125,5553.671875,7700.0,3398.341552734375,4738.16796875,4883.310546875,10271.25
2024-01-08,9034.880859375,19290.37109375,5268.6884765625,4956.68408203125,5532.06201171875,7710.0,3398.341552734375,4696.05078125,4883.310546875,10295.1923828125
2024-01-09,9082.060546875,19412.306640625,4214.95068359375,5022.7734375,5510.45263671875,7710.0,3459.494140625,4696.05078125,4949.0048828125,10558.5576171875
2024-01-10,9011.291015625,19339.14453125,3995.214111328125,5022.7734375,5553.671875,7710.0,3494.438720703125,4653.93359375,4905.208984375,10869.8076171875
2024-01-11,9034.880859375,19265.982421875,3705.56103515625,5066.83251953125,5575.28173828125,7710.0,3485.702392578125,4674.99267578125,4905.208984375,10654.3271484375
2024-01-12,9152.8291015625,19217.208984375,3555.740478515625,5154.95166015625,5683.3291015625,8992.5,3503.1748046875,4717.10888671875,4905.208984375,10702.2109375
2024-01-13,9152.8291015625,19217.208984375,3555.740478515625,5154.95166015625,5683.3291015625,8992.5,3503.1748046875,4717.10888671875,4905.208984375,10702.2109375
2024-01-14,9152.8291015625,19217.208984375,3555.740478515625,5154.95166015625,5683.3291015625,8992.5,3503.1748046875,4717.10888671875,4905.208984375,10702.2109375
2024-01-15,9176.4189453125,19265.982421875,3226.135498046875,5132.921875,5618.50048828125,9815.0,3494.438720703125,4653.93359375,4927.10693359375,10654.3271484375
2024-01-16,9152.8291015625,19290.37109375,3555.740478515625,5132.921875,5640.10986328125,11122.5,3503.1748046875,4632.87548828125,4905.208984375,10606.4423828125
2024-01-17,9200.0087890625,19192.8203125,3405.919921875,5088.86279296875,5640.10986328125,12247.5,3485.702392578125,4548.64111328125,4861.412109375,10654.3271484375
2024-01-18,9129.240234375,19339.14453125,4254.90283203125,5066.83251953125,5640.10986328125,13400.0,3450.75830078125,4527.58251953125,4861.412109375,10797.98046875
2024-01-19,9082.060546875,19339.14453125,4344.79541015625,5110.89208984375,5640.10986328125,14200.0,3442.02197265625,4506.52392578125,4817.61572265625,11061.345703125
2024-01-20,9082.060546875,19339.14453125,4344.79541015625,5110.89208984375,5640.10986328125,14200.0,3442.02197265625,4506.52392578125,4817.61572265625,11061.345703125
2024-01-21,9082.060546875,19339.14453125,4344.79541015625,5110.89208984375,5640.10986328125,14200.0,3442.02197265625,4506.52392578125,4817.61572265625,11061.345703125
2024-01-22,9082.060546875,19314.7578125,4784.2685546875,5088.86279296875,5618.50048828125,14200.0,3476.966552734375,4401.2314453125,4839.513671875,10917.6923828125
2024-01-23,9058.4697265625,19314.7578125,5493.41943359375,5022.7734375,5618.50048828125,13550.0,3450.75830078125,4316.99755859375,4751.9208984375,10893.7490234375
2024-01-24,8987.701171875,19217.208984375,5468.44921875,4978.71337890625,5532.06201171875,13450.0,3468.230224609375,4274.88037109375,4795.71728515625,10917.6923828125
2024-01-25,8964.111328125,19070.884765625,5518.38916015625,4868.5654296875,5424.01416015625,14770.0,3476.966552734375,4253.822265625,4730.0224609375,10917.6923828125
2024-01-26,8822.5732421875,19217.208984375,5393.5390625,4780.44677734375,5445.62353515625,14797.5,3476.966552734375,4274.88037109375,4751.9208984375,10965.576171875
2024-01-27,8822.5732421875,19217.208984375,5393.5390625,4780.44677734375,5445.62353515625,14797.5,3476.966552734375,4274.88037109375,4751.9208984375,10965.576171875
2024-01-28,8822.5732421875,19217.208984375,5393.5390625,4780.44677734375,5445.62353515625,14797.5,3476.966552734375,4274.88037109375,4751.9208984375,10965.576171875
2024-01-29,9011.291015625,19217.208984375,5493.41943359375,4912.62451171875,5596.89111328125,14750.0,3503.1748046875,4152.74072265625,4883.310546875,10917.6923828125
2024-01-30,9105.6494140625,19217.208984375,5443.4794921875,4956.68408203125,5748.158203125,14345.0,3494.438720703125,4295.93896484375,4949.0048828125,10750.0966796875
2024-01-31,9011.291015625,19217.208984375,5393.5390625,5022.7734375,5748.158203125,14422.5,3459.494140625,4316.99755859375,5036.59814453125,11276.8271484375
2024-02-01,9152.8291015625,19241.595703125,5443.4794921875,5066.83251953125,5661.7197265625,14400.0,3529.383056640625,4316.99755859375,5014.7001953125,11085.2890625
2024-02-02,9152.8291015625,19265.982421875,5468.44921875,5154.95166015625,5769.76806640625,14352.5,3485.702392578125,4485.4658203125,5058.49609375,11085.2890625
2024-02-03,9152.8291015625,19265.982421875,5468.44921875,5154.95166015625,5769.76806640625,14352.5,3485.702392578125,4485.4658203125,5058.49609375,11085.2890625
2024-02-04,9152.8291015625,19265.982421875,5468.44921875,5154.95166015625,5769.76806640625,14352.5,3485.702392578125,4485.4658203125,5058.49609375,11085.2890625
2024-02-05,9034.880859375,19217.208984375,5393.5390625,5088.86279296875,5899.42529296875,12500.0,3476.966552734375,4359.1142578125,5036.59814453125,10989.51953125
2024-02-06,9082.060546875,19192.8203125,5418.5087890625,5132.921875,5921.03515625,12000.0,3476.966552734375,4422.2900390625,5058.49609375,11037.4033203125
2024-02-07,9152.8291015625,19192.8203125,5193.7783203125,5154.95166015625,6007.4736328125,12000.0,3476.966552734375,4485.4658203125,5036.59814453125,10941.634765625
2024-02-08,9152.8291015625,19192.8203125,5193.7783203125,5154.95166015625,6007.4736328125,12000.0,3476.966552734375,4485.4658203125,5036.59814453125,10941.634765625
2024-02-09,9152.8291015625,19192.8203125,5193.7783203125,5154.95166015625,6007.4736328125,12000.0,3476.966552734375,4485.4658203125,5036.59814453125,10941.634765625
2024-02-10,9152.8291015625,19192.8203125,5193.7783203125,5154.95166015625,6007.4736328125,12000.0,3476.966552734375,4485.4658203125,5036.59814453125,10941.634765625
2024-02-11,9152.8291015625,19192.8203125,5193.7783203125,5154.95166015625,6007.4736328125,12000.0,3476.966552734375,4485.4658203125,5036.59814453125,10941.634765625
2024-02-12,9247.1884765625,19217.208984375,5093.89794921875,5309.15966796875,6137.13134765625,12050.0,3494.438720703125,4464.4072265625,5211.7841796875,11157.115234375
2024-02-13,9176.4189453125,19192.8203125,4095.093994140625,5287.1298828125,6072.302734375,12050.0,3476.966552734375,4380.1728515625,5146.08984375,10893.7490234375
2024-02-14,9176.4189453125,19192.8203125,4095.093994140625,5287.1298828125,6072.302734375,12050.0,3476.966552734375,4380.1728515625,5146.08984375,10893.7490234375
2024-02-15,9294.3681640625,19217.208984375,4045.154296875,5397.27880859375,6223.56982421875,12050.0,3520.64697265625,4316.99755859375,5255.5810546875,11157.115234375
2024-02-16,9388.7275390625,19046.498046875,4614.47216796875,5419.30810546875,6223.56982421875,12850.0,3634.216064453125,4380.1728515625,5255.5810546875,10965.576171875
2024-02-17,9388.7275390625,19046.498046875,4614.47216796875,5419.30810546875,6223.56982421875,12850.0,3634.216064453125,4380.1728515625,5255.5810546875,10965.576171875
2024-02-18,9388.7275390625,19046.498046875,4614.47216796875,5419.30810546875,6223.56982421875,12850.0,3634.216064453125,4380.1728515625,5255.5810546875,10965.576171875
2024-02-19,9317.9580078125,19119.658203125,4634.4482421875,5375.24853515625,6180.3505859375,12850.0,3634.216064453125,4316.99755859375,5146.08984375,11085.2890625
2024-02-20,9459.4970703125,18534.36328125,4614.47216796875,5551.486328125,6180.3505859375,11502.5,3677.896484375,4380.1728515625,5277.478515625,11061.345703125
2024-02-21,9412.3173828125,19119.658203125,4664.412109375,5551.486328125,6266.7890625,12025.0,3651.6884765625,4422.2900390625,5255.5810546875,10989.51953125
2024-02-22,9317.9580078125,19022.109375,4624.46044921875,5507.42724609375,6137.13134765625,12025.0,3573.0634765625,4443.3486328125,5211.7841796875,11109.23046875
2024-02-23,9270.779296875,19070.884765625,4484.6279296875,5397.27880859375,6093.912109375,12025.0,3581.799560546875,4316.99755859375,5167.9873046875,11061.345703125
2024-02-24,9270.779296875,19070.884765625,4484.6279296875,5397.27880859375,6093.912109375,12025.0,3581.799560546875,4316.99755859375,5167.9873046875,11061.345703125
2024-02-25,9270.779296875,19070.884765625,4484.6279296875,5397.27880859375,6093.912109375,12025.0,3581.799560546875,4316.99755859375,5167.9873046875,11061.345703125
2024-02-26,9247.1884765625,18900.173828125,4514.591796875,5441.337890625,6093.912109375,13000.0,3573.0634765625,4316.99755859375,5167.9873046875,11061.345703125
2024-02-27,9317.9580078125,18997.72265625,4444.67578125,5397.27880859375,6115.52197265625,12995.0,3485.702392578125,4359.1142578125,5255.5810546875,11109.23046875
2024-02-28,9435.90625,18997.72265625,4504.60400390625,5485.3974609375,6158.74072265625,12897.5,3485.702392578125,4401.2314453125,5233.6826171875,11109.23046875
2024-02-29,9317.9580078125,19022.109375,4574.52001953125,5397.27880859375,6050.69287109375,12897.5,3494.438720703125,4401.2314453125,5255.5810546875,11061.345703125
2024-03-01,9270.779296875,19022.109375,4664.412109375,5397.27880859375,6072.302734375,12897.5,3424.5498046875,4401.2314453125,5167.9873046875,11133.1728515625
2024-03-02,9270.779296875,19022.109375,4664.412109375,5397.27880859375,6072.302734375,12897.5,3424.5498046875,4401.2314453125,5167.9873046875,11133.1728515625
2024-03-03,9270.779296875,19022.109375,4664.412109375,5397.27880859375,6072.302734375,12897.5,3424.5498046875,4401.2314453125,5167.9873046875,11133.1728515625
2024-03-04,9200.0087890625,18973.3359375,4784.2685546875,5331.189453125,6072.302734375,12897.5,3442.02197265625,4380.1728515625,5146.08984375,10965.576171875
2024-03-05,9247.1884765625,18948.947265625,4734.32861328125,5397.27880859375,6072.302734375,12895.0,3380.869384765625,4295.93896484375,5167.9873046875,10893.7490234375
2024-03-06,9388.7275390625,18924.560546875,5218.74853515625,5463.36767578125,6115.52197265625,11997.5,3407.07763671875,4359.1142578125,5211.7841796875,10678.26953125
2024-03-07,9553.85546875,18851.3984375,5618.26953125,5485.3974609375,6137.13134765625,11997.5,3407.07763671875,4316.99755859375,5233.6826171875,10247.3076171875
2024-03-08,9577.4462890625,19022.109375,5568.32958984375,5595.5458984375,6158.74072265625,11997.5,3372.13330078125,4338.0556640625,5343.173828125,10319.134765625
2024-03-09,9577.4462890625,19022.109375,5568.32958984375,5595.5458984375,6158.74072265625,11997.5,3372.13330078125,4338.0556640625,5343.173828125,10319.134765625
2024-03-10,9577.4462890625,19022.109375,5568.32958984375,5595.5458984375,6158.74072265625,11997.5,3372.13330078125,4338.0556640625,5343.173828125,10319.134765625
2024-03-11,9577.4462890625,19022.109375,5568.32958984375,5595.5458984375,6158.74072265625,11997.5,3372.13330078125,4338.0556640625,5343.173828125,10319.134765625
2024-03-12,9577.4462890625,19022.109375,5568.32958984375,5595.5458984375,6158.74072265625,11997.5,3372.13330078125,4338.0556640625,5343.173828125,10319.134765625
2024-03-13,9435.90625,18997.72265625,6217.5517578125,5639.60546875,6288.39892578125,10500.0,3407.07763671875,4338.0556640625,5452.6650390625,10271.25
2024-03-14,9742.5732421875,19022.109375,5543.359375,5625.88330078125,6396.447265625,12125.0,3459.494140625,4443.3486328125,5386.97021484375,10438.845703125
2024-03-15,9577.4462890625,18924.560546875,5143.837890625,5465.79736328125,6396.447265625,12127.5,3468.230224609375,4359.1142578125,5323.1796875,10271.25
2024-03-16,9577.4462890625,18924.560546875,5143.837890625,5465.79736328125,6396.447265625,12127.5,3468.230224609375,4359.1142578125,5323.1796875,10271.25
2024-03-17,9577.4462890625,18924.560546875,5143.837890625,5465.79736328125,6396.447265625,12127.5,3468.230224609375,4359.1142578125,5323.1796875,10271.25
2024-03-18,9577.4462890625,18924.560546875,5268.6884765625,5488.66650390625,6201.9599609375,12127.5,3424.5498046875,4338.0556640625,5323.1796875,10390.9619140625
2024-03-19,9601.03515625,18924.560546875,5343.5986328125,5488.66650390625,6288.39892578125,12500.0,3442.02197265625,4401.2314453125,5369.06884765625,10534.615234375
2024-03-20,9553.85546875,18973.3359375,5693.18017578125,5580.14453125,6405.568359375,12500.0,3433.285888671875,4443.3486328125,5392.013671875,10750.0966796875
2024-03-21,9553.85546875,18973.3359375,5618.26953125,5580.14453125,6405.568359375,12500.0,3398.341552734375,4506.52392578125,5323.1796875,10486.73046875
2024-03-22,9530.265625,18997.72265625,5668.20947265625,5603.01416015625,6405.568359375,12500.0,3407.07763671875,4527.58251953125,5369.06884765625,10654.3271484375
2024-03-23,9530.265625,18997.72265625,5668.20947265625,5603.01416015625,6405.568359375,12500.0,3407.07763671875,4527.58251953125,5369.06884765625,10654.3271484375
2024-03-24,9530.265625,18997.72265625,5668.20947265625,5603.01416015625,6405.568359375,12500.0,3407.07763671875,4527.58251953125,5369.06884765625,10654.3271484375
2024-03-25,9725.74609375,18558.751953125,5942.880859375,5717.361328125,6587.28662109375,11250.0,3258.564208984375,4506.52392578125,5437.9033203125,10726.1533203125
2024-03-26,9701.6123046875,18778.236328125,6092.70166015625,5763.10009765625,6519.142578125,12300.0,3162.466796875,4464.4072265625,5460.84814453125,10390.9619140625
2024-03-27,9725.74609375,18485.58984375,5718.150390625,5717.361328125,6519.142578125,12300.0,3048.897705078125,4443.3486328125,5437.9033203125,10534.615234375
2024-03-28,9725.74609375,18534.36328125,5818.03076171875,5534.40576171875,6587.28662109375,12300.0,3031.425537109375,4338.0556640625,5414.95849609375,11109.23046875
2024-03-29,9725.74609375,18534.36328125,5818.03076171875,5534.40576171875,6587.28662109375,12300.0,3031.425537109375,4338.0556640625,5414.95849609375,11109.23046875
2024-03-30,9725.74609375,18534.36328125,5818.03076171875,5534.40576171875,6587.28662109375,12300.0,3031.425537109375,4338.0556640625,5414.95849609375,11109.23046875
2024-03-31,9725.74609375,18534.36328125,5818.03076171875,5534.40576171875,6587.28662109375,12300.0,3031.425537109375,4338.0556640625,5414.95849609375,11109.23046875
2024-04-01,9508.5458984375,18583.138671875,6092.70166015625,5420.05810546875,6269.27978515625,12300.0,3066.369873046875,4380.1728515625,5185.51123046875,10750.0966796875
2024-04-02,9556.8125,18631.91015625,6467.2529296875,5191.3642578125,6269.27978515625,12300.0,3048.897705078125,4443.3486328125,5024.89794921875,10726.1533203125
2024-04-03,9194.8125,18558.751953125,6766.8935546875,5145.625,6155.7060546875,12300.0,2987.7451171875,4422.2900390625,4887.2294921875,10534.615234375
2024-04-04,9508.5458984375,18583.138671875,6966.65478515625,5214.2333984375,6246.56494140625,11525.0,3013.953125,4359.1142578125,4910.17431640625,10558.5576171875
2024-04-05,9484.4130859375,18339.263671875,7091.5048828125,5168.494140625,6201.13525390625,12300.0,2996.481201171875,4443.3486328125,4864.28466796875,10390.9619140625
2024-04-06,9484.4130859375,18339.263671875,7091.5048828125,5168.494140625,6201.13525390625,12300.0,2996.481201171875,4443.3486328125,4864.28466796875,10390.9619140625
2024-04-07,9484.4130859375,18339.263671875,7091.5048828125,5168.494140625,6201.13525390625,12300.0,2996.481201171875,4443.3486328125,4864.28466796875,10390.9619140625
2024-04-08,9484.4130859375,18339.263671875,7091.5048828125,5168.494140625,6201.13525390625,12300.0,2996.481201171875,4443.3486328125,4864.28466796875,10390.9619140625
2024-04-09,9484.4130859375,18339.263671875,7091.5048828125,5168.494140625,6201.13525390625,12300.0,2996.481201171875,4443.3486328125,4864.28466796875,10390.9619140625
2024-04-10,9484.4130859375,18339.263671875,7091.5048828125,5168.494140625,6201.13525390625,12300.0,2996.481201171875,4443.3486328125,4864.28466796875,10390.9619140625
2024-04-11,9484.4130859375,18339.263671875,7091.5048828125,5168.494140625,6201.13525390625,12300.0,2996.481201171875,4443.3486328125,4864.28466796875,10390.9619140625
2024-04-12,9484.4130859375,18339.263671875,7091.5048828125,5168.494140625,6201.13525390625,12300.0,2996.481201171875,4443.3486328125,4864.28466796875,10390.9619140625
2024-04-13,9484.4130859375,18339.263671875,7091.5048828125,5168.494140625,6201.13525390625,12300.0,2996.481201171875,4443.3486328125,4864.28466796875,10390.9619140625
2024-04-14,9484.4130859375,18339.263671875,7091.5048828125,5168.494140625,6201.13525390625,12300.0,2996.481201171875,4443.3486328125,4864.28466796875,10390.9619140625
2024-04-15,9484.4130859375,18339.263671875,7091.5048828125,5168.494140625,6201.13525390625,12300.0,2996.481201171875,4443.3486328125,4864.28466796875,10390.9619140625
2024-04-16,9146.544921875,18607.525390625,7216.35546875,4894.06103515625,6019.4169921875,12300.0,2813.023193359375,4295.93896484375,4772.505859375,9672.69140625
2024-04-17,9194.8125,18509.9765625,6841.80419921875,4848.322265625,6019.4169921875,12300.0,2795.55078125,4316.99755859375,4818.3955078125,9720.5771484375
2024-04-18,9146.544921875,18607.525390625,6916.7138671875,5008.408203125,6178.42041015625,12300.0,2839.2314453125,4295.93896484375,4864.28466796875,9672.69140625
2024-04-19,9146.544921875,18631.91015625,6841.80419921875,4825.45263671875,6110.2763671875,12300.0,2751.870361328125,4127.47119140625,4795.45068359375,9313.5576171875
2024-04-20,9146.544921875,18631.91015625,6841.80419921875,4825.45263671875,6110.2763671875,12300.0,2751.870361328125,4127.47119140625,4795.45068359375,9313.5576171875
2024-04-21,9146.544921875,18631.91015625,6841.80419921875,4825.45263671875,6110.2763671875,12300.0,2751.870361328125,4127.47119140625,4795.45068359375,9313.5576171875
2024-04-22,9025.87890625,18461.19921875,6991.62451171875,4848.322265625,6110.2763671875,12300.0,2769.342529296875,4169.58740234375,4910.17431640625,9385.384765625
2024-04-23,9387.8798828125,18046.615234375,7291.265625,4848.322265625,6201.13525390625,12300.0,2708.18994140625,4232.76318359375,4818.3955078125,9505.095703125
2024-04-24,9605.0791015625,18583.138671875,7441.0859375,4779.7138671875,6405.568359375,12300.0,2655.7734375,4135.89404296875,4864.28466796875,9744.5185546875
2024-04-25,9436.1455078125,18558.751953125,7391.14599609375,4711.10595703125,6314.70947265625,12500.0,2655.7734375,4169.58740234375,4864.28466796875,10247.3076171875
2024-04-26,9291.345703125,18412.427734375,7316.2353515625,4418.376953125,6132.9912109375,12500.0,2647.037109375,4110.6240234375,4726.6162109375,10151.5380859375
2024-04-27,9291.345703125,18412.427734375,7316.2353515625,4418.376953125,6132.9912109375,12500.0,2647.037109375,4110.6240234375,4726.6162109375,10151.5380859375
2024-04-28,9291.345703125,18412.427734375,7316.2353515625,4418.376953125,6132.9912109375,12500.0,2647.037109375,4110.6240234375,4726.6162109375,10151.5380859375
2024-04-29,9460.279296875,18534.36328125,7491.0263671875,4363.490234375,6291.99462890625,12500.0,2690.7177734375,4232.76318359375,4795.45068359375,10223.365234375
2024-04-30,9460.279296875,18485.58984375,7565.93603515625,4519.00244140625,6269.27978515625,12500.0,2769.342529296875,4338.0556640625,4818.3955078125,10414.9033203125
2024-05-01,9460.279296875,18485.58984375,7565.93603515625,4519.00244140625,6269.27978515625,12500.0,2769.342529296875,4338.0556640625,4818.3955078125,10414.9033203125
2024-05-02,9218.9453125,18534.36328125,7815.63720703125,4354.34228515625,5746.83984375,12300.0,2725.662109375,4359.1142578125,4432.923828125,10031.8271484375
2024-05-03,9508.5458984375,18631.91015625,7740.72705078125,4345.1943359375,5587.83642578125,12275.0,2760.606689453125,4401.2314453125,4432.923828125,10390.9619140625
2024-05-04,9508.5458984375,18631.91015625,7740.72705078125,4345.1943359375,5587.83642578125,12275.0,2760.606689453125,4401.2314453125,4432.923828125,10390.9619140625
2024-05-05,9508.5458984375,18631.91015625,7740.72705078125,4345.1943359375,5587.83642578125,12275.0,2760.606689453125,4401.2314453125,4432.923828125,10390.9619140625
2024-05-06,9460.279296875,18558.751953125,7665.81689453125,4381.78564453125,5701.41015625,12500.0,2664.509521484375,4295.93896484375,4414.56787109375,10390.9619140625
2024-05-07,9363.74609375,18583.138671875,7690.78662109375,4272.01220703125,5701.41015625,12500.0,2699.453857421875,4253.822265625,4313.61083984375,10319.134765625
2024-05-08,9050.01171875,18436.814453125,7965.4580078125,4281.16015625,5701.41015625,12800.0,2690.7177734375,4316.99755859375,4286.0771484375,10319.134765625
2024-05-09,9050.01171875,18436.814453125,7965.4580078125,4281.16015625,5701.41015625,12800.0,2690.7177734375,4316.99755859375,4286.0771484375,10319.134765625
2024-05-10,9050.01171875,18436.814453125,7965.4580078125,4281.16015625,5701.41015625,12800.0,2690.7177734375,4316.99755859375,4286.0771484375,10319.134765625
2024-05-11,9050.01171875,18436.814453125,7965.4580078125,4281.16015625,5701.41015625,12800.0,2690.7177734375,4316.99755859375,4286.0771484375,10319.134765625
2024-05-12,9050.01171875,18436.814453125,7965.4580078125,4281.16015625,5701.41015625,12800.0,2690.7177734375,4316.99755859375,4286.0771484375,10319.134765625
2024-05-13,9194.8125,18534.36328125,8040.3681640625,4281.16015625,5633.26611328125,12800.0,2699.453857421875,4274.88037109375,4387.0341796875,9864.2314453125
2024-05-14,9218.9453125,18534.36328125,8414.919921875,4326.89892578125,5633.26611328125,12800.0,2725.662109375,4206.90869140625,4524.70263671875,9864.2314453125
2024-05-15,9170.6787109375,18412.427734375,9114.0810546875,4409.22900390625,5792.26953125,12800.0,2708.18994140625,4160.9814453125,4611.892578125,10151.5380859375
2024-05-16,9267.2119140625,18412.427734375,9139.052734375,4427.52490234375,5769.5546875,12800.0,2790.232177734375,4326.31884765625,4772.505859375,10127.5966796875
2024-05-17,9412.01171875,18485.58984375,9089.111328125,4500.70654296875,5973.98779296875,12800.0,2771.692626953125,4408.98681640625,4749.56103515625,10103.6533203125
2024-05-18,9412.01171875,18485.58984375,9089.111328125,4500.70654296875,5973.98779296875,12800.0,2771.692626953125,4408.98681640625,4749.56103515625,10103.6533203125
2024-05-19,9412.01171875,18485.58984375,9089.111328125,4500.70654296875,5973.98779296875,12800.0,2771.692626953125,4408.98681640625,4749.56103515625,10103.6533203125
2024-05-20,9146.544921875,18412.427734375,9064.1416015625,4409.22900390625,5746.83984375,13050.0,2771.692626953125,4353.87451171875,4570.59228515625,10055.76953125
2024-05-21,9050.01171875,18266.103515625,9069.71484375,4281.16015625,5474.26220703125,15660.0,2734.613037109375,4317.1328125,4377.8564453125,9960.0
2024-05-22,9098.279296875,18192.94140625,9069.71484375,4317.7509765625,5496.97705078125,17800.0,2725.34326171875,4326.31884765625,4368.67822265625,10031.8271484375
2024-05-23,9098.279296875,18192.94140625,9069.71484375,4317.7509765625,5496.97705078125,17800.0,2725.34326171875,4326.31884765625,4368.67822265625,10031.8271484375
2024-05-24,9098.279296875,18192.94140625,9069.71484375,4317.7509765625,5496.97705078125,17800.0,2725.34326171875,4326.31884765625,4368.67822265625,10031.8271484375
2024-05-25,9098.279296875,18192.94140625,9069.71484375,4317.7509765625,5496.97705078125,17800.0,2725.34326171875,4326.31884765625,4368.67822265625,10031.8271484375
2024-05-26,9098.279296875,18192.94140625,9069.71484375,4317.7509765625,5496.97705078125,17800.0,2725.34326171875,4326.31884765625,4368.67822265625,10031.8271484375
2024-05-27,8977.6123046875,18168.552734375,8844.845703125,4162.2392578125,5292.5439453125,17800.0,2604.834716796875,4179.35205078125,4286.0771484375,9983.9423828125
2024-05-28,8977.6123046875,18144.166015625,9069.71484375,4143.943359375,5406.1181640625,19770.0,2651.18408203125,4142.61083984375,4322.7890625,10151.5380859375
2024-05-29,8832.8125,17900.29296875,9144.6708984375,4034.170166015625,5269.82958984375,21200.0,2604.834716796875,4096.68408203125,4157.5869140625,9983.9423828125
2024-05-30,8688.01171875,17753.96875,9144.6708984375,4006.726806640625,5337.9736328125,21200.0,2604.834716796875,3968.088134765625,4120.875,9720.5771484375
2024-05-31,8929.345703125,17534.484375,9169.65625,3970.1357421875,5360.6884765625,21200.0,2688.263671875,3940.5322265625,4038.274169921875,9337.5
2024-06-01,8929.345703125,17534.484375,9169.65625,3970.1357421875,5360.6884765625,21200.0,2688.263671875,3940.5322265625,4038.274169921875,9337.5
2024-06-02,8929.345703125,17534.484375,9169.65625,3970.1357421875,5360.6884765625,21200.0,2688.263671875,3940.5322265625,4038.274169921875,9337.5
2024-06-03,8953.478515625,17558.869140625,9194.6416015625,4143.943359375,5542.40673828125,21100.0,2716.0732421875,4133.42529296875,4240.18798828125,9768.4609375
2024-06-04,9025.87890625,17412.546875,9594.4091796875,4070.76123046875,5587.83642578125,19505.0,2780.96240234375,4206.90869140625,4258.54345703125,9888.1728515625
2024-06-05,9122.4130859375,17436.935546875,8644.9619140625,4025.022216796875,5451.5478515625,19350.0,2836.58154296875,4225.279296875,4231.009765625,10007.8837890625
2024-06-06,9146.544921875,17363.7734375,8694.93359375,4116.5,5610.55126953125,19700.0,2827.311767578125,4188.53759765625,4377.8564453125,10151.5380859375
2024-06-07,9001.7451171875,17363.7734375,8495.0498046875,3979.28369140625,5701.41015625,19600.0,2827.311767578125,4188.53759765625,4313.61083984375,10127.5966796875
2024-06-08,9001.7451171875,17363.7734375,8495.0498046875,3979.28369140625,5701.41015625,19600.0,2827.311767578125,4188.53759765625,4313.61083984375,10127.5966796875
2024-06-09,9001.7451171875,17363.7734375,8495.0498046875,3979.28369140625,5701.41015625,19600.0,2827.311767578125,4188.53759765625,4313.61083984375,10127.5966796875
2024-06-10,9194.8125,17339.3828125,8669.947265625,4025.022216796875,5701.41015625,19200.0,2790.232177734375,4142.61083984375,4231.009765625,10055.76953125
2024-06-11,8977.6123046875,17266.22265625,8545.0205078125,3970.1357421875,5565.12158203125,20050.0,2669.723876953125,3995.64453125,4111.697265625,10103.6533203125
2024-06-12,8929.345703125,17046.736328125,8769.8896484375,3979.28369140625,5383.4033203125,20500.0,2706.803466796875,4004.82958984375,4065.807861328125,10127.5966796875
2024-06-13,8881.078125,16876.025390625,8644.9619140625,3942.6923828125,5337.9736328125,22000.0,2632.64453125,4096.68408203125,4111.697265625,10223.365234375
2024-06-14,8881.078125,16851.63671875,8570.005859375,3823.771240234375,5224.39990234375,21005.0,2521.406005859375,4059.9423828125,3955.673095703125,10055.76953125
2024-06-15,8881.078125,16851.63671875,8570.005859375,3823.771240234375,5224.39990234375,21005.0,2521.406005859375,4059.9423828125,3955.673095703125,10055.76953125
2024-06-16,8881.078125,16851.63671875,8570.005859375,3823.771240234375,5224.39990234375,21005.0,2521.406005859375,4059.9423828125,3955.673095703125,10055.76953125
2024-06-17,8881.078125,16851.63671875,8570.005859375,3823.771240234375,5224.39990234375,21005.0,2521.406005859375,4059.9423828125,3955.673095703125,10055.76953125
2024-06-18,8881.078125,16851.63671875,8570.005859375,3823.771240234375,5224.39990234375,21005.0,2521.406005859375,4059.9423828125,3955.673095703125,10055.76953125
2024-06-19,8736.2783203125,16973.57421875,8669.947265625,3750.5888671875,5224.39990234375,24000.0,2623.37451171875,4087.498291015625,3946.4951171875,9768.4609375
2024-06-20,9098.279296875,17363.7734375,8594.9912109375,3906.101318359375,5406.1181640625,24000.0,2632.64453125,4087.498291015625,4038.274169921875,9744.5185546875
2024-06-21,9267.2119140625,14803.1025390625,8619.9765625,4061.613525390625,5565.12158203125,24000.0,2734.613037109375,4124.23974609375,4166.7646484375,9864.2314453125
2024-06-22,9267.2119140625,14803.1025390625,8619.9765625,4061.613525390625,5565.12158203125,24000.0,2734.613037109375,4124.23974609375,4166.7646484375,9864.2314453125
2024-06-23,9267.2119140625,14803.1025390625,8619.9765625,4061.613525390625,5565.12158203125,24000.0,2734.613037109375,4124.23974609375,4166.7646484375,9864.2314453125
2024-06-24,9267.2119140625,14803.1025390625,8819.8603515625,4025.022216796875,5451.5478515625,23900.0,2734.613037109375,4069.127685546875,4166.7646484375,9864.2314453125
2024-06-25,9267.2119140625,14803.1025390625,8919.8017578125,4006.726806640625,5383.4033203125,23900.0,2771.692626953125,4041.57177734375,4111.697265625,9696.634765625
2024-06-26,9170.6787109375,14827.4912109375,9069.71484375,3997.578857421875,5315.2587890625,24117.5,2780.96240234375,4059.9423828125,4056.6298828125,9936.0576171875
2024-06-27,9412.01171875,14973.814453125,9044.7294921875,4079.90869140625,5451.5478515625,24300.0,2808.77197265625,4069.127685546875,4203.47607421875,10055.76953125
2024-06-28,9580.9462890625,15388.3994140625,9219.626953125,4207.9775390625,5587.83642578125,25000.0,2901.470703125,4096.68408203125,4276.8994140625,9864.2314453125
2024-06-29,9580.9462890625,15388.3994140625,9219.626953125,4207.9775390625,5587.83642578125,25000.0,2901.470703125,4096.68408203125,4276.8994140625,9864.2314453125
2024-06-30,9580.9462890625,15388.3994140625,9219.626953125,4207.9775390625,5587.83642578125,25000.0,2901.470703125,4096.68408203125,4276.8994140625,9864.2314453125
2024-07-01,9532.6796875,15900.533203125,9094.7001953125,4235.42138671875,5678.6953125,27000.0,2864.391357421875,4243.64990234375,4322.7890625,9864.2314453125
2024-07-02,9556.8125,17119.900390625,8994.7587890625,4180.5341796875,5633.26611328125,26900.0,2818.0419921875,4160.9814453125,4322.7890625,9816.345703125
2024-07-03,9653.3466796875,18778.236328125,9194.6416015625,4207.9775390625,5655.98046875,26870.0,2808.77197265625,4197.72265625,4267.7216796875,9840.2880859375
2024-07-04,9484.4130859375,18509.9765625,9194.6416015625,4381.78564453125,5678.6953125,26870.0,2743.8828125,4179.35205078125,4322.7890625,9792.404296875
2024-07-05,9605.0791015625,18388.0390625,9194.6416015625,4390.93359375,5837.69873046875,27002.5,2799.502197265625,4206.90869140625,4313.61083984375,9840.2880859375
2024-07-06,9605.0791015625,18388.0390625,9194.6416015625,4390.93359375,5837.69873046875,27002.5,2799.502197265625,4206.90869140625,4313.61083984375,9840.2880859375
2024-07-07,9605.0791015625,18388.0390625,9194.6416015625,4390.93359375,5837.69873046875,27002.5,2799.502197265625,4206.90869140625,4313.61083984375,9840.2880859375
2024-07-08,9701.6123046875,18335.328125,9319.5693359375,4345.1943359375,5655.98046875,27500.0,2855.121337890625,4262.02099609375,4286.0771484375,9960.0
2024-07-09,9725.74609375,18310.75,9194.6416015625,4454.9677734375,5792.26953125,28000.0,2855.121337890625,4188.53759765625,4460.45751953125,10082.05859375
2024-07-10,9749.8798828125,18138.705078125,9494.466796875,4436.67236328125,5792.26953125,27750.0,2929.280517578125,4170.1669921875,4423.74560546875,10057.6474609375
2024-07-11,9725.74609375,18335.328125,9594.4091796875,4427.52490234375,5814.984375,28000.0,2947.820068359375,4142.61083984375,4469.63525390625,10057.6474609375
2024-07-12,9725.74609375,18040.390625,9494.466796875,4482.4111328125,5837.69873046875,28300.0,2984.899658203125,4170.1669921875,4611.892578125,10130.8828125
2024-07-13,9725.74609375,18040.390625,9494.466796875,4482.4111328125,5837.69873046875,28300.0,2984.899658203125,4170.1669921875,4611.892578125,10130.8828125
2024-07-14,9725.74609375,18040.390625,9494.466796875,4482.4111328125,5837.69873046875,28300.0,2984.899658203125,4170.1669921875,4611.892578125,10130.8828125
2024-07-15,9701.6123046875,17671.71875,9694.3505859375,4409.22900390625,5769.5546875,29000.0,2929.280517578125,4105.869140625,4611.892578125,10326.1767578125
2024-07-16,9605.0791015625,17647.138671875,9819.2783203125,4326.89892578125,5769.5546875,29000.0,2873.6611328125,4023.200439453125,4570.59228515625,10228.529296875
2024-07-17,9460.279296875,17892.919921875,9719.3359375,4354.34228515625,5860.41357421875,29000.0,3012.709228515625,4096.68408203125,4588.94775390625,10497.05859375
2024-07-18,9749.8798828125,17622.5625,9669.365234375,4473.26318359375,5951.27294921875,29000.0,2975.6298828125,4170.1669921875,4657.7822265625,10497.05859375
2024-07-19,9774.013671875,17647.138671875,9469.4814453125,4482.4111328125,5928.55810546875,28500.0,2910.74072265625,4160.9814453125,4680.72705078125,10545.8828125
2024-07-20,9774.013671875,17647.138671875,9469.4814453125,4482.4111328125,5928.55810546875,28500.0,2910.74072265625,4160.9814453125,4680.72705078125,10545.8828125
2024-07-21,9774.013671875,17647.138671875,9469.4814453125,4482.4111328125,5928.55810546875,28500.0,2910.74072265625,4160.9814453125,4680.72705078125,10545.8828125
2024-07-22,9749.8798828125,17204.732421875,9344.5546875,4491.55908203125,6087.5615234375,28800.0,2873.6611328125,4151.79638671875,4680.72705078125,10643.529296875
2024-07-23,9822.279296875,17130.998046875,9444.49609375,4381.78564453125,6019.4169921875,29025.0,2929.280517578125,4087.498291015625,4634.83740234375,10472.6474609375
2024-07-24,9725.74609375,16983.529296875,9419.5107421875,4372.6376953125,5883.12841796875,29025.0,2836.58154296875,4160.9814453125,4680.72705078125,10545.8828125
2024-07-25,9942.9462890625,17204.732421875,9444.49609375,4299.4560546875,5973.98779296875,29000.0,2864.391357421875,4124.23974609375,4611.892578125,10594.7060546875
2024-07-26,9967.080078125,17008.10546875,9544.4384765625,4354.34228515625,5951.27294921875,29325.0,2873.6611328125,4234.46484375,4588.94775390625,10594.7060546875
2024-07-27,9967.080078125,17008.10546875,9544.4384765625,4354.34228515625,5951.27294921875,29325.0,2873.6611328125,4234.46484375,4588.94775390625,10594.7060546875
2024-07-28,9967.080078125,17008.10546875,9544.4384765625,4354.34228515625,5951.27294921875,29325.0,2873.6611328125,4234.46484375,4588.94775390625,10594.7060546875
2024-07-29,9894.6796875,16909.794921875,9519.453125,4372.6376953125,5883.12841796875,29800.0,2827.311767578125,4234.46484375,4611.892578125,10570.2939453125
2024-07-30,9822.279296875,16909.794921875,9594.4091796875,4272.01220703125,5883.12841796875,29575.0,2669.723876953125,4170.1669921875,4543.05859375,10643.529296875
2024-07-31,9918.8134765625,16762.32421875,9644.3798828125,4272.01220703125,5814.984375,29600.0,2669.723876953125,4335.50390625,4561.4140625,10667.94140625
2024-08-01,10015.3466796875,16737.74609375,9819.2783203125,4345.1943359375,6132.9912109375,29750.0,2669.723876953125,4353.87451171875,4657.7822265625,10741.1767578125
2024-08-02,9846.4130859375,16713.16796875,10094.1181640625,4308.603515625,6178.42041015625,31500.0,2641.914306640625,4307.94775390625,4680.72705078125,10912.05859375
2024-08-03,9846.4130859375,16713.16796875,10094.1181640625,4308.603515625,6178.42041015625,31500.0,2641.914306640625,4307.94775390625,4680.72705078125,10912.05859375
2024-08-04,9846.4130859375,16713.16796875,10094.1181640625,4308.603515625,6178.42041015625,31500.0,2641.914306640625,4307.94775390625,4680.72705078125,10912.05859375
2024-08-05,9532.6796875,16516.54296875,9394.525390625,4143.943359375,5973.98779296875,31200.0,2586.294921875,4188.53759765625,4552.236328125,10643.529296875
2024-08-06,9653.3466796875,16590.27734375,9669.365234375,4207.9775390625,6019.4169921875,31900.0,2586.294921875,4234.46484375,4611.892578125,10741.1767578125
2024-08-07,9749.8798828125,17130.998046875,10294.0009765625,4226.2734375,6155.7060546875,31925.0,2614.104736328125,4252.83544921875,4588.94775390625,10790.0
2024-08-08,9870.546875,17155.576171875,10318.986328125,4262.86474609375,6178.42041015625,31700.0,2641.914306640625,4353.87451171875,4611.892578125,10716.7646484375
2024-08-09,9798.146484375,17155.576171875,10468.8994140625,4272.01220703125,6223.85009765625,31700.0,2623.37451171875,4372.2451171875,4703.67138671875,10936.470703125
2024-08-10,9798.146484375,17155.576171875,10468.8994140625,4272.01220703125,6223.85009765625,31700.0,2623.37451171875,4372.2451171875,4703.67138671875,10936.470703125
2024-08-11,9798.146484375,17155.576171875,10468.8994140625,4272.01220703125,6223.85009765625,31700.0,2623.37451171875,4372.2451171875,4703.67138671875,10936.470703125
2024-08-12,9846.4130859375,16909.794921875,10468.8994140625,4281.16015625,6269.27978515625,37500.0,2660.4541015625,4372.2451171875,4703.67138671875,10741.1767578125
2024-08-13,9942.9462890625,17106.419921875,10493.884765625,4317.7509765625,6360.138671875,41875.0,2641.914306640625,4372.2451171875,4749.56103515625,10912.05859375
2024-08-14,9846.4130859375,17081.841796875,10618.8125,4409.22900390625,6428.283203125,41275.0,2651.18408203125,4491.6552734375,4841.33984375,11082.94140625
2024-08-15,9870.546875,17130.998046875,10468.8994140625,4418.376953125,6382.853515625,40450.0,2660.4541015625,4491.6552734375,4818.3955078125,11009.7060546875
2024-08-16,9967.080078125,16737.74609375,10094.1181640625,4418.376953125,6428.283203125,40350.0,2743.8828125,4565.138671875,4864.28466796875,11107.3525390625
2024-08-17,9967.080078125,16737.74609375,10094.1181640625,4418.376953125,6428.283203125,40350.0,2743.8828125,4565.138671875,4864.28466796875,11107.3525390625
2024-08-18,9967.080078125,16737.74609375,10094.1181640625,4418.376953125,6428.283203125,40350.0,2743.8828125,4565.138671875,4864.28466796875,11107.3525390625
2024-08-19,10015.3466796875,16786.904296875,9844.263671875,4409.22900390625,6496.427734375,40350.0,2716.0732421875,4615.658203125,4910.17431640625,11131.7646484375
2024-08-20,10063.6142578125,16713.16796875,9594.4091796875,4528.14990234375,6541.85693359375,40350.0,2762.422607421875,4707.51220703125,5024.89794921875,11156.1767578125
2024-08-21,10063.6142578125,16688.58984375,9444.49609375,4665.36669921875,6587.28662109375,41100.0,2753.15283203125,4661.58544921875,5001.953125,11180.587890625
2024-08-22,9967.080078125,16713.16796875,9469.4814453125,4619.6279296875,6405.568359375,41100.0,2706.803466796875,4592.69482421875,4841.33984375,11082.94140625
2024-08-23,9967.080078125,16590.27734375,9319.5693359375,4711.10595703125,6405.568359375,40750.0,2734.613037109375,4684.548828125,5001.953125,11205.0
2024-08-24,9967.080078125,16590.27734375,9319.5693359375,4711.10595703125,6405.568359375,40750.0,2734.613037109375,4684.548828125,5001.953125,11205.0
2024-08-25,9967.080078125,16590.27734375,9319.5693359375,4711.10595703125,6405.568359375,40750.0,2734.613037109375,4684.548828125,5001.953125,11205.0
2024-08-26,9967.080078125,16491.96484375,9294.583984375,4848.322265625,6405.568359375,41500.0,2762.422607421875,4730.4755859375,5070.78759765625,11131.7646484375
2024-08-27,9846.4130859375,16369.07421875,9344.5546875,4733.97509765625,6382.853515625,41750.0,2771.692626953125,4730.4755859375,4956.06396484375,11156.1767578125
2024-08-28,9991.212890625,16934.37109375,9444.49609375,4711.10595703125,6564.57177734375,41450.0,2762.422607421875,4615.658203125,4933.119140625,11131.7646484375
2024-08-29,9870.546875,16590.27734375,9394.525390625,4688.23583984375,6450.998046875,41675.0,2808.77197265625,4661.58544921875,4864.28466796875,11131.7646484375
2024-08-30,9967.080078125,16418.23046875,9969.1904296875,4711.10595703125,6473.712890625,41625.0,2836.58154296875,4684.548828125,4910.17431640625,11205.0
2024-08-31,9967.080078125,16418.23046875,9969.1904296875,4711.10595703125,6473.712890625,41625.0,2836.58154296875,4684.548828125,4910.17431640625,11205.0
2024-09-01,9967.080078125,16418.23046875,9969.1904296875,4711.10595703125,6473.712890625,41625.0,2836.58154296875,4684.548828125,4910.17431640625,11205.0
2024-09-02,9918.8134765625,16516.54296875,9594.4091796875,4733.97509765625,6541.85693359375,41350.0,2910.74072265625,4776.40234375,4910.17431640625,11229.412109375
2024-09-03,9822.279296875,16369.07421875,9444.49609375,4733.97509765625,6428.283203125,41375.0,2855.121337890625,4707.51220703125,4933.119140625,11107.3525390625
2024-09-04,9942.9462890625,16491.96484375,9519.453125,4665.36669921875,6519.142578125,40950.0,2855.121337890625,4638.6220703125,4910.17431640625,11131.7646484375
2024-09-05,9894.6796875,16491.96484375,9444.49609375,4711.10595703125,6519.142578125,41200.0,2799.502197265625,4661.58544921875,5001.953125,11375.8828125
2024-09-06,9942.9462890625,16467.38671875,9419.5107421875,4779.7138671875,6587.28662109375,41225.0,2818.0419921875,4638.6220703125,5185.51123046875,11180.587890625
2024-09-07,9942.9462890625,16467.38671875,9419.5107421875,4779.7138671875,6587.28662109375,41225.0,2818.0419921875,4638.6220703125,5185.51123046875,11180.587890625
2024-09-08,9942.9462890625,16467.38671875,9419.5107421875,4779.7138671875,6587.28662109375,41225.0,2818.0419921875,4638.6220703125,5185.51123046875,11180.587890625
2024-09-09,9918.8134765625,16270.7607421875,9394.525390625,4733.97509765625,6587.28662109375,41250.0,2808.77197265625,4615.658203125,5254.34521484375,11327.05859375
2024-09-10,9991.212890625,16319.91796875,9269.5986328125,4802.58349609375,6587.28662109375,41525.0,2808.77197265625,4615.658203125,5231.400390625,11302.6474609375
2024-09-11,10063.6142578125,16221.6044921875,8944.787109375,4733.97509765625,6700.86083984375,41500.0,2818.0419921875,4615.658203125,5185.51123046875,11302.6474609375
2024-09-12,10111.8798828125,16295.337890625,9019.744140625,4733.97509765625,6632.71630859375,41375.0,2827.311767578125,4615.658203125,5139.62158203125,11205.0
2024-09-13,10063.6142578125,16221.6044921875,8994.7587890625,4848.322265625,6610.00146484375,41350.0,2882.930908203125,4661.58544921875,5162.56640625,11058.529296875
2024-09-14,10063.6142578125,16221.6044921875,8994.7587890625,4848.322265625,6610.00146484375,41350.0,2882.930908203125,4661.58544921875,5162.56640625,11058.529296875
2024-09-15,10063.6142578125,16221.6044921875,8994.7587890625,4848.322265625,6610.00146484375,41350.0,2882.930908203125,4661.58544921875,5162.56640625,11058.529296875
2024-09-16,10063.6142578125,16221.6044921875,8994.7587890625,4848.322265625,6610.00146484375,41350.0,2882.930908203125,4661.58544921875,5162.56640625,11058.529296875
2024-09-17,10136.013671875,16246.18359375,8919.8017578125,4848.322265625,6746.2900390625,41125.0,2864.391357421875,4661.58544921875,5185.51123046875,11131.7646484375
2024-09-18,10256.6806640625,16246.18359375,8844.845703125,4894.06103515625,6723.5751953125,40500.0,2892.200927734375,4822.32958984375,5231.400390625,11229.412109375
2024-09-19,10522.1474609375,16246.18359375,8994.7587890625,4939.7998046875,6723.5751953125,40050.0,2910.74072265625,4845.29296875,5346.12451171875,11424.7060546875
2024-09-20,10401.48046875,16270.7607421875,8045.3115234375,4916.9306640625,6632.71630859375,41225.0,2920.010498046875,4799.3662109375,5277.2900390625,11717.6474609375
2024-09-21,10401.48046875,16270.7607421875,8045.3115234375,4916.9306640625,6632.71630859375,41225.0,2920.010498046875,4799.3662109375,5277.2900390625,11717.6474609375
2024-09-22,10401.48046875,16270.7607421875,8045.3115234375,4916.9306640625,6632.71630859375,41225.0,2920.010498046875,4799.3662109375,5277.2900390625,11717.6474609375
2024-09-23,10570.4140625,16197.02734375,8719.9189453125,5031.27783203125,6769.0048828125,41500.0,2938.55029296875,4799.3662109375,5323.1796875,11912.94140625
2024-09-24,10425.6142578125,16197.02734375,8594.9912109375,5054.1474609375,6746.2900390625,41075.0,2929.280517578125,4845.29296875,5323.1796875,12132.6474609375
2024-09-25,10473.880859375,16319.91796875,8944.787109375,4871.19189453125,6541.85693359375,41050.0,2957.090087890625,4799.3662109375,5139.62158203125,12157.05859375
2024-09-26,10329.0810546875,16319.91796875,9144.6708984375,4619.6279296875,6519.142578125,41550.0,2938.55029296875,4822.32958984375,5139.62158203125,12474.412109375
2024-09-27,10280.8134765625,16934.37109375,8869.8310546875,4665.36669921875,6405.568359375,41525.0,2827.311767578125,4684.548828125,5001.953125,12352.3525390625
2024-09-28,10280.8134765625,16934.37109375,8869.8310546875,4665.36669921875,6405.568359375,41525.0,2827.311767578125,4684.548828125,5001.953125,12352.3525390625
2024-09-29,10280.8134765625,16934.37109375,8869.8310546875,4665.36669921875,6405.568359375,41525.0,2827.311767578125,4684.548828125,5001.953125,12352.3525390625
2024-09-30,9967.080078125,16024.9794921875,8470.064453125,4528.14990234375,6291.99462890625,40300.0,2771.692626953125,4638.6220703125,4910.17431640625,12035.0
2024-10-01,10184.2802734375,16369.07421875,8869.8310546875,4642.49755859375,6405.568359375,40325.0,2799.502197265625,4753.43896484375,4933.119140625,12157.05859375
2024-10-02,10136.013671875,16639.43359375,8919.8017578125,4519.00244140625,6337.42431640625,40325.0,2706.803466796875,4730.4755859375,4910.17431640625,11912.94140625
2024-10-03,10087.74609375,16418.23046875,8819.8603515625,4500.70654296875,6405.568359375,40800.0,2678.993896484375,4822.32958984375,4933.119140625,11717.6474609375
2024-10-04,10111.8798828125,16221.6044921875,8644.9619140625,4445.8203125,6314.70947265625,41500.0,2669.723876953125,4730.4755859375,4887.2294921875,11839.7060546875
2024-10-05,10111.8798828125,16221.6044921875,8644.9619140625,4445.8203125,6314.70947265625,41500.0,2669.723876953125,4730.4755859375,4887.2294921875,11839.7060546875
2024-10-06,10111.8798828125,16221.6044921875,8644.9619140625,4445.8203125,6314.70947265625,41500.0,2669.723876953125,4730.4755859375,4887.2294921875,11839.7060546875
2024-10-07,9942.9462890625,16295.337890625,8944.787109375,4409.22900390625,6246.56494140625,40700.0,2688.263671875,4684.548828125,4772.505859375,11717.6474609375
2024-10-08,10039.48046875,16270.7607421875,8944.787109375,4573.88916015625,6428.283203125,41025.0,2771.692626953125,4799.3662109375,4910.17431640625,12010.587890625
2024-10-09,10063.6142578125,16172.4482421875,8869.8310546875,4509.8544921875,6314.70947265625,41325.0,2743.8828125,4661.58544921875,4887.2294921875,11790.8828125
2024-10-10,10136.013671875,16172.4482421875,8570.005859375,4445.8203125,6314.70947265625,41650.0,2734.613037109375,4707.51220703125,4887.2294921875,11766.470703125
2024-10-11,10015.3466796875,16418.23046875,8545.0205078125,4482.4111328125,6314.70947265625,41500.0,2725.34326171875,4661.58544921875,4933.119140625,11961.7646484375
2024-10-12,10015.3466796875,16418.23046875,8545.0205078125,4482.4111328125,6314.70947265625,41500.0,2725.34326171875,4661.58544921875,4933.119140625,11961.7646484375
2024-10-13,10015.3466796875,16418.23046875,8545.0205078125,4482.4111328125,6314.70947265625,41500.0,2725.34326171875,4661.58544921875,4933.119140625,11961.7646484375
2024-10-14,10136.013671875,16442.80859375,8594.9912109375,4482.4111328125,6291.99462890625,41450.0,2688.263671875,4617.56396484375,4979.00830078125,12059.412109375
2024-10-15,10256.6806640625,16565.69921875,8744.904296875,4500.70654296875,6405.568359375,41700.0,2725.34326171875,4617.56396484375,5047.8427734375,12279.1171875
2024-10-16,10111.8798828125,16639.43359375,8819.8603515625,4528.14990234375,6360.138671875,41875.0,2780.96240234375,4645.66259765625,5024.89794921875,12205.8828125
2024-10-17,10353.212890625,16836.060546875,8844.845703125,4555.59375,6564.57177734375,42825.0,2818.0419921875,4636.29638671875,5047.8427734375,12205.8828125
2024-10-18,10377.3466796875,16885.21484375,8894.81640625,4546.44580078125,6519.142578125,44250.0,2873.6611328125,4608.19775390625,5185.51123046875,12498.8232421875
2024-10-19,10377.3466796875,16885.21484375,8894.81640625,4546.44580078125,6519.142578125,44250.0,2873.6611328125,4608.19775390625,5185.51123046875,12498.8232421875
2024-10-20,10377.3466796875,16885.21484375,8894.81640625,4546.44580078125,6519.142578125,44250.0,2873.6611328125,4608.19775390625,5185.51123046875,12498.8232421875
2024-10-21,10304.947265625,16885.21484375,8869.8310546875,4564.7412109375,6541.85693359375,44825.0,2873.6611328125,4776.7900390625,5162.56640625,12205.8828125
2024-10-22,10136.013671875,16909.794921875,9069.71484375,4482.4111328125,6428.283203125,44850.0,2790.232177734375,4940.69970703125,5185.51123046875,12230.2939453125
2024-10-23,10280.8134765625,16836.060546875,9144.6708984375,4445.8203125,6428.283203125,43300.0,2725.34326171875,4964.115234375,5208.4560546875,12303.529296875
2024-10-24,10329.0810546875,16885.21484375,8994.7587890625,4409.22900390625,6337.42431640625,43000.0,2688.263671875,4940.69970703125,5162.56640625,12230.2939453125
2024-10-25,10377.3466796875,16811.48046875,9094.7001953125,4363.490234375,6405.568359375,45000.0,2697.533447265625,4893.86865234375,5185.51123046875,12352.3525390625
2024-10-26,10377.3466796875,16811.48046875,9094.7001953125,4363.490234375,6405.568359375,45000.0,2697.533447265625,4893.86865234375,5185.51123046875,12352.3525390625
2024-10-27,10377.3466796875,16811.48046875,9094.7001953125,4363.490234375,6405.568359375,45000.0,2697.533447265625,4893.86865234375,5185.51123046875,12352.3525390625
2024-10-28,10232.546875,16885.21484375,8994.7587890625,4354.34228515625,6201.13525390625,46500.0,2706.803466796875,4917.2841796875,5047.8427734375,12352.3525390625
2024-10-29,10136.013671875,16811.48046875,8919.8017578125,4299.4560546875,6201.13525390625,44400.0,2688.263671875,4800.2060546875,4864.28466796875,12279.1171875
2024-10-30,9991.212890625,16860.63671875,8819.8603515625,4308.603515625,6132.9912109375,44100.0,2688.263671875,4870.45263671875,4795.45068359375,12157.05859375
2024-10-31,9894.6796875,16909.794921875,8744.904296875,4390.93359375,6087.5615234375,44600.0,2614.104736328125,4776.7900390625,4818.3955078125,12035.0
2024-11-01,10063.6142578125,16934.37109375,8545.0205078125,4299.4560546875,6042.1318359375,44625.0,2577.025146484375,4753.37451171875,4772.505859375,11815.2939453125
2024-11-02,10063.6142578125,16934.37109375,8545.0205078125,4299.4560546875,6042.1318359375,44625.0,2577.025146484375,4753.37451171875,4772.505859375,11815.2939453125
2024-11-03,10063.6142578125,16934.37109375,8545.0205078125,4299.4560546875,6042.1318359375,44625.0,2577.025146484375,4753.37451171875,4772.505859375,11815.2939453125
2024-11-04,10015.3466796875,16909.794921875,8270.1806640625,4317.7509765625,6132.9912109375,44500.0,2595.56494140625,4800.2060546875,4864.28466796875,12035.0
2024-11-05,10136.013671875,16909.794921875,7695.515625,4308.603515625,6291.99462890625,44600.0,2567.75537109375,4847.037109375,4956.06396484375,12303.529296875
2024-11-06,10087.74609375,16909.794921875,7570.58837890625,4207.9775390625,5951.27294921875,44850.0,2539.945556640625,4729.958984375,4703.67138671875,11864.1171875
2024-11-07,9822.279296875,17376.779296875,6696.09814453125,4162.2392578125,5837.69873046875,43250.0,2558.4853515625,4683.1279296875,4611.892578125,11790.8828125
2024-11-08,9725.74609375,17425.9375,7270.76318359375,4134.7958984375,5746.83984375,41450.0,2549.215576171875,4645.66259765625,4570.59228515625,11815.2939453125
2024-11-09,9725.74609375,17425.9375,7270.76318359375,4134.7958984375,5746.83984375,41450.0,2549.215576171875,4645.66259765625,4570.59228515625,11815.2939453125
2024-11-10,9725.74609375,17425.9375,7270.76318359375,4134.7958984375,5746.83984375,41450.0,2549.215576171875,4645.66259765625,4570.59228515625,11815.2939453125
2024-11-11,9701.6123046875,17450.513671875,7045.89404296875,4079.90869140625,5769.5546875,37700.0,2493.59619140625,4655.02880859375,4579.77001953125,11668.8232421875
2024-11-12,9798.146484375,17499.669921875,7045.89404296875,4116.5,5792.26953125,38650.0,2410.16748046875,4655.02880859375,4524.70263671875,11571.1767578125
2024-11-13,9798.146484375,17597.982421875,6846.0107421875,4189.68212890625,5837.69873046875,39050.0,2391.627685546875,4706.54345703125,4552.236328125,11571.1767578125
2024-11-14,9749.8798828125,17622.5625,6821.02490234375,4116.5,5792.26953125,37850.0,2345.2783203125,4636.29638671875,4543.05859375,11180.587890625
2024-11-15,9822.279296875,17696.294921875,6621.1416015625,4089.056640625,5769.5546875,37425.0,2354.548095703125,4626.93017578125,4506.3466796875,11400.2939453125
2024-11-16,9822.279296875,17696.294921875,6621.1416015625,4089.056640625,5769.5546875,37425.0,2354.548095703125,4626.93017578125,4506.3466796875,11400.2939453125
2024-11-17,9822.279296875,17696.294921875,6621.1416015625,4089.056640625,5769.5546875,37425.0,2354.548095703125,4626.93017578125,4506.3466796875,11400.2939453125
2024-11-18,9653.3466796875,17696.294921875,6721.08349609375,3979.28369140625,5746.83984375,36650.0,2400.8974609375,4617.56396484375,4469.63525390625,11693.2353515625
2024-11-19,9580.9462890625,17696.294921875,6571.1708984375,3988.43115234375,5678.6953125,36050.0,2577.025146484375,4655.02880859375,4451.279296875,11620.0
2024-11-20,9725.74609375,17696.294921875,6471.22900390625,3960.98779296875,5655.98046875,37075.0,2484.326416015625,4683.1279296875,4451.279296875,11522.3525390625
2024-11-21,9555.970703125,18679.423828125,6446.24365234375,3887.805419921875,5587.83642578125,36775.0,2567.75537109375,4580.09912109375,4331.966796875,11522.3525390625
2024-11-22,9555.970703125,18654.84375,6346.3017578125,4025.022216796875,5678.6953125,37200.0,2549.215576171875,4598.83154296875,4442.1015625,11717.6474609375
2024-11-23,9555.970703125,18654.84375,6346.3017578125,4025.022216796875,5678.6953125,37200.0,2549.215576171875,4598.83154296875,4442.1015625,11717.6474609375
2024-11-24,9555.970703125,18654.84375,6346.3017578125,4025.022216796875,5678.6953125,37200.0,2549.215576171875,4598.83154296875,4442.1015625,11717.6474609375
2024-11-25,9871.2685546875,19367.611328125,7245.77783203125,4089.056640625,5973.98779296875,36650.0,2539.945556640625,4847.037109375,4579.77001953125,11668.8232421875
2024-11-26,9701.4931640625,19269.30078125,7170.8212890625,4025.022216796875,5814.984375,38325.0,2512.135986328125,4823.62158203125,4543.05859375,11693.2353515625
2024-11-27,9701.4931640625,19269.30078125,7170.8212890625,4025.022216796875,5814.984375,38325.0,2512.135986328125,4823.62158203125,4543.05859375,11693.2353515625
2024-11-28,9701.4931640625,19244.720703125,6995.92333984375,3960.98779296875,5860.41357421875,36700.0,2521.406005859375,4800.2060546875,4611.892578125,11620.0
2024-11-29,9701.4931640625,19244.720703125,6945.9521484375,3887.805419921875,5587.83642578125,36325.0,2512.135986328125,4776.7900390625,4570.59228515625,11620.0
2024-11-30,9701.4931640625,19244.720703125,6945.9521484375,3887.805419921875,5587.83642578125,36325.0,2512.135986328125,4776.7900390625,4570.59228515625,11620.0
2024-12-01,9701.4931640625,19244.720703125,6945.9521484375,3887.805419921875,5587.83642578125,36325.0,2512.135986328125,4776.7900390625,4570.59228515625,11620.0
2024-12-02,9458.955078125,19269.30078125,7045.89404296875,3814.623291015625,5451.5478515625,37400.0,2484.326416015625,4626.93017578125,4322.7890625,11571.1767578125
2024-12-03,9895.5224609375,19367.611328125,6970.93798828125,3878.657958984375,5701.41015625,39200.0,2614.104736328125,4800.2060546875,4387.0341796875,11644.412109375
2024-12-04,9895.5224609375,19465.92578125,7570.58837890625,3979.28369140625,5792.26953125,38000.0,2632.64453125,4893.86865234375,4543.05859375,11522.3525390625
2024-12-05,9944.0302734375,19465.92578125,8370.1220703125,3896.953369140625,5587.83642578125,37725.0,2567.75537109375,4870.45263671875,4423.74560546875,11620.0
2024-12-06,9774.25390625,19515.08203125,8669.947265625,3942.6923828125,5655.98046875,37500.0,2558.4853515625,4823.62158203125,4460.45751953125,11546.7646484375
2024-12-07,9774.25390625,19515.08203125,8669.947265625,3942.6923828125,5655.98046875,37500.0,2558.4853515625,4823.62158203125,4460.45751953125,11546.7646484375
2024-12-08,9774.25390625,19515.08203125,8669.947265625,3942.6923828125,5655.98046875,37500.0,2558.4853515625,4823.62158203125,4460.45751953125,11546.7646484375
2024-12-09,10041.044921875,19564.23828125,8245.1953125,4015.874267578125,5792.26953125,37525.0,2539.945556640625,4893.86865234375,4588.94775390625,11497.94140625
2024-12-10,10041.044921875,19662.55078125,7970.35546875,3988.43115234375,5724.125,37750.0,2567.75537109375,4893.86865234375,4680.72705078125,11449.1171875
2024-12-11,10113.806640625,20350.740234375,7945.3701171875,4006.726806640625,5724.125,39775.0,2651.18408203125,4917.2841796875,4657.7822265625,11449.1171875
2024-12-12,9871.2685546875,20350.740234375,7995.3408203125,3896.953369140625,5565.12158203125,40175.0,2614.104736328125,4776.7900390625,4478.81298828125,11327.05859375
2024-12-13,9750.0,19957.48828125,7770.4716796875,3814.623291015625,5474.26220703125,41200.0,2586.294921875,4800.2060546875,4341.14453125,11571.1767578125
2024-12-14,9750.0,19957.48828125,7770.4716796875,3814.623291015625,5474.26220703125,41200.0,2586.294921875,4800.2060546875,4341.14453125,11571.1767578125
2024-12-15,9750.0,19957.48828125,7770.4716796875,3814.623291015625,5474.26220703125,41200.0,2586.294921875,4800.2060546875,4341.14453125,11571.1767578125
2024-12-16,9798.5078125,20129.537109375,7745.486328125,3887.805419921875,5519.69189453125,38450.0,2465.78662109375,4800.2060546875,4258.54345703125,11522.3525390625
2024-12-17,9604.4775390625,20129.537109375,7670.5302734375,3796.327880859375,5406.1181640625,39175.0,2428.707275390625,4664.39501953125,4102.51953125,11253.8232421875
2024-12-18,9507.462890625,19802.693359375,7595.57373046875,3796.327880859375,5292.5439453125,38750.0,2382.35791015625,4683.1279296875,4065.807861328125,11058.529296875
2024-12-19,9386.1943359375,20099.734375,7320.73388671875,3741.441162109375,5156.25537109375,37400.0,2345.2783203125,4570.732421875,3955.673095703125,10936.470703125
2024-12-20,9361.9404296875,20173.994140625,7295.74853515625,3713.997802734375,5156.25537109375,36625.0,2363.818115234375,4561.3662109375,3909.78369140625,10985.2939453125
2024-12-21,9361.9404296875,20173.994140625,7295.74853515625,3713.997802734375,5156.25537109375,36625.0,2363.818115234375,4561.3662109375,3909.78369140625,10985.2939453125
2024-12-22,9361.9404296875,20173.994140625,7295.74853515625,3713.997802734375,5156.25537109375,36625.0,2363.818115234375,4561.3662109375,3909.78369140625,10985.2939453125
2024-12-23,9483.208984375,20124.486328125,7395.6904296875,3851.214599609375,5292.5439453125,35225.0,2456.516845703125,4636.29638671875,4019.91845703125,11156.1767578125
2024-12-24,9458.955078125,20149.240234375,7295.74853515625,3842.06689453125,5224.39990234375,38150.0,2539.945556640625,4570.732421875,4019.91845703125,11302.6474609375
2024-12-25,9458.955078125,20149.240234375,7295.74853515625,3842.06689453125,5224.39990234375,38150.0,2539.945556640625,4570.732421875,4019.91845703125,11302.6474609375
2024-12-26,9458.955078125,20149.240234375,7295.74853515625,3842.06689453125,5224.39990234375,38150.0,2539.945556640625,4570.732421875,4019.91845703125,11302.6474609375
2024-12-27,9507.462890625,20000.720703125,7295.74853515625,3875.147216796875,5269.82958984375,36900.0,2549.215576171875,4617.56396484375,4001.5625,11156.1767578125
2024-12-28,9507.462890625,20000.720703125,7295.74853515625,3875.147216796875,5269.82958984375,36900.0,2549.215576171875,4617.56396484375,4001.5625,11156.1767578125
2024-12-29,9507.462890625,20000.720703125,7295.74853515625,3875.147216796875,5269.82958984375,36900.0,2549.215576171875,4617.56396484375,4001.5625,11156.1767578125
2024-12-30,9386.1943359375,20050.2265625,7495.6318359375,3856.244140625,5178.97021484375,37000.0,2512.135986328125,4589.46533203125,3992.384765625,11107.3525390625
2024-12-31,9386.1943359375,20050.2265625,7495.6318359375,3856.244140625,5178.97021484375,37000.0,2512.135986328125,4589.46533203125,3992.384765625,11107.3525390625
2025-01-01,9386.1943359375,20050.2265625,7495.6318359375,3856.244140625,5178.97021484375,37000.0,2512.135986328125,4589.46533203125,3992.384765625,11107.3525390625
2025-01-02,9604.4775390625,20471.033203125,7495.6318359375,3979.11474609375,5315.2587890625,37300.0,2502.8662109375,4636.29638671875,4212.654296875,10960.8828125
2025-01-03,9555.970703125,20421.52734375,7170.8212890625,3922.4052734375,5269.82958984375,36775.0,2549.215576171875,4636.29638671875,4166.7646484375,11107.3525390625
2025-01-04,9555.970703125,20421.52734375,7170.8212890625,3922.4052734375,5269.82958984375,36775.0,2549.215576171875,4636.29638671875,4166.7646484375,11107.3525390625
2025-01-05,9555.970703125,20421.52734375,7170.8212890625,3922.4052734375,5269.82958984375,36775.0,2549.215576171875,4636.29638671875,4166.7646484375,11107.3525390625
2025-01-06,9386.1943359375,19852.19921875,6846.0107421875,3875.147216796875,5156.25537109375,36175.0,2493.59619140625,4552.0,4065.807861328125,10912.05859375
2025-01-07,9240.671875,19852.19921875,6846.0107421875,3808.986328125,5088.111328125,36175.0,2382.35791015625,4608.19775390625,4001.5625,10667.94140625
2025-01-08,9386.1943359375,19852.19921875,6671.1123046875,3856.244140625,5224.39990234375,35550.0,2456.516845703125,4505.1689453125,4010.740478515625,10838.8232421875
2025-01-09,9555.970703125,20050.2265625,6870.99609375,3808.986328125,5224.39990234375,35500.0,2428.707275390625,4617.56396484375,4019.91845703125,10765.587890625
2025-01-10,9434.7021484375,20396.7734375,6796.03955078125,3790.0830078125,5088.111328125,35325.0,2484.326416015625,4589.46533203125,3992.384765625,10814.412109375
2025-01-11,9434.7021484375,20396.7734375,6796.03955078125,3790.0830078125,5088.111328125,35325.0,2484.326416015625,4589.46533203125,3992.384765625,10814.412109375
2025-01-12,9434.7021484375,20396.7734375,6796.03955078125,3790.0830078125,5088.111328125,35325.0,2484.326416015625,4589.46533203125,3992.384765625,10814.412109375
2025-01-13,9386.1943359375,20421.52734375,6970.93798828125,3638.85791015625,5019.966796875,36100.0,2475.056640625,4448.97119140625,3863.89404296875,10838.8232421875
2025-01-14,9240.671875,20173.994140625,6746.06884765625,3591.599853515625,4906.39306640625,36100.0,2428.707275390625,4448.97119140625,3790.470947265625,10497.05859375
2025-01-15,9507.462890625,20297.759765625,6671.1123046875,3865.69580078125,5224.39990234375,36275.0,2437.97705078125,4626.93017578125,4047.4521484375,10521.470703125
2025-01-16,9458.955078125,20273.0078125,6746.06884765625,3931.856689453125,5337.9736328125,37075.0,2400.8974609375,4570.732421875,4130.05322265625,10667.94140625
2025-01-17,9604.4775390625,20297.759765625,6746.06884765625,3865.69580078125,5337.9736328125,40000.0,2465.78662109375,4626.93017578125,4102.51953125,10570.2939453125
2025-01-18,9604.4775390625,20297.759765625,6746.06884765625,3865.69580078125,5337.9736328125,40000.0,2465.78662109375,4626.93017578125,4102.51953125,10570.2939453125
2025-01-19,9604.4775390625,20297.759765625,6746.06884765625,3865.69580078125,5337.9736328125,40000.0,2465.78662109375,4626.93017578125,4102.51953125,10570.2939453125
2025-01-20,9337.6865234375,20198.74609375,6870.99609375,3988.566162109375,5451.5478515625,41300.0,2419.437255859375,4598.83154296875,4240.18798828125,10277.3525390625
2025-01-21,9289.1796875,20198.74609375,6746.06884765625,4026.37255859375,5496.97705078125,41800.0,2437.97705078125,4598.83154296875,4350.32275390625,10741.1767578125
2025-01-22,9313.4326171875,20173.994140625,6970.93798828125,4026.37255859375,5587.83642578125,42100.0,2530.67578125,4645.66259765625,4396.2119140625,11107.3525390625
2025-01-23,9313.4326171875,20198.74609375,7045.89404296875,4064.178955078125,5610.55126953125,41500.0,2512.135986328125,4589.46533203125,4267.7216796875,11009.7060546875
2025-01-24,9070.8955078125,20223.5,7020.90869140625,3960.21142578125,5565.12158203125,43150.0,2493.59619140625,4561.3662109375,4231.009765625,11156.1767578125
2025-01-25,9070.8955078125,20223.5,7020.90869140625,3960.21142578125,5565.12158203125,43150.0,2493.59619140625,4561.3662109375,4231.009765625,11156.1767578125
2025-01-26,9070.8955078125,20223.5,7020.90869140625,3960.21142578125,5565.12158203125,43150.0,2493.59619140625,4561.3662109375,4231.009765625,11156.1767578125
2025-01-27,9070.8955078125,20223.5,7020.90869140625,3960.21142578125,5565.12158203125,43150.0,2493.59619140625,4561.3662109375,4231.009765625,11156.1767578125
2025-01-28,9070.8955078125,20223.5,7020.90869140625,3960.21142578125,5565.12158203125,43150.0,2493.59619140625,4561.3662109375,4231.009765625,11156.1767578125
2025-01-29,9070.8955078125,20223.5,7020.90869140625,3960.21142578125,5565.12158203125,43150.0,2493.59619140625,4561.3662109375,4231.009765625,11156.1767578125
2025-01-30,8876.8662109375,20198.74609375,6995.92333984375,3894.050537109375,5542.40673828125,43600.0,2447.246826171875,4477.0703125,4258.54345703125,11302.6474609375
2025-01-31,9167.9111328125,20223.5,7095.86474609375,3988.566162109375,5474.26220703125,44950.0,2465.78662109375,4495.802734375,4377.8564453125,11229.412109375
2025-02-01,9167.9111328125,20223.5,7095.86474609375,3988.566162109375,5474.26220703125,44950.0,2465.78662109375,4495.802734375,4377.8564453125,11229.412109375
2025-02-02,9167.9111328125,20223.5,7095.86474609375,3988.566162109375,5474.26220703125,44950.0,2465.78662109375,4495.802734375,4377.8564453125,11229.412109375
2025-02-03,9070.8955078125,20099.734375,7495.6318359375,4016.9208984375,5269.82958984375,49725.0,2437.97705078125,4458.33740234375,4387.0341796875,10960.8828125
2025-02-04,8901.1201171875,20149.240234375,8545.0205078125,4026.37255859375,5156.25537109375,49500.0,2447.246826171875,4495.802734375,4313.61083984375,10838.8232421875
2025-02-05,8852.6123046875,20173.994140625,8619.9765625,3912.95361328125,5019.966796875,48100.0,2428.707275390625,4439.60498046875,4130.05322265625,10643.529296875
2025-02-06,8682.8359375,20173.994140625,8095.28271484375,3752.27685546875,4633.8154296875,48025.0,2373.087890625,4261.64599609375,3937.3173828125,10692.3525390625
2025-02-07,9070.8955078125,20198.74609375,6521.19970703125,3808.986328125,4679.2451171875,39450.0,2400.8974609375,4355.30859375,3918.96142578125,11107.3525390625
2025-02-08,9070.8955078125,20198.74609375,6521.19970703125,3808.986328125,4679.2451171875,39450.0,2400.8974609375,4355.30859375,3918.96142578125,11107.3525390625
2025-02-09,9070.8955078125,20198.74609375,6521.19970703125,3808.986328125,4679.2451171875,39450.0,2400.8974609375,4355.30859375,3918.96142578125,11107.3525390625
2025-02-10,8876.8662109375,19901.70703125,6995.92333984375,3752.27685546875,4542.95654296875,38750.0,2261.849365234375,4280.37890625,3808.82666015625,11009.7060546875
2025-02-11,8804.1044921875,19951.212890625,6646.126953125,3790.0830078125,4433.92529296875,38025.0,2150.61083984375,4317.84375,3735.403564453125,10960.8828125
2025-02-12,8876.8662109375,20000.720703125,7395.6904296875,3808.986328125,4488.44091796875,36850.0,2298.928955078125,4345.9423828125,3946.4951171875,10887.6474609375
2025-02-13,8731.34375,20000.720703125,7070.87939453125,3771.179931640625,4565.6708984375,37550.0,2243.3095703125,4364.6748046875,3900.605712890625,10960.8828125
2025-02-14,8707.08984375,20025.47265625,6970.93798828125,3648.309326171875,4656.5302734375,35500.0,2345.2783203125,4383.40771484375,4010.740478515625,11253.8232421875
2025-02-15,8707.08984375,20025.47265625,6970.93798828125,3648.309326171875,4656.5302734375,35500.0,2345.2783203125,4383.40771484375,4010.740478515625,11253.8232421875
2025-02-16,8707.08984375,20025.47265625,6970.93798828125,3648.309326171875,4656.5302734375,35500.0,2345.2783203125,4383.40771484375,4010.740478515625,11253.8232421875
2025-02-17,9046.6416015625,19876.953125,7520.61767578125,3808.986328125,4929.107421875,37000.0,2456.516845703125,4439.60498046875,4194.29833984375,11229.412109375
2025-02-18,9022.388671875,19827.447265625,7320.73388671875,3922.4052734375,4951.822265625,36275.0,2484.326416015625,4495.802734375,4359.50048828125,11253.8232421875
2025-02-19,8682.8359375,19901.70703125,7995.3408203125,3799.53466796875,4701.9599609375,36750.0,2475.056640625,4402.14013671875,4148.40869140625,11375.8828125
2025-02-20,8731.34375,19901.70703125,7795.45751953125,3695.5673828125,4679.2451171875,36525.0,2475.056640625,4420.87255859375,4093.341552734375,11278.2353515625
2025-02-21,8731.34375,19802.693359375,8020.326171875,3676.6640625,4611.1005859375,37500.0,2456.516845703125,4448.97119140625,3946.4951171875,11229.412109375
2025-02-22,8731.34375,19802.693359375,8020.326171875,3676.6640625,4611.1005859375,37500.0,2456.516845703125,4448.97119140625,3946.4951171875,11229.412109375
2025-02-23,8731.34375,19802.693359375,8020.326171875,3676.6640625,4611.1005859375,37500.0,2456.516845703125,4448.97119140625,3946.4951171875,11229.412109375
2025-02-24,8658.58203125,19530.40625,8045.3115234375,3705.018798828125,4565.6708984375,36250.0,2410.16748046875,4402.14013671875,3854.71630859375,11595.587890625
2025-02-25,8561.5673828125,19307.625,7970.35546875,3591.599853515625,4424.83935546875,35350.0,2280.38916015625,4271.0126953125,3882.25,11058.529296875
2025-02-26,8513.0595703125,18911.572265625,7795.45751953125,3610.503173828125,4470.26904296875,35750.0,2336.00830078125,4289.7451171875,3992.384765625,10252.94140625
2025-02-27,8270.5224609375,18985.83203125,7545.60302734375,3430.923095703125,4234.03515625,32500.0,2308.19873046875,4299.111328125,3983.206787109375,10155.2939453125
2025-02-28,8173.5078125,19084.845703125,6696.09814453125,3175.73046875,4179.52001953125,30875.0,2178.420654296875,4242.91357421875,3698.69189453125,10204.1171875
2025-03-01,8173.5078125,19084.845703125,6696.09814453125,3175.73046875,4179.52001953125,30875.0,2178.420654296875,4242.91357421875,3698.69189453125,10204.1171875
2025-03-02,8173.5078125,19084.845703125,6696.09814453125,3175.73046875,4179.52001953125,30875.0,2178.420654296875,4242.91357421875,3698.69189453125,10204.1171875
2025-03-03,8537.3134765625,19505.65234375,7445.6611328125,3468.7294921875,4452.09716796875,32375.0,2224.77001953125,4383.40771484375,3909.78369140625,10326.1767578125
2025-03-04,8585.8212890625,19456.146484375,6846.0107421875,3468.7294921875,4397.58154296875,30675.0,2206.230224609375,4392.77392578125,3873.072021484375,10326.1767578125
2025-03-05,8731.34375,19555.16015625,7070.87939453125,3629.40625,4415.75341796875,31375.0,2271.119384765625,4589.46533203125,4093.341552734375,10155.2939453125
2025-03-06,8707.08984375,19530.40625,7095.86474609375,3733.37353515625,4424.83935546875,31725.0,2224.77001953125,4589.46533203125,4212.654296875,10106.470703125
2025-03-07,8658.58203125,19555.16015625,7295.74853515625,3601.051513671875,4397.58154296875,30900.0,2234.039794921875,4617.56396484375,4166.7646484375,10301.7646484375
2025-03-08,8658.58203125,19555.16015625,7295.74853515625,3601.051513671875,4397.58154296875,30900.0,2234.039794921875,4617.56396484375,4166.7646484375,10301.7646484375
2025-03-09,8658.58203125,19555.16015625,7295.74853515625,3601.051513671875,4397.58154296875,30900.0,2234.039794921875,4617.56396484375,4166.7646484375,10301.7646484375
2025-03-10,8658.58203125,19604.666015625,7170.8212890625,3553.793701171875,4279.46484375,34950.0,2215.5,4467.70361328125,4084.16357421875,10350.587890625
2025-03-11,8658.58203125,19604.666015625,6870.99609375,3582.1484375,4306.72265625,34275.0,2196.960205078125,4495.802734375,4084.16357421875,10179.7060546875
2025-03-12,8852.6123046875,19530.40625,6945.9521484375,3676.6640625,4433.92529296875,38200.0,2271.119384765625,4505.1689453125,4157.5869140625,10667.94140625
2025-03-13,8707.08984375,19876.953125,6995.92333984375,3591.599853515625,4306.72265625,39600.0,2252.57958984375,4430.23876953125,4157.5869140625,10741.1767578125
2025-03-14,8488.806640625,20025.47265625,6746.06884765625,3544.342041015625,4306.72265625,40175.0,2243.3095703125,4327.2099609375,4065.807861328125,10497.05859375
2025-03-15,8488.806640625,20025.47265625,6746.06884765625,3544.342041015625,4306.72265625,40175.0,2243.3095703125,4327.2099609375,4065.807861328125,10497.05859375
2025-03-16,8488.806640625,20025.47265625,6746.06884765625,3544.342041015625,4306.72265625,40175.0,2243.3095703125,4327.2099609375,4065.807861328125,10497.05859375
2025-03-17,8343.2841796875,19926.458984375,6646.126953125,3619.95458984375,4252.20703125,42400.0,2243.3095703125,4327.2099609375,3974.02880859375,10692.3525390625
2025-03-18,8052.23876953125,19802.693359375,5421.84033203125,3478.180908203125,4115.91845703125,41275.0,2243.3095703125,4355.30859375,3845.538330078125,10570.2939453125
2025-03-19,8076.49267578125,19802.693359375,6121.4326171875,3506.53564453125,4252.20703125,42125.0,2252.57958984375,4392.77392578125,3827.1826171875,10472.6474609375
2025-03-20,8125.0,19777.939453125,7045.89404296875,3459.27783203125,4197.69189453125,42300.0,2215.5,4411.50634765625,3744.58154296875,10350.587890625
2025-03-21,7900.0,19802.693359375,7245.77783203125,3497.084228515625,4006.887451171875,42400.0,2141.341064453125,4533.267578125,3460.066650390625,10326.1767578125
2025-03-22,7900.0,19802.693359375,7245.77783203125,3497.084228515625,4006.887451171875,42400.0,2141.341064453125,4533.267578125,3460.066650390625,10326.1767578125
2025-03-23,7900.0,19802.693359375,7245.77783203125,3497.084228515625,4006.887451171875,42400.0,2141.341064453125,4533.267578125,3460.066650390625,10326.1767578125
2025-03-24,7950.0,19802.693359375,7070.87939453125,3412.02001953125,4052.317138671875,42400.0,2159.880859375,4392.77392578125,3414.17724609375,10179.7060546875
2025-03-25,8050.0,19802.693359375,6771.05419921875,3591.599853515625,4306.72265625,42300.0,2169.150634765625,4355.30859375,3579.37939453125,10130.8828125
2025-03-26,8525.0,19802.693359375,7120.8505859375,3780.631591796875,4679.2451171875,42600.0,2261.849365234375,4495.802734375,3900.605712890625,10301.7646484375
2025-03-27,8500.0,19827.447265625,7195.806640625,3827.889404296875,4724.6748046875,42600.0,2234.039794921875,4608.19775390625,3891.427734375,9935.587890625
2025-03-28,8500.0,19827.447265625,7195.806640625,3827.889404296875,4724.6748046875,42600.0,2234.039794921875,4608.19775390625,3891.427734375,9935.587890625
2025-03-29,8500.0,19827.447265625,7195.806640625,3827.889404296875,4724.6748046875,42600.0,2234.039794921875,4608.19775390625,3891.427734375,9935.587890625
2025-03-30,8500.0,19827.447265625,7195.806640625,3827.889404296875,4724.6748046875,42600.0,2234.039794921875,4608.19775390625,3891.427734375,9935.587890625
2025-03-31,8500.0,19827.447265625,7195.806640625,3827.889404296875,4724.6748046875,42600.0,2234.039794921875,4608.19775390625,3891.427734375,9935.587890625
2025-04-01,8500.0,19827.447265625,7195.806640625,3827.889404296875,4724.6748046875,42600.0,2234.039794921875,4608.19775390625,3891.427734375,9935.587890625
2025-04-02,8500.0,19827.447265625,7195.806640625,3827.889404296875,4724.6748046875,42600.0,2234.039794921875,4608.19775390625,3891.427734375,9935.587890625
2025-04-03,8500.0,19827.447265625,7195.806640625,3827.889404296875,4724.6748046875,42600.0,2234.039794921875,4608.19775390625,3891.427734375,9935.587890625
2025-04-04,8500.0,19827.447265625,7195.806640625,3827.889404296875,4724.6748046875,42600.0,2234.039794921875,4608.19775390625,3891.427734375,9935.587890625
2025-04-05,8500.0,19827.447265625,7195.806640625,3827.889404296875,4724.6748046875,42600.0,2234.039794921875,4608.19775390625,3891.427734375,9935.587890625
2025-04-06,8500.0,19827.447265625,7195.806640625,3827.889404296875,4724.6748046875,42600.0,2234.039794921875,4608.19775390625,3891.427734375,9935.587890625
2025-04-07,8500.0,19827.447265625,7195.806640625,3827.889404296875,4724.6748046875,42600.0,2234.039794921875,4608.19775390625,3891.427734375,9935.587890625
2025-04-08,7775.0,19678.92578125,7195.806640625,3440.374755859375,4243.12109375,40175.0,2122.80126953125,4196.08251953125,3698.69189453125,9471.7646484375
2025-04-09,7925.0,19802.693359375,6721.08349609375,3430.923095703125,4279.46484375,40225.0,2150.61083984375,4327.2099609375,3707.869873046875,9349.7060546875
2025-04-10,8225.0,19876.953125,6796.03955078125,3591.599853515625,4565.6708984375,41900.0,2178.420654296875,4411.50634765625,3909.78369140625,9764.7060546875
2025-04-11,8275.0,19802.693359375,6970.93798828125,3630.0,4633.8154296875,41950.0,2159.880859375,4411.50634765625,4029.09619140625,9691.470703125
2025-04-12,8275.0,19802.693359375,6970.93798828125,3630.0,4633.8154296875,41950.0,2159.880859375,4411.50634765625,4029.09619140625,9691.470703125
2025-04-13,8275.0,19802.693359375,6970.93798828125,3630.0,4633.8154296875,41950.0,2159.880859375,4411.50634765625,4029.09619140625,9691.470703125
2025-04-14,8400.0,16857.04296875,6995.92333984375,3690.0,4750.0,43200.0,2252.57958984375,4617.56396484375,4175.9423828125,10082.05859375
2025-04-15,8575.0,19802.693359375,7345.71923828125,3690.0,4710.0,42950.0,2271.119384765625,4561.3662109375,4280.0,10228.529296875
2025-04-16,8475.0,19802.693359375,7495.6318359375,3650.0,4630.0,42800.0,2298.928955078125,4477.0703125,4100.0,10008.8232421875
2025-04-17,8500.0,19802.693359375,7545.60302734375,3640.0,4600.0,43800.0,2363.818115234375,4448.97119140625,4040.0,10350.587890625
2025-04-18,8500.0,19802.693359375,7545.60302734375,3640.0,4600.0,43800.0,2363.818115234375,4448.97119140625,4040.0,10350.587890625
2025-04-19,8500.0,19802.693359375,7545.60302734375,3640.0,4600.0,43800.0,2363.818115234375,4448.97119140625,4040.0,10350.587890625
2025-04-20,8500.0,19802.693359375,7545.60302734375,3640.0,4600.0,43800.0,2363.818115234375,4448.97119140625,4040.0,10350.587890625
2025-04-21,8300.0,19480.8984375,7645.54443359375,3620.0,4610.0,41800.0,2382.35791015625,4486.4365234375,3990.0,10301.7646484375
2025-04-22,8500.0,19728.43359375,7745.486328125,3630.0,4720.0,42300.0,2363.818115234375,4439.60498046875,4010.0,10228.529296875
2025-04-23,8725.0,19678.92578125,7970.35546875,3760.0,4900.0,43000.0,2437.97705078125,4514.53515625,4150.0,10448.2353515625
2025-04-24,8475.0,19703.6796875,7695.515625,3730.0,4890.0,43100.0,2437.97705078125,4467.70361328125,4170.0,10741.1767578125
2025-04-25,8600.0,19753.185546875,7795.45751953125,3740.0,4900.0,42250.0,2410.16748046875,4552.0,4200.0,10741.1767578125
2025-04-26,8600.0,19753.185546875,7795.45751953125,3740.0,4900.0,42250.0,2410.16748046875,4552.0,4200.0,10741.1767578125
2025-04-27,8600.0,19753.185546875,7795.45751953125,3740.0,4900.0,42250.0,2410.16748046875,4552.0,4200.0,10741.1767578125
2025-04-28,8775.0,19777.939453125,7795.45751953125,3840.0,4920.0,44850.0,2373.087890625,4580.09912109375,4190.0,10741.1767578125
2025-04-29,8725.0,19678.92578125,7670.5302734375,3850.0,4940.0,45875.0,2400.8974609375,4495.802734375,4140.0,10985.2939453125
2025-04-30,8825.0,19579.912109375,7870.41357421875,3850.0,4890.0,45500.0,2447.246826171875,4495.802734375,4180.0,11082.94140625
2025-05-01,8825.0,19579.912109375,7870.41357421875,3850.0,4890.0,45500.0,2447.246826171875,4495.802734375,4180.0,11082.94140625
2025-05-02,8975.0,19703.6796875,8644.9619140625,3880.0,4960.0,45900.0,2484.326416015625,4486.4365234375,4200.0,10741.1767578125
2025-05-03,8975.0,19703.6796875,8644.9619140625,3880.0,4960.0,45900.0,2484.326416015625,4486.4365234375,4200.0,10741.1767578125
2025-05-04,8975.0,19703.6796875,8644.9619140625,3880.0,4960.0,45900.0,2484.326416015625,4486.4365234375,4200.0,10741.1767578125
2025-05-05,8975.0,19406.638671875,8644.9619140625,3860.0,4980.0,46300.0,2502.8662109375,4477.0703125,4210.0,10936.470703125
2025-05-06,9025.0,19951.212890625,8694.93359375,3880.0,4980.0,48200.0,2484.326416015625,4448.97119140625,4180.0,11009.7060546875
2025-05-07,9075.0,20025.47265625,9019.744140625,3910.0,4950.0,48700.0,2428.707275390625,4523.9013671875,4160.0,10814.412109375
2025-05-08,8975.0,20025.47265625,8869.8310546875,3790.0,4790.0,48250.0,2382.35791015625,4477.0703125,4120.0,11131.7646484375
2025-05-09,9000.0,20000.720703125,8520.03515625,3840.0,4770.0,49325.0,2410.16748046875,4477.0703125,4100.0,10936.470703125
2025-05-10,9000.0,20000.720703125,8520.03515625,3840.0,4770.0,49325.0,2410.16748046875,4477.0703125,4100.0,10936.470703125
2025-05-11,9000.0,20000.720703125,8520.03515625,3840.0,4770.0,49325.0,2410.16748046875,4477.0703125,4100.0,10936.470703125
2025-05-12,9000.0,20000.720703125,8520.03515625,3840.0,4770.0,49325.0,2410.16748046875,4477.0703125,4100.0,10936.470703125
2025-05-13,9000.0,20000.720703125,8520.03515625,3840.0,4770.0,49325.0,2410.16748046875,4477.0703125,4100.0,10936.470703125
2025-05-14,9275.0,19901.70703125,9044.7294921875,4090.0,5050.0,49900.0,2400.8974609375,4505.1689453125,4370.0,10912.05859375
2025-05-15,9275.0,19777.939453125,9019.744140625,4270.0,5325.0,50400.0,2465.78662109375,4514.53515625,4500.0,10790.0
2025-05-16,9300.0,19802.693359375,9219.626953125,4250.0,5475.0,49925.0,2539.945556640625,4570.732421875,4500.0,10814.412109375
2025-05-17,9300.0,19802.693359375,9219.626953125,4250.0,5475.0,49925.0,2539.945556640625,4570.732421875,4500.0,10814.412109375
2025-05-18,9300.0,19802.693359375,9219.626953125,4250.0,5475.0,49925.0,2539.945556640625,4570.732421875,4500.0,10814.412109375
2025-05-19,9500.0,19827.447265625,9144.6708984375,4230.0,5525.0,50700.0,2614.104736328125,4626.93017578125,4460.0,10692.3525390625
2025-05-20,9475.0,19753.185546875,9569.423828125,4210.0,5400.0,51000.0,2539.945556640625,4552.0,4450.0,10497.05859375
2025-05-21,9700.0,19753.185546875,9494.466796875,4260.0,5450.0,50825.0,2549.215576171875,4670.0,4520.0,10570.2939453125
2025-05-22,9650.0,19753.185546875,9519.453125,4300.0,5450.0,51800.0,2595.56494140625,4630.0,4470.0,10545.8828125
2025-05-23,9675.0,19777.939453125,10543.85546875,4350.0,5425.0,52700.0,2493.59619140625,4740.0,4510.0,10570.2939453125
2025-05-24,9675.0,19777.939453125,10543.85546875,4350.0,5425.0,52700.0,2493.59619140625,4740.0,4510.0,10570.2939453125
2025-05-25,9675.0,19777.939453125,10543.85546875,4350.0,5425.0,52700.0,2493.59619140625,4740.0,4510.0,10570.2939453125
2025-05-26,9625.0,19777.939453125,9744.3212890625,4320.0,5475.0,53900.0,2595.56494140625,4730.0,4500.0,10765.587890625
2025-05-27,9450.0,19753.185546875,9794.29296875,4370.0,5400.0,53675.0,2623.37451171875,4700.0,4530.0,10863.2353515625
2025-05-28,9400.0,19703.6796875,9319.5693359375,4450.0,5300.0,54000.0,2614.104736328125,4850.0,4490.0,10643.529296875
2025-05-29,9400.0,19703.6796875,9319.5693359375,4450.0,5300.0,54000.0,2614.104736328125,4850.0,4490.0,10643.529296875
2025-05-30,9400.0,19703.6796875,9319.5693359375,4450.0,5300.0,54000.0,2614.104736328125,4850.0,4490.0,10643.529296875
2025-05-31,9400.0,19703.6796875,9319.5693359375,4450.0,5300.0,54000.0,2614.104736328125,4850.0,4490.0,10643.529296875
2025-06-01,9400.0,19703.6796875,9319.5693359375,4450.0,5300.0,54000.0,2614.104736328125,4850.0,4490.0,10643.529296875
2025-06-02,9100.0,19654.173828125,9294.583984375,4200.0,5075.0,55250.0,2577.025146484375,4780.0,4370.0,10545.8828125
2025-06-03,9050.0,19654.173828125,9119.685546875,4200.0,5050.0,55800.0,2595.56494140625,4700.0,4370.0,10375.0
2025-06-04,8975.0,19579.912109375,9219.626953125,4080.0,5025.0,56100.0,2614.104736328125,4610.0,4300.0,10570.2939453125
2025-06-05,8925.0,19579.912109375,9569.423828125,4100.0,5075.0,56800.0,2632.64453125,4610.0,4420.0,10448.2353515625
2025-06-06,8925.0,19579.912109375,9569.423828125,4100.0,5075.0,56800.0,2632.64453125,4610.0,4420.0,10448.2353515625
2025-06-07,8925.0,19579.912109375,9569.423828125,4100.0,5075.0,56800.0,2632.64453125,4610.0,4420.0,10448.2353515625
2025-06-08,8925.0,19579.912109375,9569.423828125,4100.0,5075.0,56800.0,2632.64453125,4610.0,4420.0,10448.2353515625
2025-06-09,8925.0,19579.912109375,9569.423828125,4100.0,5075.0,56800.0,2632.64453125,4610.0,4420.0,10448.2353515625
2025-06-10,9100.0,19579.912109375,10518.8701171875,4150.0,5250.0,57300.0,2697.533447265625,4600.0,4520.0,10399.412109375
2025-06-11,9050.0,19604.666015625,10244.0302734375,4070.0,5200.0,57200.0,2800.0,4610.0,4540.0,10448.2353515625
2025-06-12,9125.0,19753.185546875,9894.234375,4070.0,5175.0,58500.0,2780.0,4560.0,4540.0,10423.8232421875
2025-06-13,9025.0,19802.693359375,9994.17578125,4000.0,5150.0,59200.0,2740.0,4570.0,4540.0,10350.587890625
2025-06-14,9025.0,19802.693359375,9994.17578125,4000.0,5150.0,59200.0,2740.0,4570.0,4540.0,10350.587890625
2025-06-15,9025.0,19802.693359375,9994.17578125,4000.0,5150.0,59200.0,2740.0,4570.0,4540.0,10350.587890625
2025-06-16,8925.0,19505.65234375,9894.234375,3990.0,5150.0,59700.0,2740.0,4610.0,4400.0,10326.1767578125
2025-06-17,9075.0,19381.88671875,10219.044921875,3960.0,5100.0,59500.0,2760.0,4600.0,4360.0,10375.0
2025-06-18,8900.0,19357.1328125,10318.986328125,3940.0,5075.0,58700.0,2770.0,4590.0,4300.0,10399.412109375
2025-06-19,8775.0,19505.65234375,9769.306640625,3800.0,4970.0,58950.0,2690.0,4530.0,4130.0,10204.1171875
2025-06-20,8700.0,19579.912109375,9650.0,3790.0,4930.0,59650.0,2640.0,4490.0,4110.0,10179.7060546875
2025-06-21,8700.0,19579.912109375,9650.0,3790.0,4930.0,59650.0,2640.0,4490.0,4110.0,10179.7060546875
2025-06-22,8700.0,19579.912109375,9650.0,3790.0,4930.0,59650.0,2640.0,4490.0,4110.0,10179.7060546875
2025-06-23,8625.0,19579.912109375,9375.0,3720.0,4920.0,56125.0,2580.0,4430.0,4060.0,9715.8828125
2025-06-24,8775.0,19604.666015625,9750.0,3780.0,5025.0,54250.0,2590.0,4470.0,4140.0,9984.412109375
2025-06-25,8600.0,19357.1328125,9500.0,3760.0,4880.0,56075.0,2620.0,4470.0,4110.0,9984.412109375
2025-06-26,8650.0,19357.1328125,9675.0,3830.0,5025.0,55200.0,2710.0,4450.0,4120.0,9911.1767578125
2025-06-27,8650.0,19357.1328125,9675.0,3830.0,5025.0,55200.0,2710.0,4450.0,4120.0,9911.1767578125
2025-06-28,8650.0,19357.1328125,9675.0,3830.0,5025.0,55200.0,2710.0,4450.0,4120.0,9911.1767578125
2025-06-29,8650.0,19357.1328125,9675.0,3830.0,5025.0,55200.0,2710.0,4450.0,4120.0,9911.1767578125
2025-06-30,8675.0,19604.666015625,9875.0,3740.0,4880.0,53575.0,2780.0,4500.0,4120.0,10252.94140625
2025-07-01,8700.0,19703.6796875,10000.0,3700.0,4750.0,53050.0,2810.0,4450.0,4010.0,10375.0
2025-07-02,8675.0,19530.40625,10100.0,3680.0,4770.0,54300.0,2780.0,4540.0,4020.0,10500.0
2025-07-03,8600.0,19604.666015625,9975.0,3680.0,4740.0,54625.0,2710.0,4570.0,3970.0,10750.0
2025-07-04,8650.0,19555.16015625,9800.0,3670.0,4740.0,55600.0,2630.0,4620.0,4000.0,10650.0
2025-07-05,8650.0,19555.16015625,9800.0,3670.0,4740.0,55600.0,2630.0,4620.0,4000.0,10650.0
2025-07-06,8650.0,19555.16015625,9800.0,3670.0,4740.0,55600.0,2630.0,4620.0,4000.0,10650.0
2025-07-07,8625.0,19800.0,9775.0,3700.0,4740.0,56000.0,2700.0,4680.0,4000.0,10500.0
2025-07-08,8500.0,19975.0,10175.0,3670.0,4720.0,57000.0,2650.0,4660.0,3970.0,10500.0
2025-07-09,8500.0,19675.0,10050.0,3680.0,4710.0,56700.0,2670.0,4720.0,4000.0,10525.0
2025-07-10,8600.0,19375.0,9900.0,3870.0,4820.0,55575.0,2690.0,4680.0,4110.0,10450.0
2025-07-11,8625.0,19575.0,9800.0,3880.0,4970.0,53775.0,2730.0,4710.0,4180.0,10325.0
2025-07-12,8625.0,19575.0,9800.0,3880.0,4970.0,53775.0,2730.0,4710.0,4180.0,10325.0
2025-07-13,8625.0,19575.0,9800.0,3880.0,4970.0,53775.0,2730.0,4710.0,4180.0,10325.0
2025-07-14,8525.0,19400.0,10025.0,3780.0,4690.0,60000.0,2690.0,4700.0,4040.0,10400.0
2025-07-15,8550.0,19600.0,9750.0,3880.0,4700.0,62200.0,2640.0,4700.0,4050.0,10400.0
2025-07-16,8525.0,19400.0,9575.0,3880.0,4690.0,64600.0,2650.0,4750.0,4130.0,10350.0
2025-07-17,8525.0,19200.0,9675.0,3890.0,4720.0,66000.0,2770.0,4790.0,4110.0,10350.0
2025-07-18,8425.0,19000.0,9400.0,3860.0,4740.0,65700.0,2770.0,4750.0,4120.0,10400.0
2025-07-19,8425.0,19000.0,9400.0,3860.0,4740.0,65700.0,2770.0,4750.0,4120.0,10400.0
2025-07-20,8425.0,19000.0,9400.0,3860.0,4740.0,65700.0,2770.0,4750.0,4120.0,10400.0
2025-07-21,8450.0,19025.0,9325.0,3830.0,4680.0,65100.0,2800.0,4760.0,4070.0,10500.0
2025-07-22,8400.0,19225.0,8825.0,3840.0,4660.0,64800.0,2850.0,4690.0,4050.0,10350.0
2025-07-23,8425.0,19200.0,9050.0,3800.0,4680.0,65500.0,2850.0,4950.0,4100.0,10450.0
2025-07-24,8500.0,19125.0,9100.0,3950.0,4800.0,65100.0,2840.0,5050.0,4220.0,10350.0
2025-07-25,8450.0,19100.0,9225.0,3880.0,4690.0,66000.0,2820.0,5000.0,4090.0,10550.0
2025-07-26,8450.0,19100.0,9225.0,3880.0,4690.0,66000.0,2820.0,5000.0,4090.0,10550.0
2025-07-27,8450.0,19100.0,9225.0,3880.0,4690.0,66000.0,2820.0,5000.0,4090.0,10550.0
2025-07-28,8500.0,19025.0,9425.0,3940.0,4700.0,65900.0,2860.0,5100.0,4210.0,10225.0
2025-07-29,8400.0,18900.0,9400.0,3920.0,4710.0,65700.0,2880.0,5100.0,4150.0,10000.0
2025-07-30,8375.0,18725.0,9275.0,3780.0,4620.0,65175.0,2880.0,5150.0,4120.0,9925.0
2025-07-31,8275.0,18600.0,9275.0,3710.0,4510.0,64800.0,2880.0,5100.0,4010.0,9800.0
2025-08-01,8300.0,18600.0,9600.0,3740.0,4530.0,64950.0,2980.0,5000.0,4010.0,9900.0
2025-08-02,8300.0,18600.0,9600.0,3740.0,4530.0,64950.0,2980.0,5000.0,4010.0,9900.0
2025-08-03,8300.0,18600.0,9600.0,3740.0,4530.0,64950.0,2980.0,5000.0,4010.0,9900.0
2025-08-04,8275.0,18600.0,9200.0,3710.0,4620.0,65000.0,3030.0,5025.0,4010.0,9550.0
2025-08-05,8425.0,18500.0,9050.0,3740.0,4750.0,65900.0,3030.0,5025.0,4220.0,9575.0
2025-08-06,8300.0,18425.0,9000.0,3710.0,4700.0,66400.0,2990.0,4900.0,4100.0,9550.0
2025-08-07,8300.0,18425.0,9025.0,3710.0,4680.0,65500.0,2950.0,4960.0,4120.0,9500.0
